unnamed_0,dbn,district,school_name,school,principal,progress_report_type,school_type,peerindex,overallgrade,overallscore2012,overallpercentile2012,progressscore2012,progressgrade2012,performancescore2012,performancegrade2012,environmentscore2012,environmentgrade2012,additionalcredit2012,201011_progress_report_grade,200910_progress_report_grade,parentresponserate,teacherresponserate,studentresponserate,safetyscore,communicationscore,engagementscore,expectationsscore
0,03M185,3,P.S. 185 - The Early Childhood Discovery And Desig,P.S. 185 John M. Langston,Jane Murphy,EC,Early Childhood School,61.11,B,41.5,,14.2,C,14.6,B,9.7,B,3,C,C,0.9,1,,8.7,8,8.3,8.4
1,04M112,4,P.S. 112 Jose Celso Barbosa,P.S. 112 Jose Celso Barbosa,Eileen Reiter,EC,Early Childhood School,63.85,B,42.6,,16.5,C,11.1,C,8.8,B,6.2,A,B,0.98,1,,8.2,8.1,8.1,8.4
2,06M178,6,Professor Juan Bosch Public School,Professor Juan Bosch Public School,Deirdre Budd,EC,Early Childhood School,54.84,C,38.5,,13.8,C,7.1,F,11.2,B,6.3,B,B,1,1,,9,8.5,8.6,8.7
3,09X088,9,P.S. X088 - S. Silverstein Little Sparrow School,P.S. X088 - S. Silverstein Little Sparrow School,Melinda Hyer,EC,Early Childhood School,67.3,B,47.1,,17,B,16.1,B,10.1,B,3.9,B,B,0.35,0.36,,8.5,7.4,7.6,8
4,09X170,9,P.S. 170,P.S. 170,Nancy Ramos,EC,Early Childhood School,59.63,B,41.5,,12.1,C,13.5,C,12.9,A,3,B,B,0.8,0.86,,9.5,8.7,9,9.2
5,09X236,9,P.S. 236 Langston Hughes,P.S. 236 Langston Hughes,Beverly Ellis,EC,Early Childhood School,67.98,C,36.3,,12.8,C,9.7,C,8.9,B,4.8,C,B,0.83,0.94,,8.3,8.2,8.1,8.2
6,09X449,9,Grant Avenue Elementary School,GRANT AVENUE ELEMENTARY SCHOOL,Kristin Erat,EC,Early Childhood School,65.17,B,48.5,,16.4,C,16.5,B,12.7,A,2.9,.,.,0.86,0.88,,9.3,8.9,9.2,9.2
7,10X023,10,P.S. 023 The New Children'S School,P.S. 023 The New Children's School,Shirley Torres,EC,Early Childhood School,73.2,C,38.5,,15.7,C,7.7,F,9.2,B,5.8,B,C,0.57,0.98,,7.9,7.6,7.8,8.2
8,10X207,10,P.S. 207,P.S. 207,Maria Rosado,EC,Early Childhood School,63.02,B,41.2,,15.8,C,13.2,C,7.9,C,4.2,C,C,0.71,0.83,,8.7,7.8,7.8,8.1
9,10X209,10,P.S. 209,P.S. 209,Anne Keegan,EC,Early Childhood School,67.47,A,60.8,,22,B,20.3,A,14.4,A,4.1,B,A,0.93,1,,9.5,8.8,9.1,9.4
10,11X169,11,Baychester Academy,BAYCHESTER ACADEMY,Cristine Vaughan,EC,Early Childhood School,54.07,C,29.3,,7.6,F,10,C,10.4,B,1.3,.,.,0.8,1,,8.8,8.1,8.1,8.4
11,17K249,17,P.S. 249 The Caton,P.S. 249 The Caton,Ms. Elisa Brown,EC,Early Childhood School,57.87,A,67,,25.5,A,23.3,A,12.9,A,5.3,A,A,1,0.96,,9.2,8.9,9.1,9.2
12,20K682,20,The Academy Of Talented Scholars,THE ACADEMY OF TALENTED SCHOLARS,Josephin Sportella-Giust,EC,Early Childhood School,18.77,D,23.2,,7,F,7,F,7.8,C,1.4,.,.,0.92,1,,8.5,7.5,8.1,8.1
13,20K686,20,Brooklyn School Of Inquiry,BROOKLYN SCHOOL OF INQUIRY,Donna Taylor,EC,Early Childhood School,8.62,A,61,,24.4,A,22.6,A,12.4,A,1.5,.,.,0.95,1,,9.4,8.8,9.1,9
14,22K361,22,P.S. 361 East Flatbush Early Childhood School,P.S. 361 East Flatbush Early Childhood School,Dianne S. Martin,EC,Early Childhood School,58.44,D,22.5,,6.8,F,5.9,F,7.4,C,2.3,C,C,0.42,0.81,,8,7,7.5,7.7
15,24Q007,24,P.S. 007 Louis F. Simeone,P.S. 007 Louis F. Simeone,Sara Tucci,EC,Early Childhood School,35.55,B,43.4,,16.3,C,16.6,B,6.4,C,4.1,B,B,0.55,0.73,,7.9,6.5,6.5,6.8
16,24Q028,24,P.S. 28 - The Thomas Emanuel Early Childhood Cente,P.S. 28 - The Thomas Emanuel Early Childhood Cen,Laura Pessutti,EC,Early Childhood School,59.84,B,50.6,,18,B,12.3,C,13.1,A,7.2,B,A,0.84,1,,9.2,8.2,8.4,8.6
17,24Q305,24,Learners And Leaders,Learners and Leaders,Lynn Botfeld,EC,Early Childhood School,58.42,B,47.6,,15,C,18.1,B,10.8,B,3.7,C,.,0.84,1,,8.5,8.1,8.2,8.2
18,25Q130,25,P.S. 130,P.S. 130,Michelle Contratti,EC,Early Childhood School,17.92,A,66.6,,28.9,A,24.8,A,9.5,B,3.4,A,A,0.72,0.88,,8.9,7.7,8.4,8.5
19,25Q242,25,P.S. 242 Leonard P. Stavisky Early Childhood Schoo,P.S. 242 Leonard P. Stavisky Early Childhood Sch,Patricia Costa,EC,Early Childhood School,27.47,B,54.3,,20.1,B,20.4,A,8.2,C,5.6,A,A,0.78,1,,8.8,6.5,7.7,7.7
20,25Q244,25,The Active Learning Elementary School,The Active Learning Elementary School,Robert Groff,EC,Early Childhood School,25.76,A,65.5,,25.6,A,22.8,A,10,B,7.1,.,.,0.75,0.96,,9,7.8,7.9,8.1
21,28Q182,28,P.S. 182 Samantha Smith,P.S. 182 Samantha Smith,Andrew Todd Topol,EC,Early Childhood School,46.18,C,25.4,,7.6,F,7.1,F,6.7,C,4,C,D,0.55,0.66,,7.7,7.5,7.6,7.7
22,28Q303,28,The Academy For Excellence Through The Arts,The Academy for Excellence through the Arts,Barbara Leto,EC,Early Childhood School,13.68,A,68.2,,29,A,22.9,A,14.4,A,1.9,.,.,0.91,1,,9.5,8.7,9.1,9.3
23,29Q251,29,P.S. 251 Queens,P.S. 251 Queens,Edna Loncke,EC,Early Childhood School,49.08,B,39.3,,15,C,14.4,B,7.1,C,2.8,B,C,0.85,0.96,,7.6,7.1,7.3,7.5
24,30Q222,30,P.S. Q222 - Fire Fighter Christopher A. Santora Sc,P.S. Q222 - Fire Fighter Christopher A. Santora,Yvonne Marrero,EC,Early Childhood School,51.07,A,59.5,,24.7,A,19.6,B,9.4,B,5.8,B,A,0.82,1,,8.4,7.6,7.7,7.8
25,30Q228,30,P.S. 228 Early Childhood Magnet School Of The Arts,P.S. 228 Early Childhood Magnet School of the Ar,Olga Guzman,EC,Early Childhood School,63.11,A,59.1,,20.1,B,18.6,B,14.1,A,6.3,A,A,0.77,0.53,,9.4,8.7,8.8,8.8
26,84K379,84,Explore Excel Charter School,Explore Excel Charter School,Ethan Mitnick,EC,Early Childhood School,52.44,,.,,.,,.,,.,,.,.,.,0.73,0.95,,8.1,8.1,7.6,8.1
27,84K711,84,Leadership Preparatory Brownsville Charter School,Leadership Preparatory Brownsville Charter Schoo,Darcy Richie,EC,Early Childhood School,56.88,B,40.1,,12,C,12.7,C,13.8,A,1.6,.,.,0.57,0.96,,9.1,9,8.8,9.2
28,84K712,84,Excellence Girls Charter School,Excellence Girls Charter School,Celestina De La Garza,EC,Early Childhood School,50.08,A,55.8,,18.9,B,22,A,14.4,A,0.5,.,.,0.76,1,,9.3,8.8,8.7,9.1
29,84K734,84,The Ethical Community Charter School (Teccs),The Ethical Community Charter School (TECCS),Ann Mooney,EC,Early Childhood School,53.62,C,23.9,,6.2,F,7.7,F,8.9,B,1.1,.,.,0.59,0.4,,8.1,8,7.9,8.1
30,84K737,84,Brownsville Ascend Charter School,Brownsville Ascend Charter School,Kelly Bowers/Angela Beal,EC,Early Childhood School,52.68,B,46.5,,16.5,C,17.5,B,10.8,B,1.7,.,.,0.83,0.96,,8.3,7.9,7.9,8.2
31,84K746,84,Hebrew Language Academy Charter School,Hebrew Language Academy Charter School,Laura Silver,EC,Early Childhood School,32.27,C,24.8,,7.6,F,12.9,C,2.7,F,1.6,.,.,0.81,0.78,,7.4,6.7,6.9,7
32,84K797,84,New Hope Academy Charter School,New Hope Academy Charter School,Keishea Allen,EC,Early Childhood School,52.66,C,38.8,,13.5,C,14.6,B,9.6,B,1.1,.,.,0.81,0.52,,8.2,7.4,7.7,7.8
33,84M483,84,New York French American Charter School,New York French American Charter School,Stephen V. Peters,EC,Early Childhood School,39.4,C,24.8,,7.8,F,11.4,C,3.5,F,2.1,.,.,0.5,0.62,,7.1,6.4,5.9,6.1
34,84Q321,84,Growing Up Green Charter School,Growing Up Green Charter School,Matthew Greenberg,EC,Early Childhood School,32.89,C,29,,7,F,9.8,C,10.3,B,1.9,.,.,0.44,0.92,,8.8,8.3,8.4,8.5
35,84X461,84,Metropolitan Lighthouse Charter School,Metropolitan Lighthouse Charter School,Courtney Russell,EC,Early Childhood School,55.85,C,35.1,,12.2,C,10.9,C,9,B,3,.,.,0.56,1,,7.6,7.6,7.6,7.8
36,84X487,84,Girls Preparatory Charter School Of The Bronx,Girls Preparatory Charter School of the Bronx,Josie Carbone,EC,Early Childhood School,58.02,C,36.4,,11.4,C,11,C,12.8,A,1.2,.,.,0.81,1,,9.2,8.7,8.7,9.1
37,84X491,84,Academic Leadership Charter School,Academic Leadership Charter School,Norma Hurwitz,EC,Early Childhood School,57.22,A,58.6,,22.9,B,19.3,B,11.5,B,4.8,.,.,0.92,1,,8.8,8.5,8.5,8.9
38,01M015,1,P.S. 015 Roberto Clemente,P.S. 015 Roberto Clemente,Irene Sanchez,EMS,Elementary School,73.38,C,39,14.6,14.7,F,10.6,C,11.3,A,2.4,C,C,0.61,0.92,,8.4,8.2,8.3,8.2
39,01M019,1,P.S. 019 Asher Levy,P.S. 019 Asher Levy,Jacqueline Flanagan,EMS,Elementary School,47.89,B,55.9,55.6,35.4,B,8.9,C,8,B,3.6,B,C,0.92,0.94,,8.4,8,8,8.2
40,01M020,1,P.S. 020 Anna Silver,P.S. 020 Anna Silver,James Lee,EMS,Elementary School,52.38,C,40.2,16.6,19.6,D,7.6,D,10.3,A,2.7,B,A,0.88,0.73,,8.5,7.8,8.2,8.2
41,01M034,1,P.S. 034 Franklin D. Roosevelt,P.S. 034 Franklin D. Roosevelt,Joyce Stallings Harte,EMS,Elementary/Middle School,67.83,A,67.5,82.5,35.4,B,19.3,A,8.4,B,4.4,C,B,0.39,0.58,0.96,7.3,6.9,7.3,7.7
42,01M063,1,P.S. 063 William Mckinley,P.S. 063 William McKinley,Darlene Despeignes,EMS,Elementary School,59.43,B,59.3,62.6,32.7,B,13.3,B,8.5,B,4.8,B,B,0.58,1,,8.5,7.4,7.6,7.8
43,01M064,1,P.S. 064 Robert Simon,P.S. 064 Robert Simon,Marlon L. Hosang,EMS,Elementary School,60.73,C,48.9,37.2,26.4,C,9.2,C,9.2,B,4.1,C,C,0.5,0.94,,8.6,7.9,8.1,8.2
44,01M110,1,P.S. 110 Florence Nightingale,P.S. 110 Florence Nightingale,Karen Feuer,EMS,Elementary School,36.31,D,34.1,7.9,13.2,F,13,B,6.3,C,1.6,C,D,0.83,0.79,,7.6,6.9,7,7.4
45,01M134,1,P.S. 134 Henrietta Szold,P.S. 134 Henrietta Szold,Loretta Caputo,EMS,Elementary School,52.29,C,38,13.1,19.8,D,10.4,C,5.3,C,2.5,C,B,0.49,0.55,,7.7,7,7.5,7.4
46,01M137,1,P.S. 137 John L. Bernstein,P.S. 137 John L. Bernstein,Melissa Rodriguez,EMS,Elementary School,61.67,C,44.3,23.9,30.2,B,6.8,D,2.7,F,4.6,F,C,0.66,0.82,,7.3,6.6,6.7,7.1
47,01M140,1,P.S. 140 Nathan Straus,P.S. 140 Nathan Straus,Esteban Barrientos,EMS,Elementary/Middle School,64.64,C,49.9,37.5,25.7,C,12.5,C,8.1,B,3.6,D,B,0.58,0.94,0.98,7.5,6.7,7,7.3
48,01M142,1,P.S. 142 Amalia Castro,P.S. 142 Amalia Castro,Rhonda Levy,EMS,Elementary School,62.7,B,53.8,50.3,27,C,13,B,9.8,A,3.9,C,B,0.8,0.97,,8.4,7.9,8.1,8.2
49,01M184,1,P.S. 184M Shuang Wen,P.S. 184m Shuang Wen,"Iris Chiu, I.A.",EMS,Elementary/Middle School,19.3,A,69.1,83.1,38.6,A,21.4,A,6.4,C,2.7,A,A,0.64,0.47,0.99,7.7,6.2,6.7,7.2
50,01M188,1,P.S. 188 The Island School,P.S. 188 The Island School,Mary Pree,EMS,Elementary/Middle School,71.58,A,65.4,77.5,31.5,B,17.7,A,11.5,A,4.7,A,C,0.45,0.75,0.97,8.3,8,8.3,8.5
51,01M292,1,Henry Street School For International Studies,Henry Street School for International Studies,Erin Mcmahon,EMS,Middle/High School,1.82,C,39,12.7,23.2,C,7.4,D,5.7,C,2.7,C,C,0.26,0.97,0.79,6.9,6.4,6.8,7
52,01M292,1,Henry Street School For International Studies,Henry Street School for International Studies,Erin Mcmahon,HS,Middle/High School,1.72,C,50.6,15,28.4,C,6.6,F,7.5,C,4.3,C,D,0.26,0.97,0.79,6.9,6.4,6.8,7
53,01M301,1,"Technology, Arts, And Sciences Studio","Technology, Arts, and Sciences Studio",George Morgan,EMS,Middle School,2.04,B,62.3,68.2,32.2,B,17.9,A,8.6,B,3.6,B,C,0.36,0.8,0.83,7.3,7.3,7.4,7.7
54,01M315,1,The East Village Community School,The East Village Community School,Robin Williams,EMS,Elementary School,31.48,B,61.3,67.4,30.5,B,19.3,A,9.4,B,2.1,C,C,0.66,1,,8.6,8.4,8.5,8.6
55,01M332,1,University Neighborhood Middle School,University Neighborhood Middle School,Laura Peynado,EMS,Middle School,1.94,B,52.8,44.8,24.5,C,12,C,13,A,3.3,C,B,0.89,1,0.94,8.2,7.8,8.3,8.6
56,01M345,1,"Collaborative Academy Of Science, Technology, & La","Collaborative Academy of Science, Technology, &",Judith De Los Santos,EMS,Middle School,2.38,C,45.7,24.9,23.4,C,16.1,B,2.9,F,3.3,B,B,0.43,0.67,0.91,6.7,5.6,6.6,6.6
57,01M361,1,The Children'S Workshop School,The Children's Workshop School,Maria Velez Clarke,EMS,Elementary School,32.59,C,38.3,14.1,19.1,D,6.5,D,10.1,A,2.6,B,C,0.32,0.48,,8.8,8.1,8.6,8.4
58,01M363,1,Neighborhood School,Neighborhood School,Milo Novelo,EMS,Elementary School,31.97,D,34.9,9.2,10.8,F,12.4,B,8.5,B,3.1,C,C,0.7,0.75,,8.5,7.8,8.4,8.1
59,01M364,1,Earth School,Earth School,Alison Gail Hazut,EMS,Elementary School,31.56,C,48,35.6,19.5,D,12.7,B,11.7,A,4.1,C,D,0.51,0.72,,9,8.5,8.9,8.7
60,01M378,1,School For Global Leaders,School for Global Leaders,Carry Chan,EMS,Middle School,2.33,B,64.3,72.1,32.1,B,19.8,A,8.4,B,4,B,B,0.83,1,0.99,7.6,6.7,7,7.8
61,01M450,1,East Side Community School,East Side Community School,Mark Federman,EMS,Middle/High School,2.17,A,74.4,87.9,35.9,B,22,A,11.8,A,4.7,A,A,0.29,0.85,0.82,8,7.6,7.9,8.2
62,01M450,1,East Side Community School,East Side Community School,Mark Federman,HS,Middle/High School,2.38,A,73.6,75.2,33,B,14.4,A,10.9,A,8,A,A,0.29,0.85,0.82,8,7.6,7.9,8.2
63,01M539,1,"New Explorations Into Science, Technology And Math","New Explorations into Science, Technology and Ma",Dr. Olga Livanis,EMS,Elementary/Middle/High School,10.44,A,70.3,84.4,38.5,A,23.9,A,6.2,C,1.6,A,A,0.6,0.88,0.84,7.8,6.4,6.9,7.5
64,01M539,1,"New Explorations Into Science, Technology And Math","New Explorations into Science, Technology and Math High School",Dr. Olga Livanis,HS,Elementary/Middle/High School,3.52,A,82,92.7,46.6,A,18.8,A,7.5,C,0.1,A,B,0.6,0.88,0.84,7.8,6.4,6.9,7.5
65,01M839,1,Tompkins Square Middle School,Tompkins Square Middle School,Sonhando Estwick,EMS,Middle School,2.67,A,79.3,92.3,41.2,A,23.2,A,11,A,3.9,B,A,0.51,0.69,0.96,8.1,7.2,7.5,7.8
66,02M001,2,P.S. 001 Alfred E. Smith,P.S. 001 Alfred E. Smith,Amy Hom,EMS,Elementary School,37.87,C,48.3,36.2,26.1,C,13.2,B,6.5,C,2.5,B,B,0.72,0.85,,8,6.3,7.1,7.3
67,02M002,2,P.S. 002 Meyer London,P.S. 002 Meyer London,Brett Gustafson,EMS,Elementary School,46.15,A,72,88.9,40.8,A,18.5,A,8.7,B,4,A,A,0.82,0.78,,8.1,7.2,7.3,7.6
68,02M003,2,P.S. 003 Charrette School,P.S. 003 Charrette School,Lisa Siegman,EMS,Elementary School,17.08,C,48.1,35.7,21.3,D,14.7,B,8.8,B,3.2,C,B,0.58,0.77,,8.7,8.5,8.8,8.8
69,02M006,2,P.S. 006 Lillie D. Blake,P.S. 006 Lillie D. Blake,Lauren Fontana,EMS,Elementary School,10.33,B,58.8,61.6,29.3,C,18.9,A,7.2,C,3.4,A,B,0.53,0.78,,8.3,7.5,8.1,8.3
70,02M011,2,P.S. 011 William T. Harris,P.S. 011 William T. Harris,Robert Bender,EMS,Elementary School,27.15,B,61.1,66.7,29.5,C,18.8,A,9.8,A,3,A,A,0.59,0.79,,8.7,8.2,8.5,8.8
71,02M033,2,P.S. 033 Chelsea Prep,P.S. 033 Chelsea Prep,Linore Lindy,EMS,Elementary School,37.56,A,68.3,83.3,36.2,B,17.2,A,12,A,2.9,B,A,0.95,0.88,,8.9,8.5,8.6,8.8
72,02M040,2,P.S. 040 Augustus Saint-Gaudens,P.S. 040 Augustus Saint-Gaudens,Susan Felder,EMS,Elementary School,15.27,B,64.3,74.4,33.4,B,18.1,A,9.3,B,3.5,A,A,0.42,0.51,,8.7,8.2,8.2,8.3
73,02M041,2,P.S. 041 Greenwich Village,P.S. 041 Greenwich Village,Kelly Shannon,EMS,Elementary School,10.81,B,52.9,47.9,22.1,C,16.4,A,11.2,A,3.2,A,B,0.79,0.98,,8.9,8.4,8.6,8.7
74,02M042,2,P.S. 042 Benjamin Altman,P.S. 042 Benjamin Altman,Rosa Casiello O'day,EMS,Elementary School,28.66,A,86.2,98,51.2,A,20.2,A,10.2,A,4.6,A,A,0.9,0.69,,8.8,7.7,8,8
75,02M051,2,P.S. 051 Elias Howe,P.S. 051 Elias Howe,Nancy Sing Bock,EMS,Elementary School,49.67,C,43,22,16,D,13.8,B,10.2,A,3,B,B,0.93,1,,8.8,8.3,8.5,8.7
76,02M059,2,P.S. 059 Beekman Hill International,P.S. 059 Beekman Hill International,Adele Schroeter,EMS,Elementary School,14.61,B,52.2,44.9,21.4,D,17.2,A,11.4,A,2.2,A,B,0.63,0.53,,9.1,8.1,8.8,8.9
77,02M077,2,P.S. 77 Lower Lab School,P.S. 77 Lower Lab School,Mara Ratesic Koetke,EMS,Elementary School,9.27,B,60.1,64.4,28.3,C,21,A,8.8,B,2,A,A,0.95,0.89,,8.4,7.9,7.8,8.5
78,02M089,2,P.S. 89,P.S. 89,Veronica Najjar,EMS,Elementary School,10.99,B,53.2,48.7,25.8,C,17.3,A,7.5,B,2.6,B,B,0.61,0.82,,8.7,7.5,8.1,8.2
79,02M104,2,J.H.S. 104 Simon Baruch,J.H.S. 104 Simon Baruch,Rosemarie Gaetani,EMS,Middle School,3.06,B,60.6,62.2,30.8,C,18.1,A,8.4,B,3.3,B,B,0.77,0.98,0.97,7.5,6.7,7.2,7.6
80,02M111,2,P.S. 111 Adolph S. Ochs,P.S. 111 Adolph S. Ochs,Irma Medina,EMS,Elementary/Middle School,53.79,C,43.7,23.8,24.3,C,10.3,C,4.9,D,4.2,C,B,0.17,0.39,0.77,6.8,6.4,6.7,6.8
81,02M114,2,East Side Middle School,East Side Middle School,David Getz,EMS,Middle School,3.54,A,79.3,92,40.5,A,22.6,A,12.8,A,3.4,A,A,0.73,1,0.99,8.9,7.7,8.4,8.7
82,02M116,2,P.S. 116 Mary Lindley Murray,P.S. 116 Mary Lindley Murray,Jane Hsu,EMS,Elementary School,21.19,C,47.2,33.1,18,D,18.4,A,8.9,B,1.9,C,B,0.46,0.51,,8.6,7.8,8.2,8.4
83,02M124,2,P.S. 124 Yung Wing,P.S. 124 Yung Wing,Alice Hom,EMS,Elementary School,21.55,B,54.6,52.3,26.7,C,19,A,6.8,C,2.1,A,A,1,0.81,,8.1,7,7.2,7.3
84,02M126,2,P.S. 126 Jacob August Riis,P.S. 126 Jacob August Riis,Jacqueline Getz,EMS,Elementary/Middle School,35,A,71.1,85.6,36.8,B,21.2,A,8.6,B,4.5,A,A,0.4,0.66,0.88,7.6,7.1,7.5,7.7
85,02M130,2,P.S. 130 Hernando De Soto,P.S. 130 Hernando De Soto,Lily Woo,EMS,Elementary School,23.15,A,72.3,89.5,37.8,B,19.7,A,11.9,A,2.9,A,A,0.89,1,,9.1,8,8.5,8.5
86,02M131,2,M.S. 131,M.S. 131,Phyllis Tam,EMS,Middle School,2.72,A,68.4,79,42.4,A,13.3,B,8.4,B,4.3,A,B,0.65,0.88,0.96,7.6,6.4,6.9,7.2
87,02M150,2,P.S. 150,P.S. 150,Maggie Siena,EMS,Elementary School,14.16,C,42.6,20.8,16,D,17.2,A,7.2,C,2.1,C,B,0.56,0.64,,8.6,7.4,7.9,7.9
88,02M158,2,P.S. 158 Bayard Taylor,P.S. 158 Bayard Taylor,Darryl Alhadeff,EMS,Elementary School,15.08,B,59.1,62.1,29.5,C,19.4,A,6.2,C,3.9,B,A,0.45,0.68,,8.2,7.3,7.9,8.1
89,02M167,2,J.H.S. 167 Robert F. Wagner,J.H.S. 167 Robert F. Wagner,Jennifer Rehn,EMS,Middle School,3.08,B,63.2,69.6,32.9,B,19.2,A,7.9,B,3.2,A,B,0.65,0.64,0.95,7.5,6.8,7,7.5
90,02M183,2,P.S. 183 Robert L. Stevenson,P.S. 183 Robert L. Stevenson,Jennifer Leventhal,EMS,Elementary School,13.75,B,60.2,64.6,32.7,B,17.3,A,6.8,C,3.4,B,B,0.45,0.6,,8.4,7.4,8,7.7
91,02M198,2,P.S. 198 Isador E. Ida Straus,P.S. 198 Isador E. Ida Straus,Sharon Jeffrey Roebuck,EMS,Elementary School,41.13,D,27.3,3.3,13.4,F,9.6,C,2,F,2.3,C,B,0.92,0.4,,7.1,6.2,6.6,6.8
92,02M212,2,P.S. 212 Midtown West,P.S. 212 Midtown West,Dean Ketchum,EMS,Elementary School,20.06,B,54.1,51.5,20.1,D,20.5,A,11.3,A,2.1,B,A,0.98,0.91,,9,8.5,8.9,8.8
93,02M217,2,P.S./I.S. 217 Roosevelt Island,P.S./I.S. 217 Roosevelt Island,Mandana Beckman,EMS,Elementary/Middle School,28.31,D,33.2,6.9,15.1,F,9.3,D,5.8,C,3,D,B,0.46,0.83,0.94,7.8,6.8,7.1,7.5
94,02M225,2,Ella Baker School,Ella Baker School,Laura Garcia,EMS,Elementary/Middle School,40.22,C,47.7,33.8,22.4,D,16.1,A,7.1,C,2.1,C,B,0.34,0.9,0.96,8.3,7.5,7.9,8
95,02M234,2,P.S. 234 Independence School,P.S. 234 Independence School,Lisa Ripperger,EMS,Elementary School,9.23,C,29.9,4.4,8.9,F,12,C,7.2,C,1.8,A,B,0.69,0.85,,8.7,7.2,8,8
96,02M255,2,M.S. 255 Salk School Of Science,M.S. 255 Salk School of Science,Rhonda Perry,EMS,Middle School,3.56,A,73.2,85.9,37.2,B,21.2,A,12.2,A,2.5,A,B,0.58,0.84,0.98,8.7,8.1,8.5,9
97,02M260,2,M.S. 260 Clinton School Writers & Artists,M.S. 260 Clinton School Writers & Artists,Jonathan Levin,EMS,Middle School,2.91,A,68.2,78.2,33.3,B,22.4,A,9,B,3.5,B,A,0.5,0.88,0.9,8.1,6.7,7.1,7.7
98,02M276,2,Battery Park City School,BATTERY PARK CITY SCHOOL,Theresa Ruyter,EMS,Elementary/Middle School,13.23,C,46.9,31.9,18.6,D,15,B,9,B,4.3,A,.,0.65,0.88,0.94,8.4,7.7,8,8.3
99,02M289,2,I.S. 289,I.S. 289,Ellen Foote,EMS,Middle School,3.2,C,50.3,36.5,18.9,D,18.9,A,9.6,B,2.9,B,B,0.45,0.84,0.95,8.2,6.9,7.3,7.6
100,02M290,2,P.S. 290 Manhattan New School,P.S. 290 Manhattan New School,Sharon Hill,EMS,Elementary School,10.06,A,68.6,84.4,35.3,B,18,A,12.5,A,2.7,A,A,0.68,0.93,,9.1,8.6,8.8,9
101,02M312,2,New York City Lab Middle School For Collaborative,New York City Lab Middle School for Collaborativ,Megan Adams,EMS,Middle School,3.61,A,70.2,82.6,33.6,B,21.9,A,11.6,A,3.1,A,A,0.6,0.97,0.99,8.4,7.4,7.8,8.2
102,02M347,2,The 47 American Sign Language & English Lower Scho,The 47 American Sign Language & English Lower Sc,David Bowell,EMS,Elementary/Middle School,68.03,C,42.4,20,17.4,F,14.4,B,7.9,B,2.6,A,B,0.32,0.78,0.95,7.4,7,7,7.6
103,02M407,2,Institute For Collaborative Education,Institute for Collaborative Education,John Pettinato,EMS,Middle/High School,3.51,C,31.4,7.7,6,F,14.8,B,9.5,B,1.1,B,C,0.3,0.96,0.88,8.1,8.1,8.2,8.5
104,02M407,2,Institute For Collaborative Education,Institute for Collaborative Education,John Pettinato,HS,Middle/High School,2.58,A,73.5,74.9,43.4,A,10.5,C,12.9,A,2.9,A,B,0.3,0.96,0.88,8.1,8.1,8.2,8.5
105,02M408,2,Professional Performing Arts High School,Professional Performing Arts High School,Keith Ryan,EMS,Middle/High School,3.74,B,58.6,58.6,30.4,C,21.4,A,5.8,C,1,B,A,0.45,1,0.81,7.8,6.9,7.3,7.6
106,02M408,2,Professional Performing Arts High School,Professional Performing Arts High School,Keith Ryan,HS,Middle/High School,3.16,B,65.6,51.3,33.9,B,16.1,A,8.5,C,1.1,B,A,0.45,1,0.81,7.8,6.9,7.3,7.6
107,02M413,2,School Of The Future High School,School of the Future High School,Stacy Paige Goldstein,EMS,Middle/High School,3.14,C,46.9,27.9,14.5,D,20.7,A,9.8,A,1.9,A,B,0.46,0.92,0.92,8,7,7.4,7.8
108,02M413,2,School Of The Future High School,School of the Future High School,Stacy Paige Goldstein,HS,Middle/High School,2.8,A,71,69.3,38.7,A,13.5,B,10.4,B,2.4,B,A,0.46,0.92,0.92,8,7,7.4,7.8
109,02M422,2,Quest To Learn,Quest to Learn,Elisa Aragon,EMS,Middle School,2.72,B,58,56.9,27.6,C,17.8,A,8.5,B,4.1,B,.,0.41,0.95,0.93,7.5,7.2,7.5,7.6
110,02M442,2,"Ballet Tech, Nyc Public School For Dance","Ballet Tech, NYC Public School for Dance",Roy Oneill,EMS,Elementary/Middle School,30.27,B,61.2,68.8,25,C,22.6,A,12.6,A,1,B,C,0.84,0.75,0.97,8.7,7.9,8,8.6
111,02M655,2,Life Sciences Secondary School,Life Sciences Secondary School,Genevieve Stanislaus,EMS,Middle/High School,2.18,B,52.3,42.8,26.7,C,15.4,B,6,C,4.2,C,C,0.09,0.69,0.59,7,6.7,7,7.5
112,02M655,2,Life Sciences Secondary School,Life Sciences Secondary School,Genevieve Stanislaus,HS,Middle/High School,2.11,B,60.1,37.8,28.9,C,13.7,B,8.6,C,3.8,B,A,0.09,0.69,0.59,7,6.7,7,7.5
113,02M896,2,Lower Manhattan Community Middle School,Lower Manhattan Community Middle School,Kelly Mcguire,EMS,Middle School,2.52,B,61.1,64.4,25.6,C,20.7,A,10.6,A,4.2,B,C,0.55,0.81,0.93,8.1,7.1,7.7,7.9
114,03M009,3,P.S. 009 Sarah Anderson,P.S. 009 Sarah Anderson,Diane Brady,EMS,Elementary School,19.16,B,64.1,73.6,27.9,C,22.5,A,12.2,A,1.5,A,B,0.86,0.97,,9.2,8.6,8.8,9.1
115,03M054,3,J.H.S. 054 Booker T. Washington,J.H.S. 054 Booker T. Washington,Elana Elster,EMS,Middle School,3.43,B,54.5,48.3,26,C,17.9,A,8.8,B,1.8,B,B,0.66,0.87,0.97,8,7.3,7.8,8.2
116,03M075,3,P.S. 075 Emily Dickinson,P.S. 075 Emily Dickinson,Robert O'brien,EMS,Elementary School,47.53,C,40.2,16.6,20,D,11.7,C,6.6,C,1.9,C,C,0.71,0.77,,8,7.4,7.8,7.8
117,03M076,3,P.S. 076 A. Philip Randolph,P.S. 076 A. Philip Randolph,Charles Deberry,EMS,Elementary/Middle School,61.5,C,50.5,38.8,22.7,C,13.1,B,11.8,A,2.9,B,C,0.64,0.91,0.97,8.4,8,8.4,8.9
118,03M084,3,P.S. 084 Lillian Weber,P.S. 084 Lillian Weber,Robin Sundick,EMS,Elementary School,41.93,B,52.5,46.2,29.4,C,11.8,C,8.7,B,2.6,F,C,0.54,0.78,,8.5,7.8,8.2,8.2
119,03M087,3,P.S. 087 William Sherman,P.S. 087 William Sherman,Monica Berry,EMS,Elementary School,14.5,B,49.8,39.7,25.1,C,17.8,A,3.9,D,3,B,B,0.3,0.47,,7.7,6.1,6.9,6.8
120,03M145,3,"P.S. 145, The Bloomingdale School","P.S. 145, The Bloomingdale School",Ivelisse Alvarez,EMS,Elementary School,65.64,C,44,23.1,22.2,C,9.2,C,8.8,B,3.8,C,B,0.46,0.61,,8.5,7.8,8,8.2
121,03M149,3,P.S. 149 Sojourner Truth,P.S. 149 Sojourner Truth,Barbara Darrigo,EMS,Elementary/Middle School,65.26,F,26.2,0.6,11.1,F,4.5,F,8.1,B,2.4,C,B,0.53,0.75,0.89,7.2,7.4,7.5,7.8
122,03M163,3,P.S. 163 Alfred E. Smith,P.S. 163 Alfred E. Smith,Virginia Pepe,EMS,Elementary School,39.98,B,60.1,64.3,28.8,C,19.4,A,10.2,A,1.7,C,C,0.5,0.71,,8.6,8.1,8.2,8.3
123,03M165,3,P.S. 165 Robert E. Simon,P.S. 165 Robert E. Simon,Aracelis Castellano,EMS,Elementary/Middle School,60.46,B,59.3,64.4,31.2,B,15.9,B,7,C,5.2,A,B,0.23,0.24,0.37,7.6,6.9,7.1,7.6
124,03M166,3,P.S. 166 The Richard Rodgers School Of The Arts An,P.S. 166 The Richard Rodgers School of The Arts,Angela Olden Camiolo,EMS,Elementary School,23.34,B,51.1,42.3,27.2,C,15.2,B,6.7,C,2,B,D,0.75,0.78,,8.4,7.3,7.9,7.9
125,03M180,3,P.S. 180 Hugo Newman,P.S. 180 Hugo Newman,Peter Mcfarlane,EMS,Elementary/Middle School,50.78,C,51.5,40,24.5,C,13.9,B,9.7,A,3.4,B,C,0.45,0.88,1,8,7.5,7.8,8.4
126,03M191,3,P.S. 191 Amsterdam,P.S. 191 Amsterdam,Maria Verdesoto,EMS,Elementary/Middle School,54.31,C,44.3,25.6,25,C,9.7,C,4.7,D,4.9,C,C,0.85,0.52,0.55,6.9,6.3,6.9,7.4
127,03M199,3,P.S. 199 Jessie Isador Straus,P.S. 199 Jessie Isador Straus,Katy Rosen,EMS,Elementary School,10.8,B,57.8,59.7,28.1,C,19.4,A,8.6,B,1.7,A,A,0.33,0.24,,8.7,7.6,8.2,8.3
128,03M208,3,P.S. 208 Alain L. Locke,P.S. 208 Alain L. Locke,Susan M. Green,EMS,Elementary School,65.75,B,51,42.1,25.6,C,10.5,C,11,A,3.9,D,C,0.81,0.9,,8.8,8.1,8.5,8.6
129,03M241,3,Stem Institute Of Manhattan,P.S. 241 Family Academy,Diana Diaz,EMS,Elementary School,64.17,F,12.7,0.2,,F,3.1,F,7.6,B,2,B,C,0.84,0.83,,8.1,7.2,7.9,7.6
130,03M243,3,M.S. 243 Center School,M.S. 243 Center School,Elaine Schwartz,EMS,Middle School,3.71,A,66.5,76.5,30.8,C,21.4,A,13.1,A,1.2,B,B,0.67,0.93,0.99,8.8,8,8.6,8.6
131,03M245,3,M.S. M245 The Computer School,M.S. M245 The Computer School,Henry Zymeck,EMS,Middle School,3.11,B,61.5,66.3,28.7,C,19.5,A,10.3,A,3,B,B,0.39,0.88,0.95,8.2,7.1,7.5,7.9
132,03M247,3,M.S. M247 Dual Language Middle School,M.S. M247 Dual Language Middle School,Claudia Aguirre,EMS,Middle School,2.36,A,89,97,47.8,A,20.7,A,13.5,A,7,A,A,0.8,0.8,1,8.7,7.7,8,8.6
133,03M250,3,M.S. 250 West Side Collaborative Middle School,M.S. 250 West Side Collaborative Middle School,Jeanne Rotunda,EMS,Middle School,2.2,B,54.5,48.3,19.5,D,18.9,A,13.5,A,2.6,B,A,0.58,1,0.96,8.6,8.1,8.6,8.9
134,03M256,3,M.S. 256 Academic & Athletic Excellence,M.S. 256 Academic & Athletic Excellence,Jeffrey S. Perl,EMS,Middle School,1.95,B,62,67.7,35.8,B,15.3,B,7,C,3.9,B,C,0.22,1,0.85,7.3,6.6,7.1,7.5
135,03M258,3,Community Action School - Ms 258,Community Action School - MS 258,John Curry,EMS,Middle School,2.16,A,72.5,84.3,34.8,B,22.8,A,11,A,3.9,A,A,0.31,0.96,0.86,8.1,7.3,7.8,8.1
136,03M333,3,P.S. 333 Manhattan School For Children,P.S. 333 Manhattan School for Children,Susan Rappaport,EMS,Elementary/Middle School,21.84,C,29.3,1.9,8.7,F,9.1,D,8.6,B,2.9,B,C,0.42,0.43,0.82,8,7.6,8.2,8.2
137,03M334,3,The Anderson School,The Anderson School,Jodi Hyde,EMS,Elementary/Middle School,6.74,A,72.3,88.1,34.9,B,24.6,A,11.8,A,1,A,A,0.82,0.88,1,8.5,7.8,8.2,8.7
138,03M415,3,Wadleigh Secondary School For The Performing & Vis,Wadleigh Secondary School for the Performing & V,Herma Hall,EMS,Middle/High School,2.15,D,29.9,5.8,16.8,D,8.4,D,2.9,F,1.8,D,C,0.46,0.8,0.72,6.7,6.6,6.7,7.1
139,03M415,3,Wadleigh Secondary School For The Performing & Vis,Wadleigh Secondary School for the Performing & Visual Arts,Herma Hall,HS,Middle/High School,1.73,C,48.6,12.2,24.4,D,9.5,C,6,D,4.4,D,B,0.46,0.8,0.72,6.7,6.6,6.7,7.1
140,03M421,3,West Prep Academy,WEST PREP ACADEMY,Roberto Padilla,EMS,Middle School,2.12,C,43,19.6,18.1,D,12.2,C,9.4,B,3.3,C,.,0.76,0.93,0.82,7.7,7.4,7.7,7.9
141,03M859,3,Special Music School,Special Music School,Katherine Banucci-Smith,EMS,Elementary/Middle School,7.11,A,74,89.4,39.2,A,23.4,A,10.4,A,1,A,A,0.86,1,1,8.7,7.9,8.1,8.3
142,03M860,3,Frederick Douglass Academy Ii Secondary School,Frederick Douglass Academy II Secondary School,Osei Owusu-Afriyie,EMS,Middle/High School,2.09,B,63.4,69.9,39.9,A,13.6,B,7,C,2.9,F,C,0.49,0.82,0.8,7,6.7,6.9,7.3
143,03M860,3,Frederick Douglass Academy Ii Secondary School,Frederick Douglass Academy II Secondary School,Osei Owusu-Afriyie,HS,Middle/High School,1.71,A,75.1,79.7,39.5,A,12.5,B,9,B,6.1,C,C,0.49,0.82,0.8,7,6.7,6.9,7.3
144,03M862,3,Mott Hall Ii,Mott Hall II,Ana De Los Santos,EMS,Middle School,3.02,A,74,87.6,39.5,A,21.8,A,9.1,B,3.6,A,A,0.86,0.57,0.99,8.2,6.8,7.5,7.9
145,04M007,4,P.S. 007 Samuel Stern,P.S. 007 Samuel Stern,Sameer Talati,EMS,Elementary/Middle School,63.45,B,54.2,51.3,27.6,C,16.2,A,7.1,C,3.3,C,A,0.64,1,0.94,7.3,6.6,7.1,7.6
146,04M012,4,Tag Young Scholars,Tag Young Scholars,Janette Cesar,EMS,Elementary/Middle School,33.36,A,75.4,93.1,38.3,B,24,A,12,A,1.1,B,A,0.55,1,0.99,8.3,7.8,8.2,8.7
147,04M013,4,J.H.S. 013 Jackie Robinson,J.H.S. 013 Jackie Robinson,Jacob Michelman,EMS,Middle School,2.05,D,32.2,8,13.6,F,9.5,C,6.3,C,2.8,C,C,0.45,0.68,0.63,6.8,6.5,6.8,7
148,04M037,4,River East Elementary,River East Elementary,Don Catlin,EMS,Elementary School,59.11,C,37.9,12.6,14.4,F,12.9,B,8.8,B,1.8,C,B,0.96,0.79,,8.4,6.7,7.8,7.9
149,04M038,4,P.S. 38 Roberto Clemente,P.S. 38 Roberto Clemente,Norma Caraballo,EMS,Elementary School,69.37,B,60.5,65.3,34.5,B,13.2,B,6.4,C,6.4,B,C,0.53,0.85,,8,7.3,7.3,7.6
150,04M045,4,M.S. 45/S.T.A.R.S. Prep Academy,M.S. 45/S.T.A.R.S. Prep Academy,Tomasz Grabski,EMS,Middle School,1.93,D,26.2,4.4,15.4,D,6.7,D,1.5,F,2.6,C,C,0.71,0.96,0.89,5.7,5.7,6,6.5
151,04M050,4,P.S. 050 Vito Marcantonio,P.S. 050 Vito Marcantonio,Cynthia Rochez,EMS,Elementary/Middle School,69.05,B,52.7,41.9,37.3,B,7.6,D,3.4,F,4.4,C,C,0.36,0.77,0.87,6.6,6.1,6.6,7
152,04M057,4,James Weldon Johnson,James Weldon Johnson,Israel Soto,EMS,Elementary/Middle School,65.54,A,74.4,90.6,34.2,B,22,A,13.4,A,4.8,A,A,0.59,0.81,0.9,8.2,7.6,8,8.4
153,04M072,4,The Lexington Academy,The Lexington Academy,Antonio Hernandez,EMS,Elementary School,71.69,A,71.9,88.7,37.8,B,17,A,11.7,A,5.4,D,A,0.73,0.96,,8.8,8,8.4,8.5
154,04M083,4,P.S. 083 Luis Munoz Rivera,P.S. 083 Luis Munoz Rivera,Frances Castillo,EMS,Elementary School,52.6,B,56.5,57.2,24.5,C,20,A,9.7,A,2.3,A,A,0.78,0.97,,8.2,7.8,8,8.1
155,04M096,4,P.S. 096 Joseph Lanzetta,P.S. 096 Joseph Lanzetta,Betty Lugo,EMS,Elementary/Middle School,65.2,C,48.7,35.6,27.8,C,11,C,6.7,C,3.2,B,C,0.32,0.88,0.93,6.8,6.9,7,7.5
156,04M102,4,P.S. 102 Jacques Cartier,P.S. 102 Jacques Cartier,Sandra Gittens,EMS,Elementary School,65.44,B,60.4,64.9,30.8,B,14.6,B,9.9,A,5.1,B,A,0.93,1,,8.3,7.9,8.1,8.1
157,04M108,4,P.S. 108 Assemblyman Angelo Del Toro Educational C,P.S. 108 Assemblyman Angelo Del Toro Educational,Gryssele Machicote,EMS,Elementary/Middle School,61.76,C,41.9,17.5,12.5,F,17.2,A,9.9,A,2.2,A,B,0.63,0.88,0.97,7.9,7.2,7.7,8.2
158,04M146,4,P.S. 146 Ann M. Short,P.S. 146 Ann M. Short,Mona Silfen,EMS,Elementary School,75.42,B,54.1,51.5,35.7,B,7.9,D,6,C,4.5,A,C,0.54,1,,7.7,6.6,7.1,7.1
159,04M155,4,P.S. 155 William Paca,P.S. 155 William Paca,Lillian Raimundi Ortiz,EMS,Elementary School,69.35,C,46.6,30.8,25.4,C,9.6,C,7.9,B,3.7,B,B,0.71,1,,7.6,7.2,7.3,7.3
160,04M171,4,P.S. 171 Patrick Henry,P.S. 171 Patrick Henry,Dimitres Pantelidis,EMS,Elementary/Middle School,54.7,A,88.7,98.1,48.3,A,23.1,A,11.8,A,5.5,B,A,0.92,0.93,1,8.4,7.7,8,8.4
161,04M182,4,The Bilingual Bicultural School,The Bilingual Bicultural School,Andrea Hernandez,EMS,Elementary School,60.19,A,65.2,76.2,31.5,B,20.6,A,11.1,A,2,B,A,0.89,0.92,,8.7,8,8.1,8.4
162,04M206,4,P.S. 206 Jose Celso Barbosa,P.S. 206 Jose Celso Barbosa,Camille Forbes,EMS,Elementary School,65.06,B,60.3,64.8,30.5,B,15.1,B,9.5,B,5.2,D,C,0.94,1,0.98,8.2,7.5,7.9,8.1
163,04M224,4,M.S. 224 Manhattan East School For Arts & Academic,M.S. 224 Manhattan East School for Arts & Academ,Liliana Sarro,EMS,Middle School,3.29,C,30.3,6.4,11.4,F,10.9,C,6.5,C,1.5,C,C,0.39,1,0.98,7.2,7.1,7.3,7.7
164,04M372,4,Esperanza Preparatory Academy,ESPERANZA PREPARATORY ACADEMY,Alex Estrella,EMS,Middle School,2.09,B,54.6,49.2,20.8,D,17.6,A,12.3,A,3.9,A,A,0.91,0.96,0.98,8.3,7.9,8.2,8.5
165,04M375,4,Mosaic Preparatory Academy,Mosaic Preparatory Academy,Lisette Caesar,EMS,Elementary School,65.75,B,59.6,63.1,33.8,B,10,C,9.7,A,6.1,D,B,0.69,1,,8.4,8.1,8.3,8.5
166,04M377,4,Renaissance School Of The Arts,Renaissance School of the Arts,Tammy Pate,EMS,Middle School,1.89,A,83.6,95,48.8,A,19.2,A,10.7,A,4.9,D,A,0.78,1,0.96,7.3,7.4,7.7,8
167,04M381,4,Global Neighborhood Secondary School,Global Neighborhood Secondary School,Luis Genao,EMS,Middle School,1.86,B,53.3,45.9,27.9,C,11.6,C,9.4,B,4.4,B,C,0.47,1,0.95,7.4,6.8,7.5,7.6
168,04M406,4,Global Technology Preparatory,GLOBAL TECHNOLOGY PREPARATORY,Chrystina Russell,EMS,Middle School,2.09,B,63.8,71,24.8,C,20.6,A,13.6,A,4.8,A,.,0.53,1,0.91,8.2,8.1,8.7,9
169,04M497,4,Central Park East I,Central Park East I,Lindley Uehling/Julia Zucke,EMS,Elementary School,34.14,C,47.5,33.9,16.4,D,17.2,A,11.6,A,2.2,C,C,0.62,0.65,,8.8,8.6,8.9,8.8
170,04M610,4,Young Women'S Leadership School,Young Women's Leadership School,Althea Bradshaw-Tyson,EMS,Middle/High School,3.25,C,45.1,24.6,20.1,D,13.6,B,10.8,A,0.6,B,C,0.6,0.96,0.94,8.4,7.5,7.8,8.5
171,04M610,4,Young Women'S Leadership School,Young Women's Leadership School,Althea Bradshaw-Tyson,HS,Middle/High School,2.88,A,80.1,89,43.1,A,16.2,A,12.8,A,0.9,A,A,0.6,0.96,0.94,8.4,7.5,7.8,8.5
172,04M825,4,Isaac Newton Middle School For Math & Science,Isaac Newton Middle School for Math & Science,Lisa Nelson,EMS,Middle School,2.65,C,47.2,28.2,23.1,C,11.2,C,10.8,A,2.1,D,C,0.41,0.73,0.97,7.9,7.7,7.9,8.3
173,04M964,4,Central Park East Ii,Central Park East II,Naomi Smith,EMS,Elementary School,44.12,C,44.6,24.8,15.9,D,15.4,B,11.5,A,1.8,A,B,0.56,0.86,,9.1,8.4,9.1,8.9
174,05M030,5,P.S. 030 Hernandez/Hughes,P.S. 030 Hernandez/Hughes,Teri Stinson,EMS,Elementary School,70.62,C,49.5,38.2,28.8,C,6.7,D,9.1,B,4.9,D,A,0.84,1,,8.4,8.1,8.1,8.3
175,05M036,5,P.S. 036 Margaret Douglas,P.S. 036 Margaret Douglas,Cynthia Mullins-Simmons,EMS,Elementary School,60.31,C,45.9,28.5,29.2,C,9.2,C,4.6,D,2.9,C,B,0.4,0.7,,7.7,7,7.1,7.1
176,05M046,5,P.S. 046 Arthur Tappan,P.S. 046 Arthur Tappan,George Young,EMS,Elementary/Middle School,62.5,C,41,14.4,18.9,D,9.9,C,9.5,B,2.7,B,C,0.73,1,0.97,7.6,7.5,7.8,8.1
177,05M092,5,P.S. 092 Mary Mcleod Bethune,P.S. 092 Mary McLeod Bethune,Rosa Davila,EMS,Elementary School,65.86,B,53,48,26.2,C,11.3,C,11.2,A,4.3,B,B,1,0.93,,8.5,8.4,8.4,8.6
178,05M123,5,P.S. 123 Mahalia Jackson,P.S. 123 Mahalia Jackson,Beverly Lewis,EMS,Elementary/Middle School,64.19,C,42.3,19.4,22.9,C,6.3,F,9.5,B,3.6,D,C,0.69,0.81,0.77,7.9,7.6,7.9,8.3
179,05M125,5,P.S. 125 Ralph Bunche,P.S. 125 Ralph Bunche,Reginald Higgins,EMS,Elementary School,61.55,C,46.9,32.8,26.6,C,9,C,6.9,C,4.4,C,B,0.86,0.74,,8.2,8.2,8,8.2
180,05M129,5,P.S. 129 John H. Finley,P.S. 129 John H. Finley,Odelphia Pierre,EMS,Elementary/Middle School,62.61,B,52.6,41.3,30.9,C,10.8,C,6.7,C,4.2,C,B,0.28,0.43,0.65,6.8,6.8,7.2,7.7
181,05M133,5,P.S. 133 Fred R Moore,P.S. 133 Fred R Moore,Susan M. Vairo,EMS,Elementary School,67.45,F,23.8,1.5,10.9,F,7.5,D,2.5,F,2.9,C,C,0.88,0.86,,7.2,6.3,6.6,6.7
182,05M154,5,P.S. 154 Harriet Tubman,P.S. 154 Harriet Tubman,Elizabeth Jarrett,EMS,Elementary School,66.49,C,46.7,31.6,27,C,7.4,D,8.4,B,3.9,D,C,0.67,0.94,,8.1,7.5,7.7,7.7
183,05M161,5,P.S. 161 Pedro Albizu Campos,P.S. 161 Pedro Albizu Campos,Pamela Price Haynes,EMS,Elementary/Middle School,65.64,B,55.4,55,26,C,15.5,B,9.9,A,4,B,B,0.52,0.95,0.91,7.5,7.4,7.7,8.2
184,05M175,5,P.S. 175 Henry H Garnet,P.S. 175 Henry H Garnet,Cheryl Mcclendon,EMS,Elementary School,64.75,C,36.2,10.8,17.5,D,11.8,C,5.8,C,1.1,B,B,0.75,0.37,,7.8,6.9,7.8,7.6
185,05M194,5,P.S. 194 Countee Cullen,P.S. 194 Countee Cullen,Josephine Bazan,EMS,Elementary School,70.51,B,51.8,43.3,37.3,B,4.3,F,5.3,C,4.9,D,C,0.8,0.65,,7.8,7.8,7.7,7.8
186,05M195,5,I.S. 195 Roberto Clemente,I.S. 195 Roberto Clemente,Rashaunda Shaw,EMS,Middle School,1.69,,.,.,.,,.,,.,,.,.,D,0.68,0.77,0.94,6.4,6.4,6.8,7
187,05M197,5,P.S. 197 John B. Russwurm,P.S. 197 John B. Russwurm,Natasha Spann,EMS,Elementary School,63.02,D,28.1,3.6,16.1,D,1.2,F,7,C,3.7,F,B,0.85,1,,8.2,8,8,8.1
188,05M200,5,P.S. 200- The James Mccune Smith School,P.S. 200- The James Mccune Smith School,Renee Y. Belton,EMS,Elementary School,65.52,D,29.2,3.9,13.7,F,6.8,D,5.8,C,2.9,C,B,0.67,0.87,,7.6,7,7.2,7.5
189,05M286,5,I.S. M286 Renaissance Military Leadership Academy,I.S. M286 Renaissance Military Leadership Academ,Qadir Ben Dixon,EMS,Middle School,2.24,A,69.8,81.5,41.9,A,15.2,B,9.1,B,3.6,C,C,0.65,0.93,0.96,8,7.6,8,8.5
190,05M302,5,Kappa Iv,KAPPA IV,Juan Vives,EMS,Middle School,2.36,C,43.4,20.4,18.8,D,13.8,B,8.6,B,2.1,A,B,0.54,0.67,0.95,7.4,7.2,7.4,7.8
191,05M318,5,Thurgood Marshall Academy Lower School,Thurgood Marshall Academy Lower School,Dawn Brooks Decosta,EMS,Elementary School,49.58,C,37,11.6,14.2,F,11.7,C,10,A,1.1,B,C,0.79,1,,8.8,8.6,8.7,8.8
192,05M362,5,Columbia Secondary School,Columbia Secondary School,Miriam Nightengale,EMS,Middle/High School,3.85,C,48.8,32.9,19.6,D,19.8,A,8.4,B,1,A,C,0.39,0.63,0.95,7.8,7,7.3,7.9
193,05M362,5,Columbia Secondary School,Columbia Secondary School,Miriam Nightengale,HS,Middle/High School,3.39,,,,,,,,,,,,,0.39,0.63,0.95,7.8,7,7.3,7.9
194,05M367,5,Academy For Social Action: A College Board School,Academy for Social Action: A College Board Schoo,Rhokeisha Ford,EMS,Middle/High School,1.97,F,18.1,1.1,8.1,F,7.3,D,,F,2.7,D,B,0.12,0.67,0.62,5.5,5.1,5.3,5.8
195,05M367,5,Academy For Social Action: A College Board School,Academy for Social Action: A College Board School,Rhokeisha Ford,HS,Middle/High School,1.88,F,19.6,0.3,11.5,F,1.8,F,0,F,2.9,C,,0.12,0.67,0.62,5.5,5.1,5.3,5.8
196,05M410,5,The Urban Assembly Institute For New Technologies,THE URBAN ASSEMBLY INSTITUTE FOR NEW TECHNOLOGIE,Travis Brown,EMS,Middle School,1.89,C,41.2,16.9,27,C,9.9,C,1.3,F,3,B,.,0.01,0.23,0.27,6.7,6.8,7.5,8.2
197,05M469,5,Choir Academy Of Harlem,Choir Academy of Harlem,Dr. Melissa Vaughan,EMS,Middle/High School,2.18,F,14.4,0.6,0.3,F,6.4,D,5.4,C,2.2,B,C,0.24,0.42,0.88,6.5,6.6,6.6,6.9
198,05M469,5,Choir Academy Of Harlem,Choir Academy of Harlem,Dr. Melissa Vaughan,HS,Middle/High School,2.18,F,28.7,0.6,10.8,F,7.7,F,5.7,F,2,C,B,0.24,0.42,0.88,6.5,6.6,6.6,6.9
199,05M499,5,Frederick Douglass Academy,Frederick Douglass Academy,Joseph Gates,EMS,Middle/High School,2.71,C,44,21.8,26.6,C,10.1,C,5.1,D,2.2,B,C,0.14,0.48,0.72,6.7,6.5,6.8,7.3
200,05M499,5,Frederick Douglass Academy,Frederick Douglass Academy,Joseph Gates,HS,Middle/High School,2.67,C,46.7,8.5,17.4,F,13.8,B,6,D,1.8,C,D,0.14,0.48,0.72,6.7,6.5,6.8,7.3
201,05M514,5,New Design Middle School,New Design Middle School,Daniel Black,EMS,Middle School,2.11,,.,.,.,,.,,.,,.,.,.,0.85,0.89,0.93,7.7,7.7,8,8.3
202,05M670,5,Thurgood Marshall Academy For Learning And Social,Thurgood Marshall Academy for Learning and Socia,Sean Davenport,EMS,Middle/High School,2.83,C,42.2,18.2,21.8,C,11.3,C,7.7,B,1.4,D,D,0.41,0.81,0.83,7.6,6.8,7.1,7.5
203,05M670,5,Thurgood Marshall Academy For Learning And Social,Thurgood Marshall Academy for Learning and Social Change,Sean Davenport,HS,Middle/High School,2.51,B,59.8,36.3,28.9,C,13,B,9.5,B,3.4,A,B,0.41,0.81,0.83,7.6,6.8,7.1,7.5
204,06M004,6,P.S. 004 Duke Ellington,P.S. 004 Duke Ellington,Delois White,EMS,Elementary School,65.34,B,51.7,43.1,28.2,C,10.5,C,9.1,B,3.9,B,B,0.43,0.52,,8.6,7.6,7.9,8.1
205,06M005,6,P.S. 005 Ellen Lurie,P.S. 005 Ellen Lurie,Wanda Soto,EMS,Elementary School,64.19,D,34.4,8,17.9,D,7.2,D,6.4,C,2.9,C,B,0.63,0.77,,7.9,6.9,7.4,7.3
206,06M008,6,P.S. 008 Luis Belliard,P.S. 008 Luis Belliard,Rafaela Landin,EMS,Elementary School,65.13,C,47.5,33.9,22,C,9.4,C,11.9,A,4.2,B,A,0.93,0.95,,8.8,8.3,8.4,8.6
207,06M018,6,P.S. 018 Park Terrace,P.S. 018 Park Terrace,Connie Mejia,EMS,Elementary/Middle School,61.03,A,65.9,79.4,36,B,12.9,B,10.9,A,6.1,A,B,0.93,0.88,0.99,8.1,7.4,7.9,8.1
208,06M028,6,P.S. 028 Wright Brothers,P.S. 028 Wright Brothers,Awilda Baez,EMS,Elementary School,70.36,B,59.1,62.1,30.7,B,14.6,B,10.2,A,3.6,B,A,0.8,0.99,,8.6,7.7,7.8,8.1
209,06M048,6,P.S. 048 P.O. Michael J. Buczek,P.S. 048 P.O. Michael J. Buczek,Tracy Walsh,EMS,Elementary School,64.55,B,52.3,45.4,24,C,13.7,B,9.5,B,5.1,A,B,0.57,0.84,,8.3,7.3,7.8,7.9
210,06M052,6,J.H.S. 052 Inwood,J.H.S. 052 Inwood,Salvador Fernandez,EMS,Middle School,2.34,B,61.5,66.3,33.3,B,14,B,10.6,A,3.6,B,A,0.51,0.88,0.9,7.9,7.4,7.9,8.3
211,06M098,6,P.S. 098 Shorac Kappock,P.S. 098 Shorac Kappock,Maritza Rodriguez,EMS,Elementary School,61.65,B,56.5,57.2,35.8,B,9.6,C,7.1,C,4,C,B,0.69,0.81,,8,7.3,7.3,7.4
212,06M115,6,P.S. 115 Alexander Humboldt,P.S. 115 Alexander Humboldt,Angela Rodriguez,EMS,Elementary School,70.58,C,41.6,18.9,24.2,C,9.4,C,5.6,C,2.4,C,C,0.41,0.72,,7.8,6.4,6.8,7
213,06M128,6,P.S. 128 Audubon,P.S. 128 Audubon,Rosa Argelia Arredondo,EMS,Elementary School,67.25,A,73,90.3,40.2,A,17.2,A,11.5,A,4.1,B,B,0.59,0.58,,8.6,7.8,8.2,8.2
214,06M132,6,P.S. 132 Juan Pablo Duarte,P.S. 132 Juan Pablo Duarte,Xiomara Nova,EMS,Elementary School,66.78,D,35.6,9.8,18,D,5.4,F,8.8,B,3.4,D,B,0.59,0.96,,7.7,7.4,7.5,7.5
215,06M143,6,J.H.S. 143 Eleanor Roosevelt,J.H.S. 143 Eleanor Roosevelt,Ourania Pappas,EMS,Middle School,2.06,B,53.3,45.9,27.5,C,12.7,C,8.6,B,4.4,B,B,0.96,1,0.99,7.5,7.3,7.5,7.8
216,06M152,6,P.S. 152 Dyckman Valley,P.S. 152 Dyckman Valley,Julia Pietri,EMS,Elementary School,65.44,C,40,16.2,22.8,C,10.4,C,4,D,2.8,C,B,0.45,0.69,,7.4,6.3,6.4,6.4
217,06M153,6,P.S. 153 Adam Clayton Powell,P.S. 153 Adam Clayton Powell,Karen Bailey,EMS,Elementary School,62.9,A,65,75.7,33.4,B,16.5,A,11.9,A,3.1,A,A,0.94,0.92,,8.7,8.3,8.5,8.7
218,06M173,6,P.S. 173,P.S. 173,Dawn Boursiquot,EMS,Elementary School,58.95,D,33.2,6.2,13.2,F,9.6,C,8.4,B,2,B,B,0.65,0.56,,8.2,7.1,7.2,7.7
219,06M187,6,P.S./I.S. 187 Hudson Cliffs,P.S./I.S. 187 Hudson Cliffs,Ms. Cynthia Chory,EMS,Elementary/Middle School,33.25,C,44,25,21.1,D,14.3,B,5.7,C,2.9,B,A,0.55,0.92,0.98,7.7,6.7,7.2,7.5
220,06M189,6,P.S. 189,P.S. 189,Theresa Luger,EMS,Elementary School,65.21,B,62.2,69.8,35,B,14.7,B,9.3,B,3.2,A,A,0.58,0.64,,8.2,7.5,7.7,7.9
221,06M192,6,P.S. 192 Jacob H. Schiff,P.S. 192 Jacob H. Schiff,Deborah Schaefer,EMS,Elementary School,61.81,B,57.6,59.2,31.1,B,11.2,C,12.2,A,3.1,B,C,0.53,0.9,,8.8,8.6,8.3,8.7
222,06M210,6,P.S./I.S. 210 - Twenty-First Century Academy For C,P.S./I.S. 210 - Twenty-first Century Academy for,Evelyn Linares,EMS,Elementary/Middle School,62.32,C,49.6,36.9,18.1,D,15.3,B,11.9,A,4.3,C,B,0.89,0.89,0.99,8.1,7.2,8,8.1
223,06M218,6,I.S. 218 Salome Urena,I.S. 218 Salome Urena,June Barnett,EMS,Middle School,2.03,A,69.8,81.5,41.9,A,14.6,B,7.8,B,5.5,C,B,0.6,0.53,0.85,7.5,6.8,6.9,7.2
224,06M223,6,The Mott Hall School,The Mott Hall School,Cynthia Arndt,EMS,Middle School,3.44,C,47.7,30.7,20.4,D,18.3,A,7.5,C,1.5,B,A,0.95,1,0.99,7.5,6.4,7.1,7.8
225,06M278,6,Paula Hedbavny School,Paula Hedbavny School,Maureen Guido,EMS,Elementary/Middle School,49.41,A,64.1,75,35.6,B,15.9,B,8.9,B,3.7,A,B,0.87,1,0.99,8.1,6.9,7.7,7.9
226,06M293,6,City College Academy Of The Arts,City College Academy of the Arts,Bernadette Drysdale,EMS,Middle/High School,2.63,A,90.7,97.5,50.9,A,23.9,A,12,A,3.9,A,A,0.54,0.73,0.93,8.4,7.4,7.9,8.3
227,06M293,6,City College Academy Of The Arts,City College Academy of the Arts,Bernadette Drysdale,HS,Middle/High School,2.82,A,76,81.1,36.1,B,16,A,11.6,A,4.3,,,0.54,0.73,0.93,8.4,7.4,7.9,8.3
228,06M311,6,Amistad Dual Language School,Amistad Dual Language School,Miriam Pedraja,EMS,Elementary/Middle School,52.59,B,56.4,58.1,22.9,C,17.7,A,12.2,A,3.6,A,A,0.68,0.93,1,8.3,7.4,8,8.3
229,06M314,6,Muscota,Muscota,Camille Wallin,EMS,Elementary School,34.51,D,28.2,3.8,11.7,F,2.1,F,11.9,A,2.5,C,B,0.56,0.95,,8.8,8.5,8.7,8.7
230,06M319,6,M.S. 319 - Maria Teresa,M.S. 319 - Maria Teresa,Ysidro Abreu,EMS,Middle School,2.36,A,68.9,79.8,36.3,B,14.8,B,13.3,A,4.5,A,A,0.95,0.92,0.95,8.5,8.2,8.3,8.6
231,06M322,6,Middle School 322,Middle School 322,Erica Zigelman,EMS,Middle School,2.33,B,58.3,57.5,33.3,B,12.6,C,7.9,B,4.5,C,B,0.73,0.79,0.96,7.4,6.8,7.3,7.5
232,06M324,6,M.S. 324 - Patria Mirabal,M.S. 324 - Patria Mirabal,Janet Heller,EMS,Middle School,2.19,A,77.1,90.1,41.5,A,17.3,A,13.1,A,5.2,A,A,0.95,0.97,0.98,8.5,7.8,8.3,8.6
233,06M325,6,P.S. 325,P.S. 325,Gary H. Cruz,EMS,Elementary School,70.27,B,54.4,51.8,29.5,C,14.2,B,7.6,B,3.1,C,C,0.69,0.7,,8,7.4,7.4,7.7
234,06M326,6,M.S. 326 - Writers Today & Leaders Tomorrow,M.S. 326 - Writers Today & Leaders Tomorrow,Sharon Weissbrot,EMS,Middle School,2.19,C,47.7,30.7,29.6,C,9.8,C,3.9,D,4.3,A,A,0.95,0.53,0.9,6.3,6.4,6.9,7.1
235,06M328,6,M.S. 328 - Manhattan Middle School For Scientific,M.S. 328 - Manhattan Middle School for Scientifi,Olga Quiles,EMS,Middle School,2.06,B,57.3,55.5,27.8,C,11.4,C,13.2,A,4.9,B,B,0.85,1,0.96,8.4,8.3,8.6,8.8
236,06M346,6,Community Health Academy Of The Heights,Community Health Academy of the Heights,Mark House,EMS,Middle/High School,2.21,B,64.5,73.2,39.3,A,12.1,C,9.1,B,4,C,C,0.52,0.97,0.8,7.8,7.3,7.4,7.8
237,06M346,6,Community Health Academy Of The Heights,Community Health Academy of the Heights,Mark House,HS,Middle/High School,1.71,B,62.8,43.5,22.3,D,13.7,B,10.7,A,8.8,,,0.52,0.97,0.8,7.8,7.3,7.4,7.8
238,06M348,6,Washington Heights Expeditionary Learning School,Washington Heights Expeditionary Learning School,Brett Kimmel,EMS,Middle/High School,2.23,A,87.1,95.9,49.6,A,21.1,A,11.3,A,5.1,A,B,0.52,0.91,0.95,8.3,7.5,7.6,8.2
239,06M348,6,Washington Heights Expeditionary Learning School,Washington Heights Expeditionary Learning School,Brett Kimmel,HS,Middle/High School,2.27,A,73.7,75.5,38.5,A,12.6,B,12,A,5.8,,,0.52,0.91,0.95,8.3,7.5,7.6,8.2
240,06M349,6,Harbor Heights,Harbor Heights,Monica Klehr,EMS,Middle School,2.07,A,76.9,89.5,47.5,A,12,C,12.4,A,5,A,A,0.99,0.92,1,8.3,7.2,7.9,8.1
241,06M366,6,Washington Heights Academy,Washington Heights Academy,Renzo Martinez,EMS,Elementary School,54.79,A,79,95.1,45.5,A,18.5,A,11.4,A,3.6,B,B,0.81,0.85,,8.7,8.1,8.1,8.3
242,06M368,6,Hamilton Heights School,Hamilton Heights School,Nicky Kram Rosen,EMS,Elementary School,50.18,C,48.6,36.6,28.5,C,11.2,C,6.6,C,2.3,A,C,0.45,0.78,,8.7,6.8,7.5,7.6
243,06M528,6,I.S. 528 Bea Fuller Rodgers School,I.S. 528 Bea Fuller Rodgers School,Kristy Dela Cruz,EMS,Middle School,2.51,C,42.1,18,19.8,D,9.2,C,10,A,3.1,D,C,0.57,0.78,0.99,7.8,7.4,7.7,7.9
244,07X001,7,P.S. 001 Courtlandt School,P.S. 001 Courtlandt School,Jorge Perdomo,EMS,Elementary School,67.39,C,36.9,11.3,18.1,D,8.5,D,7.8,B,2.5,D,C,0.69,0.72,,7.7,7,7.5,7.4
245,07X005,7,P.S. 005 Port Morris,P.S. 005 Port Morris,Mary Padilla,EMS,Elementary School,65.67,B,52.8,47.4,26.7,C,11.1,C,11.4,A,3.6,B,C,0.66,0.98,,8.8,8.4,8.6,8.7
246,07X018,7,P.S. 018 John Peter Zenger,P.S. 018 John Peter Zenger,Jasmin Varela,EMS,Elementary School,66.35,C,47.4,33.4,26.7,C,11,C,6.2,C,3.4,A,C,0.63,0.51,,7.7,7.2,7.5,7.7
247,07X025,7,P.S. 025 Bilingual School,P.S. 025 Bilingual School,Carmen Toledo,EMS,Elementary School,68.65,A,81.6,96.6,46.4,A,17.8,A,12.1,A,5.3,B,A,0.54,0.94,,8.8,8.2,8.3,8.6
248,07X029,7,P.S./M.S. 029 Melrose School,P.S./M.S. 029 Melrose School,Meredith Gotlin,EMS,Elementary/Middle School,61.36,C,42,18.1,23.3,C,8.9,D,7.1,C,2.7,D,C,0.54,0.77,0.91,7.6,7.3,7.5,7.8
249,07X030,7,P.S. 030 Wilton,P.S. 030 Wilton,Debra Michaux,EMS,Elementary School,68.06,B,61.6,68.5,35.1,B,12.6,B,8,B,5.9,A,A,0.78,0.89,,7.9,7.7,7.8,7.9
250,07X031,7,P.S./M.S. 031 The William Lloyd Garrison,P.S./M.S. 031 The William Lloyd Garrison,Liza Diaz,EMS,Elementary/Middle School,64.26,C,41.2,15,19.9,D,10.6,C,7.9,B,2.8,C,C,0.35,0.81,0.93,7.4,7.3,7.5,7.9
251,07X043,7,P.S. 043 Jonas Bronck,P.S. 043 Jonas Bronck,Giovanna Delucchi,EMS,Elementary School,63.88,A,74.9,92.3,44.1,A,19,A,9.1,B,2.7,A,A,0.76,1,,8.4,7.8,8.1,8.2
252,07X049,7,P.S. 049 Willis Avenue,P.S. 049 Willis Avenue,Laura Galloway,EMS,Elementary School,69.05,A,65.3,76.6,33.7,B,18.3,A,9.1,B,4.2,B,C,0.56,0.77,,8.2,7.8,7.6,7.9
253,07X065,7,P.S. 065 Mother Hale Academy,P.S. 065 Mother Hale Academy,Jasmine Gonzalez,EMS,Elementary School,71.02,B,56.4,56.7,35.8,B,8.6,D,7.3,C,4.6,B,C,0.99,1,,7.8,8.1,8,8.1
254,07X151,7,J.H.S. 151 Lou Gehrig,J.H.S. 151 Lou Gehrig,Socorro Rivera,EMS,Middle School,1.89,C,45.9,25.7,21.1,D,11.2,C,9.9,A,3.6,A,A,0.13,1,0.82,6.9,7,7.3,7.8
255,07X154,7,P.S. 154 Jonathan D. Hyatt,P.S. 154 Jonathan D. Hyatt,Marsha Elliott,EMS,Elementary School,64.84,F,25.5,2.1,15.8,D,4.5,F,2.8,F,2.4,C,C,0.49,0.38,,6.8,6.1,6.3,6.3
256,07X157,7,P.S. 157 Grove Hill,P.S. 157 Grove Hill,Ramona Duran,EMS,Elementary School,64.9,D,34.9,9.2,13.4,F,13.9,B,5.6,C,2,C,B,0.52,0.8,,8.1,7.4,7.3,7.8
257,07X161,7,P.S. 161 Ponce De Leon,P.S. 161 Ponce De Leon,Eliamarie Soto,EMS,Elementary School,68.27,C,39.7,15.9,22.5,C,7.8,D,6.3,C,3.1,B,C,0.45,0.97,,7.6,7.2,7.3,7.4
258,07X162,7,J.H.S. 162 Lola Rodriguez De Tio,J.H.S. 162 Lola Rodriguez De Tio,Maryann Manzolillo,EMS,Middle School,2.01,C,38.8,12.4,18.7,D,13.6,B,3,F,3.5,C,B,0.21,0.59,0.8,6.1,6.2,6.4,6.8
259,07X179,7,P.S. 179,P.S. 179,Sherry Font Williams,EMS,Elementary School,67.78,A,64.8,75.4,35,B,14.3,B,10.2,A,5.3,F,C,0.73,0.59,,8.5,7.7,7.9,8
260,07X203,7,M.S. 203,M.S. 203,William Hewlett Jr,EMS,Middle School,2.03,D,34.7,9.1,19.6,D,5.5,F,6,C,3.6,C,C,0.69,0.77,0.76,6.8,6.9,7.2,7.4
261,07X221,7,South Bronx Preparatory: A College Board School,South Bronx Preparatory: A College Board School,Ellen Reddon Flanagan,EMS,Middle/High School,2.21,D,30.1,6.1,12,F,8,D,7.3,C,2.7,C,C,0.47,0.68,0.94,7.4,6.9,7.1,7.7
262,07X221,7,South Bronx Preparatory: A College Board School,South Bronx Preparatory: A College Board School,Ellen Reddon Flanagan,HS,Middle/High School,2.04,A,84.3,94.4,42.2,A,19.1,A,10,B,7,A,A,0.47,0.68,0.94,7.4,6.9,7.1,7.7
263,07X223,7,M.S. 223 The Laboratory School Of Finance And Tech,M.S. 223 The Laboratory School of Finance and Te,Ramon Gonzalez,EMS,Middle School,2.63,B,61.7,66.9,30.8,C,16.3,A,11.5,A,3.1,B,A,0.63,0.91,0.99,8.2,7.5,7.8,8.4
264,07X224,7,P.S. / I.S. 224,P.S. / I.S. 224,Sojourner Welch,EMS,Middle School,2.11,B,52.3,43.1,33.2,B,9.1,C,6.1,C,3.9,D,B,0.88,1,0.88,7.3,7,7.1,7.6
265,07X277,7,P.S. 277,P.S. 277,Cheryl Tyler,EMS,Elementary School,67.64,C,49.7,39,27.3,C,10.1,C,8.8,B,3.4,F,C,0.28,0.66,,8.1,7.6,7.9,7.9
266,07X296,7,South Bronx Academy For Applied Media,South Bronx Academy for Applied Media,Roshone Ault,EMS,Middle School,2.11,B,55.2,50,27,C,16.1,B,7.6,C,4.5,A,A,0.9,1,0.98,7.1,7.3,7.5,7.9
267,07X298,7,Academy Of Public Relations,Academy of Public Relations,Amy Andino,EMS,Middle School,2.22,A,66.5,76.5,39.9,A,14.6,B,7.8,B,4.2,A,A,0.86,0.73,0.98,7.8,6.7,7.5,7.7
268,07X343,7,Academy Of Applied Mathematics And Technology,Academy of Applied Mathematics and Technology,Vincent Gassetto,EMS,Middle School,2.11,A,70.4,82.9,35.9,B,18.6,A,11.9,A,3.9,A,A,0.41,1,0.91,8.8,8.1,8.5,8.8
269,07X369,7,Young Leaders Elementary School,Young Leaders Elementary School,Karen Collins,EMS,Elementary School,69.18,D,29.5,4.1,14,F,4.3,F,8.3,B,2.9,D,D,0.62,1,,7.9,7.2,7.5,7.7
270,07X385,7,Performance School,Performance School,Lourdes Estrella,EMS,Elementary School,66.49,D,32.7,6.1,22.2,C,0.7,F,6,C,3.8,C,C,0.8,0.68,,8,7.3,7.2,7.4
271,07X500,7,Hostos-Lincoln Academy Of Science,Hostos-Lincoln Academy of Science,Nicholas Paarlberg,EMS,Middle/High School,2.83,B,57.1,54.7,34.1,B,14,B,6.1,C,2.8,C,A,0.24,0.64,0.92,7.7,6.3,6.8,7.2
272,07X500,7,Hostos-Lincoln Academy Of Science,Hostos-Lincoln Academy of Science,Nicholas Paarlberg,HS,Middle/High School,2.58,B,66.2,53.2,27.8,C,15.5,A,7.7,C,6,B,B,0.24,0.64,0.92,7.7,6.3,6.8,7.2
273,07X551,7,Bronx Academy Of Letters,Bronx Academy of Letters,Anna Hall,EMS,Middle/High School,2.03,B,57.4,55.8,29.2,C,15.8,B,8,B,4.4,C,B,0.32,0.79,0.87,7,6.5,6.9,7.4
274,07X551,7,Bronx Academy Of Letters,The Urban Assembly Bronx Academy of Letters,Anna Hall,HS,Middle/High School,1.87,B,66.5,55.4,31.1,C,14.3,A,8.8,B,4.5,A,A,0.32,0.79,0.87,7,6.5,6.9,7.4
275,08X014,8,P.S. X014 Senator John Calandra,P.S. X014 Senator John Calandra,Ira Schulman,EMS,Elementary School,39.12,A,72.1,89.2,41.1,A,15.8,B,9.7,A,5.5,D,C,0.71,0.98,,8.5,8.3,8.3,8.5
276,08X036,8,P.S. 036 Unionport,P.S. 036 Unionport,Elvira Maresca,EMS,Elementary School,52.95,B,64.5,74.8,36.1,B,14.9,B,9.8,A,3.6,B,B,0.69,0.82,,8.5,7.9,8.2,8.5
277,08X048,8,P.S. 048 Joseph R. Drake,P.S. 048 Joseph R. Drake,Roxanne Cardona,EMS,Elementary School,70.78,A,67.8,81.8,39.7,A,16.5,A,7.4,B,4.2,A,B,0.57,0.96,,7.7,7.3,7.6,7.8
278,08X062,8,P.S. 062 Inocensio Casanova,P.S. 062 Inocensio Casanova,Lisa Manfredonia,EMS,Elementary School,66.39,B,60.7,65.9,35.1,B,12,C,9.2,B,4.4,A,B,0.66,0.9,,8.4,8,8.1,8.4
279,08X069,8,P.S. 069 The New Vision School,P.S. 069 The New Vision School,Sheila Durant,EMS,Elementary School,60.95,A,85.4,97.4,47.1,A,22.4,A,10.6,A,5.3,A,A,0.65,0.67,,8.6,8.2,8.2,8.6
280,08X071,8,P.S. 071 Rose E. Scala,P.S. 071 Rose E. Scala,Phyllis Calzolaio,EMS,Elementary/Middle School,40.01,B,52.8,44.4,25.5,C,15.6,B,7.8,B,3.8,C,C,0.47,0.89,0.95,7.7,7.5,7.8,8.1
281,08X072,8,P.S. 072 Dr. William Dorney,P.S. 072 Dr. William Dorney,Margarita Colon,EMS,Elementary School,54.08,B,62.2,69.8,38.5,B,11.7,C,8.6,B,3.4,C,C,0.61,0.97,,8.5,7.8,8.2,8.3
282,08X075,8,P.S. 075,P.S. 075,Marines Arrieta-Cruz,EMS,Elementary School,67.06,B,58.8,61.6,30.9,B,18,A,6.7,C,3.2,A,B,0.73,0.98,,7.5,7.3,7.3,7.6
283,08X093,8,P.S. 093 Albert G. Oliver,P.S. 093 Albert G. Oliver,Donald Mattson,EMS,Elementary School,61.55,A,65.4,76.9,39.7,A,11.6,C,8.5,B,5.6,A,B,1,0.4,,8.5,7.3,7.6,7.6
284,08X100,8,P.S. 100 Isaac Clason,P.S. 100 Isaac Clason,Chad Adam Altman,EMS,Elementary School,60.66,C,44.2,23.8,22,C,11.9,C,7.7,B,2.6,B,C,0.42,0.62,,8,7.4,7.7,7.9
285,08X101,8,M.S. X101 Edward R. Byrne,M.S. X101 Edward R. Byrne,Kim Hampton Hewitt,EMS,Middle School,3.23,C,51.3,39.2,22.6,C,16.9,A,10.1,A,1.7,B,C,0.72,0.94,1,8.2,7.7,8,8.4
286,08X107,8,P.S. 107,P.S. 107,Katherine Hamm,EMS,Elementary School,64.39,C,41.3,18.4,28.5,C,3.5,F,5.5,C,3.8,C,D,0.81,0.97,,7.8,7.5,7.7,7.9
287,08X119,8,P.S. 119,P.S. 119,Lydia Tyner,EMS,Elementary School,49.42,B,49.9,40,28.1,C,12.3,C,6.5,C,3,B,C,0.67,0.59,,7.8,7.2,7.4,7.6
288,08X123,8,J.H.S. 123 James M. Kieran,J.H.S. 123 James M. Kieran,Tyra Williams,EMS,Middle School,2.27,C,47.5,29.3,24.4,C,14,B,5.8,C,3.3,B,A,0.65,0.9,0.92,6.9,6.4,6.9,7.3
289,08X125,8,J.H.S. 125 Henry Hudson,J.H.S. 125 Henry Hudson,Anthony Martin,EMS,Middle School,2.53,F,21.5,1.9,11.2,F,5.1,F,3.1,F,2.1,C,B,0.71,1,0.86,6.3,6.2,6.5,6.8
290,08X130,8,P.S. 130 Abram Stevens Hewitt,P.S. 130 Abram Stevens Hewitt,Lourdes Velazquez,EMS,Elementary School,65.64,B,57.8,59.7,32.8,B,9.7,C,10.8,A,4.5,C,C,0.98,1,,8.7,8.2,8.5,8.6
291,08X131,8,J.H.S. 131 Albert Einstein,J.H.S. 131 Albert Einstein,Edward C. Leotta,EMS,Middle School,2.46,C,44.4,22.7,26.4,C,10.2,C,4.9,D,2.9,C,C,0.45,0.97,0.91,6.6,6.5,6.8,7.2
292,08X138,8,P.S. 138 Samuel Randall,P.S. 138 Samuel Randall,Lorraine Carrol-Dawkins,EMS,Elementary School,62.48,C,39.9,16.1,16.2,D,13.7,B,8.3,B,1.7,C,C,0.58,0.97,,8.3,8.3,8.2,8.5
293,08X140,8,P.S. X140 The Eagle School,P.S. X140 The Eagle School,Paul Cannon,EMS,Elementary School,63.73,C,42,19.7,24.1,C,9,C,6.3,C,2.5,C,C,0.63,0.96,,8.2,7.8,7.8,8
294,08X146,8,P.S. 146 Edward Collins,P.S. 146 Edward Collins,Janet-Ann Sanderson,EMS,Elementary School,63.19,C,47.8,34.6,26.1,C,10.5,C,8.1,B,3.1,B,C,0.63,0.93,,8.3,7.9,8,8.3
295,08X152,8,P.S. 152 Evergreen,P.S. 152 Evergreen,Frances Lynch,EMS,Elementary School,68.25,A,77.1,93.8,42.6,A,20.3,A,9.9,A,4.3,A,A,0.25,0.71,,8.8,8,8.2,8.5
296,08X182,8,P.S. 182,P.S. 182,Anne O'grady,EMS,Elementary School,51.33,B,55.5,54.3,29.9,B,15,B,7.6,B,3,B,B,0.37,0.81,,8.2,7.3,7.4,7.9
297,08X269,8,Bronx Studio School For Writers And Artists,Bronx Studio School for Writers and Artists,David Vazquez,EMS,Middle/High School,2.37,B,58.4,58,33.8,B,15.3,B,6.5,C,2.8,C,C,0.43,1,0.78,7.4,7,7.2,7.5
298,08X269,8,Bronx Studio School For Writers And Artists,Bronx Studio School for Writers and Artists,David Vazquez,HS,Middle/High School,2.11,,,,,,,,,,,,,0.43,1,0.78,7.4,7,7.2,7.5
299,08X301,8,M.S. 301 Paul L. Dunbar,M.S. 301 Paul L. Dunbar,Benjamin Basile,EMS,Middle School,2.27,C,49.5,34.3,30.5,C,9.7,C,6.1,C,3.1,C,C,0.68,0.81,0.75,7.1,7.2,7.4,7.7
300,08X302,8,M.S. 302 Luisa Dessus Cruz,M.S. 302 Luisa Dessus Cruz,Liza Ortiz,EMS,Middle School,2.04,C,51.2,39,24.6,C,16.4,A,7.4,C,2.8,A,A,0.61,0.64,0.89,7.4,7,7.4,7.8
301,08X304,8,P.S. 304 Early Childhood School,P.S. 304 Early Childhood School,Joseph Nobile,EMS,Elementary School,31.62,B,59.6,63.6,25.2,C,21.4,A,10.9,A,2.1,B,B,0.99,1,,8.6,8.4,8.3,8.7
302,08X333,8,P.S. 333 - The Museum School,P.S. 333 - The Museum School,Arthur Brown,EMS,Elementary School,71.25,C,41,17.9,21.9,C,11,C,5.7,C,2.4,C,C,0.62,0.76,,8.1,7,7.2,7.3
303,08X335,8,The Academy Of The Arts,The Academy of the Arts,Erik Wright,EMS,Elementary School,70.37,B,52.3,45.6,23,C,16.6,A,9.8,A,2.9,B,B,0.47,0.41,,8.3,8.1,8.1,8.3
304,08X337,8,The School For Inquiry And Social Justice,The School for Inquiry and Social Justice,Andrea Cyprys,EMS,Middle School,2.26,A,78.5,91.2,41.5,A,22.1,A,10.6,A,4.3,A,A,0.58,0.96,0.97,7.9,7,7.6,8.2
305,08X366,8,Urban Assembly Academy Of Civic Engagement,Urban Assembly Academy of Civic Engagement,Cameron Berube,EMS,Middle School,2.1,D,31,6.9,8.5,F,13,B,6.2,C,3.3,C,C,0.51,0.6,0.89,6.8,6.4,6.8,7.3
306,08X367,8,"Archimedes Academy For Math, Science And Technolog","Archimedes Academy for Math, Science and Technol",Miriam Lazar,EMS,Middle/High School,2.47,B,59.6,60.5,36.1,B,15.2,B,4.6,D,3.7,B,C,0.37,0.86,0.92,6.9,5.9,6.4,6.6
307,08X367,8,"Archimedes Academy For Math, Science And Technolog","Archimedes Academy for Math, Science and Technology Applications",Miriam Lazar,HS,Middle/High School,1.92,,,,,,,,,,,,,0.37,0.86,0.92,6.9,5.9,6.4,6.6
308,08X371,8,Urban Institute Of Mathematics,Urban Institute of Mathematics,Jennifer Joynt,EMS,Middle School,2.69,B,58.4,58,30.7,C,16.9,A,7.7,B,3.1,B,B,0.55,0.62,0.98,7.7,7.3,7.3,8.1
309,08X375,8,The Bronx Mathematics Preparatory School,The Bronx Mathematics Preparatory School,Anya Munce,EMS,Middle School,2.21,F,19.7,1.7,8.1,F,4.8,F,3.5,D,3.3,C,C,0.3,0.94,0.84,6.4,6.4,6.4,6.8
310,08X376,8,"Antonia Pantoja Preparatory Academy, A College Boa","Antonia Pantoja Preparatory Academy, A College B",Nancy Jacqueline Diaz,EMS,Middle/High School,2.49,D,27.5,4.7,9.4,F,11.6,C,4,D,2.5,B,C,0.32,0.79,0.85,6.5,5.8,6,6.4
311,08X376,8,"Antonia Pantoja Preparatory Academy, A College Boa","Antonia Pantoja Preparatory Academy, A College Board School",Nancy Jacqueline Diaz,HS,Middle/High School,1.82,,,,,,,,,,,,,0.32,0.79,0.85,6.5,5.8,6,6.4
312,08X424,8,The Hunts Point School,The Hunts Point School,John Hughes,EMS,Middle School,2.24,C,39.2,13.3,20.1,D,8,D,7.5,C,3.6,C,B,0.33,0.67,0.88,7.3,7.3,7.8,8
313,08X448,8,Soundview Academy For Culture And Scholarship,SOUNDVIEW ACADEMY FOR CULTURE AND SCHOLARSHIP,William Frackelton,EMS,Middle School,2.41,B,55.8,52.5,35.4,B,11.9,C,5.6,C,2.9,D,.,0.81,0.81,0.89,7,6.7,7.3,7.4
314,08X467,8,Mott Hall Community School,MOTT HALL COMMUNITY SCHOOL,Geovanti Steward,EMS,Middle School,2.39,C,43.7,21.6,17.6,D,15.7,B,7.9,B,2.5,B,.,0.31,0.86,0.89,7.3,7.3,7.5,7.7
315,09X002,9,P.S. 002 Morrisania,P.S. 002 Morrisania,Lisa Debonis,EMS,Middle School,1.62,,.,.,.,,.,,.,,.,.,.,0.87,1,,8.5,7.9,7.9,8.4
316,09X004,9,P.S./M.S. 004 Crotona Park West,P.S./M.S. 004 Crotona Park West,Vincent Resto,EMS,Elementary/Middle School,63.95,A,76.5,95,46.1,A,18.1,A,6.8,C,5.5,C,B,1,0.92,0.92,7.2,6.9,7,7.3
317,09X011,9,P.S. 011 Highbridge,P.S. 011 Highbridge,Elizabeth Hachar,EMS,Elementary School,66.67,B,55.9,55.6,30.7,B,10.4,C,11.2,A,3.5,D,B,0.64,0.58,,8.6,8.3,8.2,8.5
318,09X022,9,J.H.S. 022 Jordan L. Mott,J.H.S. 022 Jordan L. Mott,Linda Rosenbury,EMS,Middle School,2.26,C,39.3,13.5,20.9,D,8.1,D,7.6,C,2.7,C,C,0.29,0.66,0.75,7.1,7,7.2,7.6
319,09X028,9,P.S. 028 Mount Hope,P.S. 028 Mount Hope,Marie Barresi,EMS,Elementary School,71.65,C,37.1,11.8,17.1,D,11.9,C,5,D,3.1,B,B,0.58,0.7,,6.9,6.8,6.9,7.1
320,09X035,9,P.S. 035 Franz Siegel,P.S. 035 Franz Siegel,Graciela Navarro,EMS,Elementary School,61.19,B,63.9,73,32.8,B,19.9,A,8.9,B,2.3,B,C,0.98,0.86,,8.3,7.4,7.7,7.9
321,09X042,9,P.S. 042 Claremont,P.S. 042 Claremont,Patricia Rigot Kulow,EMS,Elementary School,69.74,C,40.7,17.2,19,D,10.6,C,7.5,B,3.6,C,A,0.55,0.76,,7.6,7.5,7.6,7.7
322,09X053,9,P.S. 053 Basheer Quisim,P.S. 053 Basheer Quisim,Dr. Collin Wolfe,EMS,Elementary School,66.54,A,68.2,83.1,37.2,B,20.1,A,6.7,C,4.2,B,C,0.5,0.83,,7.6,7.3,7.5,7.8
323,09X055,9,P.S. 055 Benjamin Franklin,P.S. 055 Benjamin Franklin,Luis Torres,EMS,Elementary School,66.74,C,38.4,14.3,23.9,C,4.6,F,6.3,C,3.6,B,C,0.39,0.82,,7.5,7.1,7.2,7.3
324,09X058,9,P.S. 058,P.S. 058,Velma Gunn,EMS,Elementary School,69.63,C,45.7,28,27.9,C,9.3,C,4.1,D,4.4,D,C,0.74,0.9,,7.9,7.3,7.5,7.3
325,09X063,9,P.S. 063 Author'S Academy,P.S. 063 Author's Academy,Reinaldo Diaz-Lens,EMS,Elementary School,64.9,A,65.7,77.5,29.1,C,22.9,A,10,A,3.7,C,B,0.75,1,,8.2,8.1,8.3,8.5
326,09X064,9,P.S. 064 Pura Belpre,P.S. 064 Pura Belpre,Tara Obrien,EMS,Elementary School,74.49,D,34.8,8.9,23.2,C,4.8,F,3.9,D,2.9,D,C,0.48,0.92,,6.8,6.5,6.6,6.7
327,09X070,9,P.S. 070 Max Schoenfeld,P.S. 070 Max Schoenfeld,Kerry Castellano,EMS,Elementary School,66.23,C,43.6,22.5,25.2,C,8.7,D,6.8,C,2.9,C,C,0.62,0.68,,7.9,7.3,7.4,7.6
328,09X073,9,P.S. 073 Bronx,P.S. 073 Bronx,Jean Mirvil,EMS,Elementary School,62.35,D,23.8,1.5,10.2,F,3.2,F,8.4,B,2,A,B,0.73,0.81,,8.2,8.2,8.1,8.2
329,09X109,9,P.S. 109 Sedgwick,P.S. 109 Sedgwick,Amanda Blatter,EMS,Elementary School,67.79,B,61.8,69.3,32.7,B,17.4,A,9.2,B,2.5,B,A,0.95,0.78,,8.1,7.8,7.8,8
330,09X110,9,P.S. 110 Theodore Schoenfeld,P.S. 110 Theodore Schoenfeld,Daisy Perez,EMS,Elementary School,65.25,B,53.9,50.7,23.6,C,15.5,B,10.5,A,4.3,B,B,0.43,0.88,,8.3,8.1,8.1,8.4
331,09X114,9,P.S. X114 - Luis Llorens Torres Schools,P.S. X114 - Luis Llorens Torres Schools,Olivia Francis-Webber,EMS,Elementary School,66.06,B,54.7,52.5,34.5,B,8.6,D,7.8,B,3.8,F,B,0.58,0.68,,7.9,7.2,7.5,7.7
332,09X117,9,I.S. 117 Joseph H. Wade,I.S. 117 Joseph H. Wade,Delise Jones,EMS,Middle School,2.13,B,62.2,68,37.1,B,13.4,B,7.4,C,4.3,C,B,0.38,0.94,0.92,7.2,7,7.4,7.7
333,09X126,9,P.S. 126 Dr Marjorie H Dunbar,P.S. 126 Dr Marjorie H Dunbar,Nadine Kee-Foster,EMS,Elementary School,66.14,C,44.1,23.4,24,C,11.5,C,5.4,C,3.2,A,B,0.29,0.72,1,7,7,7.3,7.6
334,09X128,9,Mott Hall Iii,Mott Hall III,Jorisis Stupart,EMS,Middle School,2.89,C,50.9,37.6,24.8,C,16.3,A,7.6,C,2.2,A,A,0.6,0.83,0.95,7.7,7.1,7.4,8.3
335,09X132,9,P.S. 132 Garret A. Morgan,P.S. 132 Garret A. Morgan,Anissa Chalmers,EMS,Elementary School,69.2,D,33.4,6.6,22.2,C,5.6,F,2.3,F,3.3,C,B,0.56,0.8,,7,6.1,6.5,6.8
336,09X145,9,J.H.S. 145 Arturo Toscanini,J.H.S. 145 Arturo Toscanini,Robert Hannibal,EMS,Middle School,2.15,B,55.2,50,29.8,C,10.9,C,10.6,A,3.9,B,B,0.76,1,0.97,8,7.5,7.9,8.1
337,09X163,9,P.S. 163 Arthur A. Schomburg,P.S. 163 Arthur A. Schomburg,Dilsia Martinez,EMS,Elementary School,69.24,C,36.1,10.7,17,D,9.3,C,7.2,C,2.6,C,C,0.45,0.32,,7.6,6.9,7.1,7.5
338,09X199,9,P.S. 199X - The Shakespeare School,P.S. 199X - The Shakespeare School,Lilia Navarrete,EMS,Elementary School,67.14,C,46.1,29,17.8,D,15.6,B,8.6,B,4.1,A,A,0.56,0.63,,8.1,7.8,8,8.3
339,09X204,9,P.S. 204 Morris Heights,P.S. 204 Morris Heights,Marcy Glattstein,EMS,Elementary School,64.96,A,79.8,96.1,38.7,B,22.7,A,13.6,A,4.8,B,A,0.77,1,,9.1,8.7,8.8,9
340,09X215,9,Kappa,Kappa,Sheri Warren,EMS,Middle School,2.86,B,58.9,59.4,33.6,B,15,B,8.1,B,2.2,B,B,0.9,0.63,0.99,7.6,6.9,7.1,7.8
341,09X218,9,P.S./I.S. 218 Rafael Hernandez Dual Language Magne,P.S./I.S. 218 Rafael Hernandez Dual Language Mag,Leticia Rosario,EMS,Elementary/Middle School,59.38,C,46.4,30.6,16.9,F,15.1,B,10.9,A,3.5,C,A,0.65,0.74,0.98,7.7,7.4,7.6,8.1
342,09X219,9,I.S. 219 New Venture School,I.S. 219 New Venture School,Dominic Cipollone,EMS,Middle School,2.04,B,52.7,44.2,33.1,B,10.7,C,5.2,D,3.7,C,B,0.27,0.66,0.91,6.5,6.5,6.8,7.2
343,09X229,9,I.S. 229 Roland Patterson,I.S. 229 Roland Patterson,Ezra Matthias,EMS,Middle School,1.81,B,62.6,68.8,38.9,B,12.1,C,7.2,C,4.4,B,B,0.94,0.66,0.96,6.9,6.5,7,7
344,09X230,9,P.S. 230 Dr Roland N. Patterson,P.S. 230 Dr Roland N. Patterson,Rowena Penn-Jackson,EMS,Elementary School,64.85,F,20.4,0.3,13.5,F,0.2,F,3.5,F,3.2,C,C,0.51,0.33,,7.6,7.2,7.3,7.5
345,09X231,9,Eagle Academy For Young Men,Eagle Academy for Young Men,Jonathan Foy,EMS,Middle/High School,2.41,C,39.4,13.8,15.4,D,12.3,C,8.5,B,3.1,.,.,0.41,0.69,0.85,7.4,7.2,7.5,7.6
346,09X231,9,Eagle Academy For Young Men,Eagle Academy for Young Men,Jonathan Foy,HS,Middle/High School,1.74,B,65.4,50.7,26.1,C,14.6,A,10.6,A,6.3,B,B,0.41,0.69,0.85,7.4,7.2,7.5,7.6
347,09X232,9,I.S. 232,I.S. 232,Neifi Acosta,EMS,Middle School,2.19,A,73.9,87,45.6,A,14.6,B,7.9,B,5.8,A,A,0.94,0.94,0.93,7.2,7,7.1,7.7
348,09X241,9,Urban Assembly School For Applied Math And Science,Urban Assembly School for Applied Math and Scien,Kenneth Baum,EMS,Middle/High School,2.57,B,61,63.8,32.6,B,16.6,A,8.3,B,3.5,B,B,0.46,0.96,0.84,7.7,7,7.1,7.7
349,09X241,9,Urban Assembly School For Applied Math And Science,"Urban Assembly School for Applied Math and Science, The",Kenneth Baum,HS,Middle/High School,2.28,A,74.9,78.6,35.8,B,18.6,A,9.2,B,2.6,A,,0.46,0.96,0.84,7.7,7,7.1,7.7
350,09X303,9,I.S. X303 Leadership & Community Service,I.S. X303 Leadership & Community Service,Patricia Bentley,EMS,Middle School,2.57,C,44.1,22.1,19.8,D,11.2,C,10.7,A,2.4,C,C,0.82,0.92,0.95,8.5,7.9,8.2,8.4
351,09X313,9,I.S. 313 School Of Leadership Development,I.S. 313 School of Leadership Development,Lauren Wilkins,EMS,Middle School,2.21,C,48.5,32.6,31.2,B,9.1,C,4.9,D,3.3,C,B,0.24,0.74,0.89,6.7,6.8,7.1,7.4
352,09X323,9,Bronx Writing Academy,Bronx Writing Academy,Kamar Samuels,EMS,Middle School,2.34,C,50.6,37,33.6,B,9.4,C,4.2,D,3.4,C,A,0.55,0.92,0.76,6.7,6.8,6.9,7.5
353,09X324,9,Bronx Early College Academy For Teaching & Learnin,Bronx Early College Academy for Teaching & Learn,Yvette Rivera,EMS,Middle/High School,2.33,D,36.1,9.9,19.8,D,10.9,C,3.2,F,2.2,C,B,0.25,0.55,0.7,6.7,5.5,6.1,6.4
354,09X324,9,Bronx Early College Academy For Teaching & Learnin,Bronx Early College Academy for Teaching & Learning,Yvette Rivera,HS,Middle/High School,2.51,,,,,,,,,,,,,0.25,0.55,0.7,6.7,5.5,6.1,6.4
355,09X325,9,Urban Science Academy,Urban Science Academy,Patrick Kelly,EMS,Middle School,2.25,B,53.6,46.1,34.3,B,9.6,C,5.4,C,4.3,C,B,0.59,0.67,0.92,6.7,6.3,6.8,7
356,10X254,10,I.S. 254,I.S. 254,Wilford Hemans,EMS,Middle School,2.15,B,62.8,69.1,37.7,B,13.5,B,6.4,C,5.2,C,A,0.28,0.97,0.96,6.9,6.2,6.8,7.1
357,09X327,9,Comprehensive Model School Project M.S. 327,Comprehensive Model School Project M.S. 327,Manuel Ramirez,EMS,Middle School,2.49,A,91.5,97.8,56,A,21.1,A,9.1,B,5.3,B,A,0.73,0.88,0.94,7.8,7.2,7.4,8.2
358,09X328,9,New Millennium Business Academy Middle School,New Millennium Business Academy Middle School,Dorald Bastian,EMS,Middle School,2.13,C,48.2,31.8,27.9,C,12.1,C,4.7,D,3.5,D,C,0.74,0.88,0.8,6.8,6.5,6.9,7.4
359,09X339,9,I.S. 339,I.S. 339,"Outerbridge, Kim",EMS,Middle School,2.17,C,48.5,32.6,30.7,C,10.4,C,4.1,D,3.3,D,B,0.44,0.71,0.81,6.4,6.3,6.7,7.1
360,09X413,9,Bronx High School For Medical Science,Bronx High School for Medical Science,William Quintana,EMS,Middle/High School,2.7,B,54.5,48.3,29.6,C,13.8,B,8.5,B,2.6,B,B,0.33,1,0.94,7.4,6.9,7.1,7.5
361,09X413,9,Bronx High School For Medical Science,Bronx High School for Medical Science,William Quintana,HS,Middle/High School,2.74,B,60.7,39.6,29.3,C,14.4,A,9.5,B,1.6,C,B,0.33,1,0.94,7.4,6.9,7.1,7.5
362,09X443,9,The Family School,THE FAMILY SCHOOL,Pamela Lee,EMS,Elementary School,68.52,C,46.8,32.3,27.5,C,7.7,D,7.6,B,4,D,.,0.68,0.65,,7.9,7,7.4,7.7
363,09X454,9,Science And Technology Academy: A Mott Hall School,SCIENCE AND TECHNOLOGY ACADEMY: A MOTT HALL SCHO,Dr. Patrick Awosogba,EMS,Middle School,2.37,A,65.7,75.7,37.7,B,14.3,B,9.6,B,4.1,A,.,0.63,1,0.97,7.8,7.5,7.9,8.4
364,09X457,9,Sheridan Academy For Young Leaders,SHERIDAN ACADEMY FOR YOUNG LEADERS,Lisette Febus,EMS,Elementary School,63.18,C,35.9,10.2,20.4,D,6.2,F,7,C,2.3,C,.,0.95,0.93,,8.3,7,7.5,7.7
365,09X505,9,"Bronx School For Law, Government And Justice","Bronx School for Law, Government and Justice",Meisha Ross-Porter,EMS,Middle/High School,2.74,C,46,26,23.2,C,13.6,B,6.1,C,3,C,C,0.58,0.92,0.85,7.1,6.6,6.8,7.2
366,09X505,9,"Bronx School For Law, Government And Justice","Bronx School for Law, Government and Justice",Meisha Ross-Porter,HS,Middle/High School,2.23,B,62.9,43.8,30.1,C,13.2,B,8.9,B,3.6,C,B,0.58,0.92,0.85,7.1,6.6,6.8,7.2
367,09X517,9,Frederick Douglass Academy Iii Secondary School,Frederick Douglass Academy III Secondary School,Rahesha Amon,EMS,Middle/High School,2.44,,.,.,.,,.,,.,,.,.,C,0.83,0.86,0.95,7.2,6.9,7.2,7.5
368,09X517,9,Frederick Douglass Academy Iii Secondary School,Frederick Douglass Academy III Secondary School,Rahesha Amon,HS,Middle/High School,1.88,B,63.5,44.8,29.5,C,15,A,8.1,C,5.4,B,B,0.83,0.86,0.95,7.2,6.9,7.2,7.5
369,10X003,10,P.S. 3 Raul Julia Micro Society,P.S. 3 Raul Julia Micro Society,Denise Brown,EMS,Elementary/Middle School,61.11,C,44,25,24.2,C,12.4,C,4.1,F,3.2,B,A,0.58,0.65,0.95,7.2,6.6,6.7,7.1
370,10X007,10,P.S. 007 Kingsbridge,P.S. 007 Kingsbridge,Frank Patterson,EMS,Elementary School,54.48,A,85.9,97.9,51.2,A,17.5,A,13,A,4.2,A,C,0.93,1,,9,8.2,8.4,8.8
371,10X008,10,P.S. 008 Issac Varian,P.S. 008 Issac Varian,Rosa Maria Peralta,EMS,Elementary School,60.73,A,65.8,78,35.4,B,16.2,A,11.1,A,3.1,B,B,0.46,0.89,,8.8,8.3,8.5,8.6
372,10X009,10,P.S. 9 Ryer Avenue Elementary School,P.S. 9 Ryer Avenue Elementary School,Jacqueline Bailey,EMS,Elementary School,69.36,C,44.9,25.3,23.5,C,11.3,C,6.3,C,3.8,C,C,0.72,1,,8,7.3,7.7,7.9
373,10X015,10,P.S. X015 Institute For Environmental Learning,P.S. X015 Institute for Environmental Learning,Tara Edmonds,EMS,Elementary/Middle School,59.01,B,64,74.4,31.1,B,19.3,A,11,A,2.6,A,A,0.62,0.87,0.99,7.9,7.3,7.6,8.1
374,10X020,10,P.S. 20 P.O.George J. Werdan Iii,P.S. 20 P.O.George J. Werdan III,Carol Carlsen,EMS,Elementary/Middle School,54.4,A,64.2,75.6,38,B,14,B,7.5,C,4.7,C,B,0.7,0.87,0.94,7.5,7,7.4,7.9
375,10X024,10,P.S. 024 Spuyten Duyvil,P.S. 024 Spuyten Duyvil,Donna Connelly,EMS,Elementary School,24.3,C,48.8,36.9,25,C,18,A,3.6,F,2.2,B,C,0.5,0.67,,7.8,6.4,7,7.2
376,10X032,10,P.S. 032 Belmont,P.S. 032 Belmont,Adalia Rosamilia,EMS,Elementary School,65.96,A,65.4,76.9,29.8,B,18.8,A,11.1,A,5.7,B,A,0.91,0.9,,8.7,8.1,8.4,8.5
377,10X033,10,P.S. 033 Timothy Dwight,P.S. 033 Timothy Dwight,Lynette Santos,EMS,Elementary School,65.89,C,44.7,24.9,23.4,C,9.2,C,7.7,B,4.4,C,A,0.74,0.34,,7.7,7.7,7.6,7.8
378,10X037,10,P.S. X037 - Multiple Intelligence School,P.S. X037 - Multiple Intelligence School,Kenneth Petriccione,EMS,Elementary/Middle School,61.03,B,59.6,65,32.5,B,15.2,B,8,B,3.9,C,B,0.54,0.77,0.94,7.5,7.1,7.4,7.9
379,10X045,10,Thomas C. Giordano Middle School 45,Thomas C. Giordano Middle School 45,Annamaria Giordano,EMS,Middle School,2.56,D,31.3,7.5,12.7,F,11.1,C,4.8,D,2.7,C,C,0.31,0.75,0.93,6.6,6.2,6.7,7.3
380,10X046,10,P.S. 046 Edgar Allan Poe,P.S. 046 Edgar Allan Poe,Jennifer Alexander-Ade,EMS,Elementary School,69.27,B,52.8,47.4,30.3,B,10.5,C,8.3,B,3.7,C,C,0.67,0.94,,7.8,7.5,7.6,7.7
381,10X051,10,P.S. 051 Bronx New School,P.S. 051 Bronx New School,Paul Smith,EMS,Elementary School,52,A,66.8,80,39.7,A,16.5,A,7.3,C,3.2,A,B,0.83,0.9,,8.1,7.3,7.6,8.2
382,10X054,10,P.S. / I.S. 54,P.S. / I.S. 54,Maribelle Nunez-Pardo,EMS,Elementary School,68.05,C,46.2,29.7,28.4,C,8.4,D,5.6,C,3.8,D,C,0.71,1,,7.5,7,7.3,7.3
383,10X056,10,P.S. 056 Norwood Heights,P.S. 056 Norwood Heights,Priscilla Sheeran,EMS,Elementary School,49.17,A,71.7,88.2,41.7,A,16.1,A,9.7,A,4.2,A,A,0.96,0.98,,8.6,8.3,8.7,8.8
384,10X059,10,P.S. 059 The Community School Of Technology,P.S. 059 The Community School of Technology,Sita Basu,EMS,Elementary School,70.25,B,51.9,43.6,26.2,C,14.2,B,8.2,B,3.3,B,B,1,1,,8.3,7.5,7.8,7.9
385,10X080,10,J.H.S. 080 The Mosholu Parkway,J.H.S. 080 The Mosholu Parkway,Lovey Mazique-Rivera,EMS,Middle School,2.08,B,60.4,61.6,33.6,B,16.2,B,6.2,C,4.4,C,B,0.25,0.8,0.49,6.7,6.4,6.8,7.1
386,10X081,10,P.S. 081 Robert J. Christen,P.S. 081 Robert J. Christen,Melodie Mashel,EMS,Elementary School,33.7,B,50.3,40.8,22.8,C,14.7,B,10,A,2.8,C,C,0.93,1,,8.5,8.1,8.3,8.6
387,10X085,10,P.S. 085 Great Expectations,P.S. 085 Great Expectations,Ted Husted,EMS,Elementary School,71.31,B,50.6,41.6,32.7,B,6,F,7.8,B,4.1,C,C,0.45,0.65,,7.6,7.6,7.7,7.9
388,10X086,10,P.S. 086 Kingsbridge Heights,P.S. 086 Kingsbridge Heights,Fiona Tyson,EMS,Elementary School,63.17,A,77.7,94.3,40.3,A,19.6,A,13,A,4.8,A,A,0.55,1,0.96,8.9,8.5,8.9,9.1
389,10X091,10,P.S. 091 Bronx,P.S. 091 Bronx,Meridith Struhl Nasjlett,EMS,Elementary School,66.61,B,53.1,48.2,30.9,B,14.4,B,4.7,D,3.1,C,B,0.66,0.87,,7.4,6.7,7,7.3
390,10X094,10,P.S. 094 Kings College School,P.S. 094 Kings College School,Diane Daprocida,EMS,Elementary School,60.24,D,27.9,3.4,14.2,F,6.7,D,5.1,D,1.9,C,C,0.65,0.77,,7.6,7.1,7.3,7.4
391,10X095,10,P.S. 095 Sheila Mencher,P.S. 095 Sheila Mencher,Serge Marshall Davis,EMS,Elementary/Middle School,55.22,B,55.6,56.3,34.5,B,14.1,B,2.5,F,4.5,C,B,0.61,0.51,0.98,6.5,6.2,6.3,6.9
392,10X118,10,J.H.S. 118 William W. Niles,J.H.S. 118 William W. Niles,Elizabeth Lawrence,EMS,Middle School,2.88,C,50.4,36.7,26.9,C,15.3,B,5.6,C,2.6,C,C,0.65,0.95,0.96,7.3,6.5,7.1,7.5
393,10X141,10,Riverdale / Kingsbridge Academy (Middle School / H,Riverdale / Kingsbridge Academy (Middle School /,Lori O'mara,EMS,Middle/High School,2.81,B,55.5,51.1,29.9,C,16.5,A,5.2,D,3.9,C,D,0.22,0.6,0.88,6.9,6.6,6.8,7
394,10X141,10,Riverdale / Kingsbridge Academy (Middle School / H,Riverdale / Kingsbridge Academy (Middle School / High School 141),Lori O'mara,HS,Middle/High School,2.38,B,69.2,64.5,35.8,B,15.2,A,6.9,D,3.8,A,A,0.22,0.6,0.88,6.9,6.6,6.8,7
395,10X159,10,P.S. 159 Luis Munoz Marin Biling,P.S. 159 Luis Munoz Marin Biling,Luis Liz,EMS,Elementary School,68.93,C,42.7,21,16.9,D,10.8,C,11.3,A,3.7,C,B,0.88,1,,8.7,7.8,8,8.1
396,10X205,10,P.S. 205 Fiorello Laguardia,P.S. 205 Fiorello Laguardia,Carol Rosado,EMS,Elementary School,61.91,A,70,86.7,36.2,B,22.1,A,8.4,B,3.3,B,A,0.88,1,,8.2,7.5,7.8,8
397,10X206,10,I.S. 206 Ann Mersereau,I.S. 206 Ann Mersereau,David Neering,EMS,Middle School,2.43,C,41.1,16.3,20.5,D,8.8,D,8.6,B,3.2,C,B,1,0.76,0.9,7.5,7.2,7.6,8
398,10X225,10,Theatre Arts Production Company School,Theatre Arts Production Company School,Lynn Passarella,EMS,Middle/High School,2.4,C,45.9,25.7,20.2,D,16.2,B,6.9,C,2.6,C,B,0.19,0.57,0.81,7,6.9,6.9,7.2
399,10X225,10,Theatre Arts Production Company School,Theatre Arts Production Company School,Lynn Passarella,HS,Middle/High School,2.38,B,63,43.8,30.2,C,16.9,A,6.7,D,2.9,,,0.19,0.57,0.81,7,6.9,6.9,7.2
400,10X226,10,P.S. 226,P.S. 226,Gloria Darden,EMS,Elementary School,67.85,C,37.6,12.3,17.4,D,9.9,C,8,B,2.3,C,D,0.62,0.52,,7.9,7.1,7.2,7.2
401,10X228,10,Jonas Bronck Academy,Jonas Bronck Academy,Donalda Chumney,EMS,Middle School,2.57,B,56.9,54.4,22.9,C,17.7,A,12.6,A,3.7,B,A,0.58,0.65,0.96,8.2,7.5,8,8.3
402,10X243,10,West Bronx Academy For The Future,West Bronx Academy for the Future,Wilper Morales,EMS,Middle/High School,2.35,D,25.2,3.6,3.4,F,12,C,6.8,C,3,C,C,0.43,0.88,0.9,6.7,6.3,6.8,7.1
403,10X243,10,West Bronx Academy For The Future,West Bronx Academy for the Future,Wilper Morales,HS,Middle/High School,1.85,C,56.2,25.1,28.6,C,10.1,C,6.5,D,5.7,C,C,0.43,0.88,0.9,6.7,6.3,6.8,7.1
404,10X244,10,The New School For Leadership And Journalism,The New School for Leadership and Journalism,Dolores Peterson,EMS,Middle School,2.26,A,94.8,99.2,55,A,22,A,12.3,A,5.5,A,B,0.27,0.35,0.77,8.2,7.7,8.3,8.7
405,10X246,10,P.S. 246 Poe Center,P.S. 246 Poe Center,Beverly Miller,EMS,Elementary School,64.27,C,38.3,14.1,19.5,D,7.9,D,7.9,B,3,B,C,0.5,0.47,,8,7.6,7.6,8
406,10X279,10,"P.S. 279 Captain Manuel Rivera, Jr.","P.S. 279 Captain Manuel Rivera, Jr.",James Waslawski,EMS,Elementary/Middle School,65.51,A,64.9,76.9,38.6,A,13,B,7.7,B,5.6,B,B,0.81,1,0.99,7.1,6.7,7.1,7.3
407,10X280,10,P.S./M.S. 280 Mosholu Parkway,P.S./M.S. 280 Mosholu Parkway,James Weeks,EMS,Elementary/Middle School,55.71,A,65.7,78.8,33.6,B,18.9,A,9.8,A,3.4,B,A,0.59,0.9,0.74,7.7,7.3,7.8,8.1
408,10X291,10,P.S. 291,P.S. 291,Carlos Velez,EMS,Elementary School,69.86,A,77,93.6,38.3,B,21.6,A,13.2,A,3.9,B,B,0.94,1,,9.2,8.5,8.9,9.1
409,10X306,10,P.S. 306,P.S. 306,Darryl Harrington,EMS,Elementary School,65.97,C,43.7,22.6,24.6,C,9.5,C,6.3,C,3.3,D,C,0.7,0.83,,7.6,7,7.1,7.2
410,10X307,10,P.S. X307 - Eames Place,P.S. X307 - Eames Place,Luisa Fuentes,EMS,Elementary School,60.67,A,67.3,81.2,25.7,C,23.4,A,14.4,A,3.7,A,A,1,1,,9.1,8.4,8.6,9
411,10X308,10,Bronx Dance Academy School,Bronx Dance Academy School,Sandra Sanchez,EMS,Middle School,2.37,A,73.1,85.6,43.6,A,19.3,A,6.9,C,3.3,B,B,0.65,1,0.86,7.2,6.5,7,7.3
412,10X310,10,P.S. 310 Marble Hill,P.S. 310 Marble Hill,Elizabeth Cardona,EMS,Elementary School,64.37,A,70.1,86.9,39.4,A,16.8,A,9.8,A,4.1,D,A,0.77,1,,8.4,7.8,8.1,8.2
413,10X315,10,P.S. 315 Lab School,P.S. 315 Lab School,Gaby Flores,EMS,Elementary/Middle School,60.27,A,77.4,95.6,39.2,A,21.4,A,14.1,A,2.7,A,A,1,0.79,0.99,8.5,8,8.5,8.9
414,10X331,10,The Bronx School Of Science Inquiry And Investigat,The Bronx School of Science Inquiry and Investig,Serapha Cruz,EMS,Middle School,2.23,B,54.3,47.5,27.6,C,12.4,C,11,A,3.3,B,B,0.5,0.91,0.85,7.6,7.3,7.5,8
415,10X340,10,P.S. 340,P.S. 340,Nelly Maldonado,EMS,Elementary School,63.36,A,73.1,90.5,43.8,A,15.9,B,9.4,B,4,C,B,0.92,1,1,8.5,7.6,8,8.5
416,10X342,10,International School For Liberal Arts,International School for Liberal Arts,Migdalia Carrillo,EMS,Middle/High School,2.32,A,93.3,98.1,59.4,A,15.3,B,10.7,A,7.9,A,B,0.71,0.93,0.93,7.8,7.1,7.5,7.7
417,10X342,10,International School For Liberal Arts,International School for Liberal Arts,Migdalia Carrillo,HS,Middle/High School,2.17,A,70.3,66.2,37.7,B,9.8,C,10.7,A,7.4,C,B,0.71,0.93,0.93,7.8,7.1,7.5,7.7
418,10X344,10,Ampark Neighborhood,Ampark Neighborhood,Elizabeth Lopez-Towey,EMS,Elementary School,34.63,C,47.5,33.9,24.1,C,17.1,A,4.7,D,1.5,C,.,0.55,0.6,,8.3,6.8,7.1,7.4
419,10X360,10,P.S. 360,P.S. 360,Nancy Rodriguez-Lewis,EMS,Elementary School,62.75,B,51.2,42.5,32.2,B,10.9,C,5.1,D,3,C,B,0.31,0.92,0.99,7.8,6.8,7.2,7.8
420,10X363,10,Academy For Personal Leadership And Excellence,ACADEMY FOR PERSONAL LEADERSHIP AND EXCELLENCE,Angelo Ledda,EMS,Middle School,2.11,C,37.8,11.6,18.9,D,7.2,D,8.7,B,3,.,.,0.74,0.88,0.97,7.8,7.2,7.2,7.8
421,10X368,10,In-Tech Academy (M.S. / High School 368),In-Tech Academy (M.S. / High School 368),Yvette Allen,EMS,Middle/High School,2.51,B,51.9,41.7,26.8,C,14.6,B,7.1,C,3.4,B,B,0.37,0.84,0.89,7.2,6.6,6.8,7.2
422,10X368,10,In-Tech Academy (M.S. / High School 368),In-Tech Academy (M.S. / High School 368),Yvette Allen,HS,Middle/High School,2.47,C,57.9,29.3,30.2,C,11.8,B,7.9,C,3.3,C,B,0.37,0.84,0.89,7.2,6.6,6.8,7.2
423,10X382,10,"Elementary School For Math, Science, And Technolog","Elementary School for Math, Science, and Technol",Avon Connell-Cowell,EMS,Elementary School,69.11,A,68.9,85.1,40.1,A,15.3,B,9.4,B,4.1,B,C,1,0.85,,8,7.5,7.7,8
424,10X386,10,School For Environmental Citizenship,School for Environmental Citizenship,Angelyn Donald,EMS,Elementary School,69.96,A,86.5,98.4,52.7,A,20.7,A,8.9,B,4.2,F,F,0.85,1,,8.1,7.6,7.8,7.9
425,10X390,10,M.S. 390,M.S. 390,Robert Mercedes,EMS,Middle School,2.37,B,53.7,46.4,33.7,B,9,C,7.1,C,3.9,B,C,0.76,0.91,0.94,6.9,7,7.2,7.5
426,10X391,10,The Angelo Patri Middle School,The Angelo Patri Middle School,Graciela Abadia,EMS,Middle School,2.04,B,52.1,42.5,31.8,B,9.3,C,6.7,C,4.2,C,B,0.59,0.9,0.86,6.9,6.8,7.1,7.5
427,10X396,10,P.S. 396,P.S. 396,Nicole Tine,EMS,Elementary School,66.81,C,45.2,26.1,18.3,D,13.5,B,9.9,A,3.4,B,B,0.89,0.98,,8.2,7.9,8.1,8.2
428,10X447,10,Creston Academy,CRESTON ACADEMY,Pamela Edwards,EMS,Middle School,2.16,B,53,45.3,24.4,C,14.2,B,10.2,A,4.1,C,.,0.97,0.89,0.96,7.5,7.6,8,8.4
429,10X459,10,East Fordham Academy For The Arts,EAST FORDHAM ACADEMY FOR THE ARTS,Tanicia Williams,EMS,Middle School,2.2,C,47.9,31.5,25.1,C,12.5,C,7,C,3.3,A,.,0.17,0.88,0.89,7.4,6.7,7.3,7.5
430,11X016,11,P.S. 016 Wakefield,P.S. 016 Wakefield,Yvonne Williams,EMS,Elementary School,54.64,C,36.9,11,21.5,C,7.4,D,5.7,C,2.3,B,C,0.45,1,,7.5,7.2,7.5,7.7
431,11X019,11,P.S. 019 Judith K. Weiss,P.S. 019 Judith K. Weiss,Timothy P. Sullivan,EMS,Elementary/Middle School,22.95,B,54.9,52.5,27.1,C,13.7,B,11.4,A,2.7,B,C,0.57,0.97,0.99,8.6,8,8.6,8.9
432,11X021,11,P.S. 021 Philip H. Sheridan,P.S. 021 Philip H. Sheridan,Joyce Coleman,EMS,Elementary School,59.27,C,42.9,21.8,24.9,C,8.2,D,6.9,C,2.9,C,C,0.66,0.82,,7.7,7.5,7.7,7.9
433,11X041,11,P.S. 041 Gun Hill Road,P.S. 041 Gun Hill Road,Erika Tobia,EMS,Elementary School,62.02,C,37.7,12.5,13.3,F,11.9,C,9.5,B,3,A,A,0.86,0.94,,8.1,8.1,8.1,8.3
434,11X068,11,P.S. 068 Bronx,P.S. 068 Bronx,Catherine Helfrich,EMS,Elementary School,56.04,C,42.9,21.8,23.4,C,10.8,C,6.2,C,2.5,B,B,0.65,0.99,,7.3,7.1,7.4,7.6
435,11X076,11,P.S. 076 The Bennington School,P.S. 076 The Bennington School,Louise Sedotto,EMS,Elementary School,53.61,C,45.4,26.2,24.1,C,12.1,C,6.6,C,2.5,B,A,0.57,0.76,,8,6.9,7.2,7.6
436,11X078,11,P.S. 078 Anne Hutchinson,P.S. 078 Anne Hutchinson,Claudina Skerritt,EMS,Elementary School,59.43,C,40.3,16.7,22.9,C,7,D,7.8,B,2.6,B,C,0.64,0.86,,8,7.8,8.1,8.4
437,11X083,11,P.S. 083 Donald Hertz,P.S. 083 Donald Hertz,Claudia Macek,EMS,Elementary/Middle School,39.28,B,57.8,61.9,30.1,C,16,A,8.9,B,2.8,B,C,0.62,1,0.95,7.8,7.5,7.7,8.2
438,11X087,11,P.S. 087 Bronx,P.S. 087 Bronx,Donna Anaman,EMS,Elementary School,52.91,C,41.3,18.4,25.5,C,7.2,D,6.4,C,2.2,C,C,0.6,0.81,,7.6,7,7.3,7.4
439,11X089,11,P.S. 089 Bronx,P.S. 089 Bronx,Ralph Martinez,EMS,Elementary/Middle School,50.32,C,41.8,16.9,22.1,D,8.8,D,7.4,C,3.5,C,C,0.35,0.85,0.85,7.5,7.5,7.8,8.1
440,11X096,11,P.S. 096 Richard Rodgers,P.S. 096 Richard Rodgers,Marta Garcia,EMS,Elementary School,52.01,B,55.9,55.6,29.2,C,16.5,A,8,B,2.2,B,B,0.77,1,,8.3,7.9,8,8.2
441,11X097,11,P.S. 097 Bronx,P.S. 097 Bronx,Katheleen Bornkamp,EMS,Elementary School,44.28,B,59.8,63.8,36.2,B,14.6,B,6.3,C,2.7,A,B,0.44,0.46,,8,7.2,7.4,7.6
442,11X103,11,P.S. 103 Hector Fontanez,P.S. 103 Hector Fontanez,Farid Reyes,EMS,Elementary School,57.86,C,42.1,20,23.8,C,9.2,C,6.6,C,2.5,B,B,0.48,0.88,,7.7,7.6,7.7,7.9
443,11X105,11,P.S. 105 Sen Abraham Bernstein,P.S. 105 Sen Abraham Bernstein,Mr. Christopher Eustace,EMS,Elementary School,54.13,B,57.9,60,34.6,B,13,B,6.3,C,4,C,B,0.47,0.4,,8,6.7,7.1,7.2
444,11X106,11,P.S. 106 Parkchester,P.S. 106 Parkchester,Eugenia Montalvo,EMS,Elementary School,43.88,B,57.3,58.5,30.6,B,16.1,A,8.9,B,1.7,B,B,0.82,0.97,,8.3,8,8,8.3
445,11X108,11,P.S. 108 Philip J. Abinanti,P.S. 108 Philip J. Abinanti,Charles Sperrazza,EMS,Elementary School,34.63,C,47.8,34.6,23.2,C,16.4,A,6.4,C,1.8,C,C,0.75,0.79,,8.3,6.8,7.3,7.7
446,11X111,11,P.S. 111 Seton Falls,P.S. 111 Seton Falls,Ava Fullenweider,EMS,Elementary School,63.01,D,33.5,6.9,22.1,C,3.4,F,4.1,D,3.9,C,C,0.28,0.71,,7.6,6.9,7.3,7.4
447,11X112,11,P.S. 112 Bronxwood,P.S. 112 Bronxwood,Susan Barnes,EMS,Elementary School,63.32,C,46.2,29.7,31.8,B,4.8,F,6.2,C,3.3,D,A,0.54,1,,8,7.6,7.8,7.9
448,11X121,11,P.S. 121 Throop,P.S. 121 Throop,Rachel Donnelly,EMS,Elementary School,49.27,C,48.6,36.6,24.3,C,13.2,B,9,B,2.1,C,B,0.9,1,,8.6,8.3,8.3,8.5
449,11X127,11,J.H.S. 127 The Castle Hill,J.H.S. 127 The Castle Hill,Harry Sherman,EMS,Middle School,2.68,B,55,49.5,31.6,B,13.9,B,6.8,C,2.7,C,B,0.29,0.62,0.86,6.9,6.8,7.1,7.4
450,11X142,11,Ms 142 John Philip Sousa,MS 142 John Philip Sousa,Casimiro Cibelli,EMS,Middle School,2.29,C,37.3,10.8,21.9,C,8.9,D,3.6,D,2.9,C,C,0.34,1,0.94,6,5.9,6.3,6.7
451,11X144,11,J.H.S. 144 Michelangelo,J.H.S. 144 Michelangelo,Jeremy Kabinoff,EMS,Middle School,2.37,D,25.7,3.9,7.3,F,8.5,D,7.5,C,2.4,C,C,0.32,0.86,0.95,7.1,7.4,7.6,8
452,11X153,11,P.S. 153 Helen Keller,P.S. 153 Helen Keller,Veronica Goka,EMS,Elementary School,44.02,A,71.9,88.7,40.1,A,20.1,A,8.9,B,2.8,A,B,0.57,1,,8.5,7.8,7.8,8.2
453,11X160,11,P.S. 160 Walt Disney,P.S. 160 Walt Disney,Lori Baker,EMS,Elementary School,54.69,C,46.8,32.3,25.3,C,12,C,6.5,C,3,C,C,0.5,1,,7.8,7.3,7.3,7.4
454,11X175,11,P.S. 175 City Island,P.S. 175 City Island,Amy Lipson,EMS,Elementary/Middle School,19.07,C,42.6,21.3,19,D,14.5,B,6.9,C,2.2,C,C,0.61,1,1,7.7,6.9,7.2,8
455,11X178,11,P.S. 178 - Dr. Selman Waksman,P.S. 178 - Dr. Selman Waksman,Deborah Levine,EMS,Elementary School,51.59,C,45.6,27.5,23.6,C,11.9,C,6.6,C,3.5,B,C,0.61,1,,7.8,6.9,6.9,7.2
456,11X180,11,M.S. 180 Dr. Daniel Hale Williams,M.S. 180 Dr. Daniel Hale Williams,Frank Uzzo,EMS,Middle School,2.83,C,50.1,35.6,23.7,C,15.5,B,9.4,B,1.5,C,B,0.68,0.53,0.97,7.8,7.1,7.6,8
457,11X181,11,I.S. 181 Pablo Casals,I.S. 181 Pablo Casals,Christopher Warnock,EMS,Middle School,2.74,C,37.4,11.1,9.5,F,16.7,A,8.9,B,2.3,B,B,0.58,0.66,0.9,7.4,7,7.4,7.9
458,11X189,11,Cornerstone Academy For Social Action,Cornerstone Academy for Social Action,James Bellon,EMS,Elementary School,57.97,D,35.5,9.7,21.2,D,5.8,F,6.6,C,1.9,C,F,0.51,0.69,,7.5,7.6,7.6,7.8
459,11X194,11,Ps/Ms 194,PS/MS 194,Rosa Sifuentes-Rosado,EMS,Elementary/Middle School,46.39,A,64.5,76.3,39.7,A,14,B,7.1,C,3.6,C,B,0.72,0.98,0.97,7.5,6.9,7.2,7.7
460,11X270,11,Academy For Scholarship And Entrepreneurship: A Co,Academy for Scholarship and Entrepreneurship: A,Zenobia White,EMS,Middle/High School,2.44,,.,.,.,,.,,.,,.,D,C,0.33,0.76,0.8,6.5,6,6.1,6.6
461,11X270,11,Academy For Scholarship And Entrepreneurship: A Co,Academy for Scholarship and Entrepreneurship: A College Board School,Zenobia White,HS,Middle/High School,1.77,B,59.9,36.4,32.7,B,12.5,B,6.1,D,3.9,D,C,0.33,0.76,0.8,6.5,6,6.1,6.6
462,11X272,11,Globe School For Environmental Research,Globe School for Environmental Research,Matthew Angell,EMS,Middle School,2.33,C,39.7,14.9,21.2,D,10.3,C,5.5,C,2.7,C,D,0.4,0.92,0.94,6.6,6.7,7,7.5
463,11X287,11,The Forward School,The Forward School,Adrienne Phifer,EMS,Middle School,2.05,A,73.1,85.6,44.3,A,19.5,A,4.9,D,4.4,B,B,0.72,0.73,0.97,6.5,6.6,6.7,7.3
464,11X289,11,The Young Scholars Academy Of The Bronx,The Young Scholars Academy of The Bronx,Jeanette Vargas,EMS,Middle School,2.3,B,60.2,61.1,36.9,B,15.1,B,5.5,C,2.7,C,C,0.61,0.96,0.82,6.2,6.5,6.8,7.3
465,11X322,11,Aspire Preparatory Middle School,Aspire Preparatory Middle School,Steven Cobb,EMS,Middle School,2.5,,.,.,.,,.,,.,,.,F,C,0.61,0.86,0.96,6.8,6.2,6.3,6.7
466,11X326,11,Bronx Green Middle School,Bronx Green Middle School,Charles Johnson,EMS,Middle School,2.45,B,59.4,59.9,34.1,B,13.9,B,7.6,C,3.8,B,C,0.59,0.97,0.92,7.4,7.2,7.5,7.7
467,11X370,11,School Of Diplomacy,School of Diplomacy,John Scalice,EMS,Middle School,2.37,C,47.6,29.8,32,B,8.6,D,4.1,D,2.9,F,C,0.03,0.94,0.64,6.4,6.5,6.9,7.2
468,11X462,11,Cornerstone Academy For Social Action Middle Schoo,CORNERSTONE ACADEMY FOR SOCIAL ACTION MIDDLE SCH,Jamaal Bowman,EMS,Middle School,2.36,A,70.5,83.2,38.8,B,17.7,A,10.4,A,3.5,B,.,0.84,0.63,0.83,7.6,7.5,7.9,8.3
469,11X468,11,Pelham Academy Of Academics And Community Engageme,PELHAM ACADEMY OF ACADEMICS AND COMMUNITY ENGAGE,Anthony Rivera,EMS,Middle School,2.58,A,66.9,77.1,40.2,A,15.5,B,8.3,B,2.8,B,.,0.55,1,0.97,8,7,7.5,8
470,11X498,11,Ps/Ms 11X498 - Van Nest Academy,PS/MS 11X498 - VAN NEST ACADEMY,Carol Gilligan,EMS,Elementary/Middle School,2.68,B,64.2,71.8,33.2,B,15.9,B,12.6,A,2.5,.,.,0.88,1,0.99,8.5,7.9,8.4,8.5
471,11X529,11,One World Middle School At Edenwald,One World Middle School at Edenwald,Patricia Wynne,EMS,Middle School,2.55,,.,.,.,,.,,.,,.,.,.,0.72,1,0.94,8.2,7.6,8.1,8.4
472,11X532,11,Baychester Middle School,Baychester Middle School,Shawn Mangar,EMS,Middle School,2.16,,.,.,.,,.,,.,,.,.,.,0.63,0.89,0.93,7.6,7.2,7.4,7.8
473,12X006,12,P.S. 006 West Farms,P.S. 006 West Farms,Juliet Young,EMS,Elementary School,66.37,C,39.4,15.4,25.7,C,5.6,F,5.1,D,3,C,C,0.53,0.93,,7.6,7.5,7.6,7.7
474,12X044,12,P.S. 044 David C. Farragut,P.S. 044 David C. Farragut,Melissa Harrow,EMS,Elementary School,68.54,D,26.3,3,13.3,F,10.2,C,1.2,F,1.6,C,B,0.56,0.93,,6.2,5.8,6,6.1
475,12X047,12,P.S. 047 John Randolph,P.S. 047 John Randolph,Thomas Guarnieri,EMS,Elementary School,58.13,D,33.3,6.4,11.1,F,9.8,C,10.4,A,2,B,C,0.8,0.91,,8.5,8.4,8.4,8.7
476,12X050,12,P.S. 050 Clara Barton,P.S. 050 Clara Barton,Lori Ferguson,EMS,Elementary School,64.48,F,25.4,1.6,18.1,D,2.5,F,1.7,F,3.1,C,D,0.8,0.79,,6.6,6,6.3,6.3
477,12X057,12,P.S. 057 Crescent,P.S. 057 Crescent,Edsel Philip,EMS,Elementary School,66.18,C,42.6,20.8,19.9,D,16.3,A,4.2,D,2.2,C,B,0.72,1,,7.7,6.7,6.9,7.5
478,12X061,12,P.S. 061 Francisco Oller,P.S. 061 Francisco Oller,Patricia Quigley,EMS,Elementary School,63.28,A,70,86.7,41.9,A,13.7,B,9.9,A,4.5,D,C,0.31,0.58,,8.3,8,8,8.3
479,12X066,12,P.S. 066 School Of Higher Expectations,P.S. 066 School of Higher Expectations,Thomas Degrazia,EMS,Elementary School,68.54,A,65.1,76.1,35.8,B,16.8,A,9.5,B,3,B,B,0.97,0.93,,8.2,7.6,7.9,8
480,12X067,12,P.S. 067 Mohegan School,P.S. 067 Mohegan School,Emily Grimball,EMS,Elementary School,66.26,B,62.8,71.2,36.9,B,15.7,B,6,C,4.2,B,C,0.26,0.76,,7.3,7.3,7.4,7.6
481,12X092,12,P.S. 092 Bronx,P.S. 092 Bronx,Manuel Estrella,EMS,Elementary School,70.12,C,38,13.1,28,C,4.2,F,1.4,F,4.4,C,B,0.57,0.8,,6.9,6.3,6.7,6.7
482,12X098,12,J.H.S. 098 Herman Ridder,J.H.S. 098 Herman Ridder,Claralee Irobunda,EMS,Middle School,2.14,A,84.1,95.3,53.6,A,18,A,7.4,C,5.1,C,A,0.76,1,0.94,7,6.9,7.2,7.6
483,12X102,12,P.S. 102 Joseph O. Loretan,P.S. 102 Joseph O. Loretan,Tanyua Trezevantte,EMS,Elementary School,62.26,,.,.,.,,.,,.,,.,.,C,0.12,0.28,,7.4,6.6,7.2,7.1
484,12X129,12,P.S. 129 Twin Parks Upper,P.S. 129 Twin Parks Upper,Yvette Beasley,EMS,Middle School,2.2,B,58.3,57.5,30.5,C,15.5,B,8.4,B,3.8,B,B,0.64,0.88,0.89,7.3,7.2,7.7,8
485,12X134,12,P.S. 134 George F. Bristow,P.S. 134 George F. Bristow,Kenneth Thomas,EMS,Elementary School,62.16,C,43.9,23,26.8,C,10.9,C,4.2,D,2,C,B,0.92,0.9,,7.5,7.1,7.3,7.4
486,12X150,12,P.S. 150 Charles James Fox,P.S. 150 Charles James Fox,Edwin Irizarry,EMS,Elementary School,66.21,B,51.9,43.6,26.9,C,12.4,B,9.8,A,2.8,B,A,0.79,0.95,,8.2,8.1,8.2,8.3
487,12X190,12,E.S.M.T- I.S. 190,E.S.M.T- I.S. 190,Dianajade Santiago,EMS,Middle School,2.33,A,69.1,80.1,41.6,A,13.9,B,9,B,4.5,C,B,0.66,0.55,0.99,7.8,7,7.7,7.8
488,12X195,12,P.S. 195,P.S. 195,Andrew Kavanagh,EMS,Elementary School,65.2,C,40.8,17.5,21.5,C,9.5,C,7.4,B,2.4,C,C,0.64,0.5,,8.1,7.4,7.7,7.8
489,12X196,12,P.S. 196,P.S. 196,Lizzette Rivera,EMS,Elementary School,62.1,A,69.4,85.7,38.6,B,18.5,A,8.5,B,3.8,C,B,0.81,0.53,,8.3,7.4,7.7,7.9
490,12X198,12,P.S. 198,P.S. 198,Ronnie Nelson,EMS,Middle School,2.29,,.,.,.,,.,,.,,.,.,.,0.51,0.64,,8,7.7,7.9,7.9
491,12X211,12,P.S. 211,P.S. 211,Betty Gonzalez-Soto,EMS,Elementary/Middle School,66.07,C,46.2,29.4,22.2,D,11.2,C,7.7,B,5.1,B,A,0.88,0.88,0.98,7.3,6.9,7.4,7.8
492,12X212,12,P.S. 212,P.S. 212,Donna Pickell Ridley,EMS,Elementary/Middle School,63,C,45.4,27.5,22.5,C,10.6,C,9,B,3.3,B,C,0.33,0.84,0.99,7.6,7,7.5,7.9
493,12X214,12,P.S. 214,P.S. 214,David Cintron,EMS,Elementary/Middle School,59.4,B,63.5,73.1,35.5,B,14.4,B,8.7,B,4.9,B,B,0.95,1,0.98,7.4,7.2,7.4,8
494,12X217,12,School Of Performing Arts,School of Performing Arts,Seth Litt,EMS,Middle School,2.11,B,51.9,41.2,29.1,C,12.1,C,8.1,B,2.6,C,A,0.75,0.64,0.63,7.5,7.3,8,8.3
495,12X242,12,Mott Hall V,Mott Hall V,Peter Oroszlany,EMS,Middle/High School,2.41,A,77.1,90.1,46.4,A,18.4,A,7.5,C,4.7,B,A,0.58,0.63,0.85,7.5,6.8,7.1,7.5
496,12X242,12,Mott Hall V,Mott Hall V,Peter Oroszlany,HS,Middle/High School,2.25,,,,,,,,,,,,,0.58,0.63,0.85,7.5,6.8,7.1,7.5
497,12X245,12,New Day Academy,New Day Academy,Mara Ganeles,EMS,Middle/High School,2.06,,.,.,.,,.,,.,,.,.,C,0.11,0,0,7.3,6.8,7,7.4
498,12X245,12,New Day Academy,New Day Academy,Mara Ganeles,HS,Middle/High School,1.53,,,,,,,,,,,,F,0.11,0,0,7.3,6.8,7,7.4
499,12X267,12,Bronx Latin,Bronx Latin,Leticia Pineiro,EMS,Middle/High School,2.23,A,69.6,80.9,32.7,B,21.8,A,10.8,A,4.2,A,A,0.74,1,0.98,8.2,7.6,7.5,8.2
500,12X267,12,Bronx Latin,Bronx Latin,Leticia Pineiro,HS,Middle/High School,1.91,A,84.4,94.4,42.2,A,16.3,A,12.3,A,5.1,A,,0.74,1,0.98,8.2,7.6,7.5,8.2
501,12X271,12,East Bronx Academy For The Future,East Bronx Academy for the Future,Sarah Scrogin,EMS,Middle/High School,2.1,B,55.5,51.1,26.9,C,16.2,B,7.7,B,4.7,C,B,0.26,0.66,0.46,7.2,7.2,7.6,7.8
502,12X271,12,East Bronx Academy For The Future,East Bronx Academy for the Future,Sarah Scrogin,HS,Middle/High School,1.68,B,67.5,59.2,30.4,C,15.8,A,9.2,B,7.8,B,B,0.26,0.66,0.46,7.2,7.2,7.6,7.8
503,12X273,12,Frederick Douglass Academy V. Middle School,Frederick Douglass Academy V. Middle School,Deborah Cimini,EMS,Middle School,2.32,B,58.7,58.8,27.8,C,18.8,A,9.1,B,2.9,B,B,0.65,1,0.96,7.7,7.6,7.9,8.3
504,12X286,12,Fannie Lou Hamer Middle School,Fannie Lou Hamer Middle School,Lorraine Chanon,EMS,Middle School,2.14,B,64.1,71.6,34.9,B,15.3,B,10.9,A,3,C,A,0.39,0.95,0.88,8.1,7.8,8.2,8.6
505,12X300,12,The School Of Science And Applied Learning,The School of Science and Applied Learning,Venessa Singleton,EMS,Elementary School,68.32,D,34,7.7,19.3,D,3.1,F,9.2,B,2.4,D,C,0.44,0.87,,8.1,7.8,7.9,8.1
506,12X316,12,Kappa Iii,Kappa III,Elisa Alvarez,EMS,Middle School,2.43,B,64.5,73.2,31.6,B,18.5,A,11.5,A,2.9,A,A,0.88,0.95,0.92,8.3,7.7,8.2,8.4
507,12X318,12,"I.S. X318 Math, Science & Technology Through Arts","I.S. X318 Math, Science & Technology Through Art",Maria Lopez,EMS,Middle School,2.16,C,39.8,15.2,18.3,D,11.3,C,6.5,C,3.6,B,C,0.77,1,0.95,7.2,7,7.2,7.6
508,12X341,12,Accion Academy,Accion Academy,Nikole Booker,EMS,Middle School,2.03,A,69.1,80.4,39.7,A,17.1,A,7.3,C,5,C,A,0.71,1,0.96,7.4,7,7.4,7.7
509,12X372,12,Urban Assembly School For Wildlife Conservation,Urban Assembly School for Wildlife Conservation,Mark Ossenheimer,EMS,Middle/High School,2.39,A,70.1,82.3,44.4,A,14.8,B,7.8,B,3.1,D,C,0.42,1,0.92,7.4,7.1,7.1,7.6
510,12X372,12,Urban Assembly School For Wildlife Conservation,Urban Assembly School for Wildlife Conservation,Mark Ossenheimer,HS,Middle/High School,1.95,,,,,,,,,,,,,0.42,1,0.92,7.4,7.1,7.1,7.6
511,12X383,12,Emolior Academy,Emolior Academy,Derick Spaulding,EMS,Middle School,2.11,C,41.8,17.7,15.9,D,10.8,C,11.9,A,3.2,C,B,0.78,0.71,0.85,8.5,8.6,8.5,8.6
512,12X384,12,Entrada Academy,Entrada Academy,Socorro Diaz,EMS,Middle School,2.28,C,45.1,24.6,22.9,C,9.4,C,8.9,B,3.9,C,A,0.67,0.6,0.99,7.1,6.8,7.5,7.7
513,12X463,12,Urban Scholars Community School,URBAN SCHOLARS COMMUNITY SCHOOL,Debra Clarke-Jones,EMS,Elementary School,67,D,32,5.9,15.4,D,4.6,F,9.5,B,2.5,F,.,0.54,0.7,,7.9,8,8.1,8.3
514,12X691,12,Bronx Little School,Bronx Little School,Janice Gordon,EMS,Elementary School,56.5,B,53.4,49,32.7,B,10.8,C,6.5,C,3.4,A,C,0.5,0.57,,8.2,7.5,7.6,7.7
515,13K003,13,P.S. 003 The Bedford Village,P.S. 003 The Bedford Village,Kristina Beecher,EMS,Elementary School,55.39,C,42.4,20.2,20.4,D,11.6,C,9.1,B,1.2,C,C,0.75,0.95,,8.4,8.2,8.3,8.5
516,13K008,13,P.S. 008 Robert Fulton,P.S. 008 Robert Fulton,Seth Phillips,EMS,Elementary School,16.95,B,52.5,46.2,26.5,C,15.8,B,8.3,B,1.9,C,C,0.53,0.93,,8.5,7.6,8,8.2
517,13K009,13,P.S. 009 Teunis G. Bergen,P.S. 009 Teunis G. Bergen,Sandra D'avilar,EMS,Elementary School,44.69,B,64,73.4,35.5,B,16.6,A,9.2,B,2.6,C,C,0.88,0.91,,8.8,8.4,8.8,8.7
518,13K011,13,P.S. 011 Purvis J. Behan,P.S. 011 Purvis J. Behan,Alonta Wrighton,EMS,Elementary School,43.98,A,72.8,90.2,41.2,A,20.5,A,9.6,B,1.4,B,B,0.71,0.66,,8.8,7.8,8.4,8.4
519,13K020,13,P.S. 020 Clinton Hill,P.S. 020 Clinton Hill,L Barbera,EMS,Elementary School,46.55,C,43.8,22.8,22.7,C,12.9,B,6.7,C,1.5,B,C,0.47,1,,8.2,7.8,8,7.9
520,13K044,13,P.S. 044 Marcus Garvey,P.S. 044 Marcus Garvey,Valerie Taylor,EMS,Elementary School,59,B,50.8,41.8,25.7,C,14.5,B,8.2,B,2.3,B,B,0.46,0.93,,8.3,7.8,8.1,8.4
521,13K046,13,P.S. 046 Edward C. Blum,P.S. 046 Edward C. Blum,Karyn Nicholson,EMS,Elementary School,62.66,B,61.6,68.5,39.2,A,12.9,B,4.6,D,4.9,A,A,0.71,0.83,,7.7,7.4,7.7,7.6
522,13K054,13,P.S. 054 Samuel C. Barnes,P.S. 054 Samuel C. Barnes,Lorna Khan,EMS,Elementary School,64.25,B,59.6,63.6,35.7,B,11.7,C,8.2,B,4,C,C,0.51,0.83,,8.2,7.7,8.1,8.2
523,13K056,13,P.S. 056 Lewis H. Latimer,P.S. 056 Lewis H. Latimer,Deborah Clark-Johnson,EMS,Elementary School,58.6,B,49.9,40,22.1,C,15.9,B,10.4,A,1.5,A,B,0.73,0.73,,8.8,8.2,8.7,8.8
524,13K067,13,P.S. 067 Charles A. Dorsey,P.S. 067 Charles A. Dorsey,Temica Francis,EMS,Elementary School,63.5,D,35.2,9.3,20.7,D,5.4,F,5.5,C,3.6,D,C,0.38,0.86,,8.4,7.1,7.7,7.9
525,13K093,13,P.S. 093 William H. Prescott,P.S. 093 William H. Prescott,Sandra Philip,EMS,Elementary School,53.83,A,68.5,83.9,46.2,A,12.8,B,5.6,C,3.9,B,C,0.46,0.93,,8.1,7.5,7.6,7.6
526,13K103,13,Satellite Three,Satellite Three,Beatrice Thompson,EMS,Middle School,2.45,,.,.,.,,.,,.,,.,D,C,0.69,0.95,0.95,7.4,7.2,7.4,7.6
527,13K113,13,M.S. 113 Ronald Edmonds Learning Center,M.S. 113 Ronald Edmonds Learning Center,Dawnique Daughtry,EMS,Middle School,2.65,D,36.1,9.7,16.9,D,11,C,6.3,C,1.9,D,C,0.15,0.95,0.87,7.2,6.9,7.1,7.4
528,13K133,13,P.S. 133 William A. Butler,P.S. 133 William A. Butler,Heather Foster-Mann,EMS,Elementary School,53.39,B,62.6,70.8,36.9,B,12,C,8.5,B,5.2,B,C,0.69,0.97,,8.6,7.9,8.2,8.3
529,13K256,13,P.S. 256 Benjamin Banneker,P.S. 256 Benjamin Banneker,Sharyn Hemphill,EMS,Elementary School,63.2,B,54.6,52.3,33.1,B,12.3,C,6.6,C,2.6,F,C,0.84,0.93,,8.5,7.5,8,8.1
530,13K265,13,Dr. Susan S. Mckinney Secondary School Of The Arts,Dr. Susan S. McKinney Secondary School of the Ar,Paula Holmes,EMS,Middle/High School,2.01,B,56.8,54.1,28.7,C,17.9,A,6.9,C,3.3,B,C,0.35,0.44,0.69,7.3,6.7,7.1,7.5
531,13K265,13,Dr. Susan S. Mckinney Secondary School Of The Arts,Dr. Susan S. McKinney Secondary School of the Arts,Paula Holmes,HS,Middle/High School,2.3,B,61.7,41,29.3,C,15.1,A,6.6,D,5,B,A,0.35,0.44,0.69,7.3,6.7,7.1,7.5
532,13K266,13,M.S. K266 - Park Place Community Middle School,M.S. K266 - Park Place Community Middle School,Michele Robinson,EMS,Middle School,2.61,D,23.5,3.3,2.5,F,10.7,C,8.6,B,1.7,C,C,0.18,0.92,0.88,7.9,7.5,7.8,7.9
533,13K270,13,P.S. 270 Johann Dekalb,P.S. 270 Johann DeKalb,Mitra Lutchman,EMS,Elementary School,60.57,D,27.2,3.1,9.2,F,10.4,C,7.3,C,0.3,C,A,0.5,0.94,,8,7.3,7.9,7.9
534,13K282,13,P.S. 282 Park Slope,P.S. 282 Park Slope,Magalie Alexis,EMS,Elementary/Middle School,45.6,B,60.9,67.5,36,B,16.9,A,5.5,D,2.4,C,B,0.39,0.57,0.97,7.1,6.6,7.2,7.5
535,13K287,13,P.S. 287 Bailey K. Ashford,P.S. 287 Bailey K. Ashford,Ms. Michele Rawlins,EMS,Elementary School,63.29,C,40.8,17.5,28.6,C,5.5,F,2.4,F,4.3,B,B,0.73,0.45,,7.6,6.4,6.7,6.8
536,13K301,13,Satellite East Middle School,Satellite East Middle School,Kim Mcpherson,EMS,Middle School,2.41,D,29,5,11.1,F,8,D,8,B,1.9,B,D,0.36,0.65,0.85,7.9,7.3,7.8,8.2
537,13K305,13,P.S. 305 Dr. Peter Ray,P.S. 305 Dr. Peter Ray,Dr. Julia Mortley,EMS,Elementary School,59.8,D,30.8,5.1,19.1,D,5.4,F,3.5,F,2.8,C,C,0.61,0.91,,7.3,6.8,7.1,7.4
538,13K307,13,P.S. 307 Daniel Hale Williams,P.S. 307 Daniel Hale Williams,Roberta Davenport,EMS,Elementary School,61.27,B,58.4,60.8,35.1,B,11.2,C,7.8,B,4.3,C,C,0.46,0.82,,8.1,7.7,8.1,8.2
539,13K313,13,Satellite West Middle School,Satellite West Middle School,Suzane Joseph,EMS,Middle School,2.08,A,68.4,79,40.9,A,19,A,5.2,D,3.3,A,B,0.41,0.46,0.82,6.6,6.6,6.7,7.1
540,13K336,13,Academy Of Business And Community Development,Academy of Business and Community Development,Simone A. Mcintosh,EMS,Middle/High School,2.45,,.,.,.,,.,,.,,.,D,D,0.32,0.71,0.83,6.7,5.8,6.1,6.3
541,13K336,13,Academy Of Business And Community Development,Academy of Business and Community Development,Simone A. Mcintosh,HS,Middle/High School,0.76,,,,,,,,,,,,,0.32,0.71,0.83,6.7,5.8,6.1,6.3
542,13K492,13,Urban Assembly Academy Of Arts And Letters,Urban Assembly Academy of Arts and Letters,Allison Gaines Pell,EMS,Elementary/Middle School,2.91,C,51.5,39.8,22,C,16.1,B,11.1,A,2.3,B,B,0.76,0.89,0.97,8.3,8.1,8.1,8.3
543,13K527,13,Urban Assembly Institute Of Math And Science For Y,Urban Assembly Institute of Math and Science for,Kiri Soares,EMS,Middle/High School,2.86,D,31,6.9,11.8,F,12.7,C,5.2,D,1.2,B,D,0.45,1,0.96,7.2,6.4,6.7,7.1
544,13K527,13,Urban Assembly Institute Of Math And Science For Y,Urban Assembly Institute of Math and Science for Young Women,Kiri Soares,HS,Middle/High School,2.4,,,,,,,,,,,,,0.45,1,0.96,7.2,6.4,6.7,7.1
545,13K571,13,M.S. 571,M.S. 571,Santosha Troutman,EMS,Middle School,1.79,,.,.,.,,.,,.,,.,.,D,0.33,0.11,0.96,7.3,7.1,7.3,7.8
546,13K596,13,Knowledge And Power Preparatory Academy Vii Middle,Knowledge and Power Preparatory Academy VII Midd,Lisa Reiter,EMS,Middle School,2.3,F,13.4,0.3,6.5,F,3.3,F,1.7,F,1.9,F,D,0.36,0.82,0.79,5.9,6,6.2,6.4
547,13K691,13,Fort Greene Preparatory Academy,FORT GREENE PREPARATORY ACADEMY,Paula Lettiere,EMS,Middle School,2.46,B,64.1,71.6,37.5,B,13.6,B,10.3,A,2.6,.,.,0.34,0.67,0.9,7.7,7.5,7.8,8.3
548,14K016,14,P.S. 016 Leonard Dunkly,P.S. 016 Leonard Dunkly,Mary Renny,EMS,Elementary School,60.87,B,54,51,31,B,10.9,C,8.9,B,3.2,C,C,1,1,,8.6,7.8,7.9,7.9
549,14K017,14,P.S. 017 Henry D. Woodworth,P.S. 017 Henry D. Woodworth,Dr. Robert Marchi,EMS,Elementary School,59.12,A,74.3,91.5,43.7,A,16.9,A,7.9,B,5.8,C,A,0.76,0.77,,8.1,7.2,7.3,7.5
550,14K018,14,P.S. 018 Edward Bush,P.S. 018 Edward Bush,Karen Ford,EMS,Elementary School,59.74,B,54.9,52.8,27.6,C,15.5,B,8.5,B,3.3,C,B,0.91,1,,8.4,7.7,7.8,7.7
551,14K019,14,P.S. 019 Roberto Clemente,P.S. 019 Roberto Clemente,Maria Witherspoon,EMS,Elementary School,66.63,,.,.,.,,.,,.,,.,F,D,0.55,0.68,,7.9,6.4,7.1,6.7
552,14K023,14,P.S. 023 Carter G. Woodson,P.S. 023 Carter G. Woodson,Sharon Meade,EMS,Elementary School,67.05,C,46.3,30,20.6,D,8,D,13.4,A,4.3,B,A,0.93,0.91,,9,8.4,8.8,8.9
553,14K031,14,P.S. 031 Samuel F. Dupont,P.S. 031 Samuel F. Dupont,Mary J. Scarlato,EMS,Elementary School,35.18,A,91.3,98.9,51.3,A,24.9,A,11.4,A,3.7,A,A,0.82,0.82,,9.1,8.3,8.2,8.8
554,14K034,14,P.S. 034 Oliver H. Perry,P.S. 034 Oliver H. Perry,Alicja Winnicki,EMS,Elementary School,23.73,B,49.8,39.5,16.5,D,20.2,A,12.1,A,1,A,B,0.92,1,,9.3,8.7,8.8,9.1
555,14K050,14,J.H.S. 050 John D. Wells,J.H.S. 050 John D. Wells,Denise Jamison,EMS,Middle School,1.96,B,59.1,59.7,38,B,10.6,C,5.1,D,5.4,C,B,0.52,0.94,0.95,6.6,6.6,6.9,7.4
556,14K059,14,P.S. 059 William Floyd,P.S. 059 William Floyd,Dawn Best,EMS,Elementary School,61.6,C,46.4,30.3,33.5,B,3.5,F,5,D,4.4,C,C,0.6,0.87,,7.8,7.2,7.5,7.6
557,14K071,14,Juan Morel Campos Secondary School,Juan Morel Campos Secondary School,Howard Fineman,EMS,Middle/High School,1.94,B,51.8,40.9,30.7,C,10.9,C,6.5,C,3.6,C,B,0.16,0.8,0.71,6.9,6.6,7.1,7.2
558,14K071,14,Juan Morel Campos Secondary School,Juan Morel Campos Secondary School,Howard Fineman,HS,Middle/High School,1.51,C,52.7,17.8,29.3,C,7.2,F,6.5,D,5.3,C,C,0.16,0.8,0.71,6.9,6.6,7.1,7.2
559,14K084,14,P.S. 084 Jose De Diego,P.S. 084 Jose De Diego,Sereida Rodriguez,EMS,Elementary School,56.64,B,59.4,63,37.8,B,8.1,D,8.5,B,5,B,C,0.63,0.67,,8.5,7.9,8,8.1
560,14K110,14,P.S. 110 The Monitor,P.S. 110 The Monitor,Anna Cano Amato,EMS,Elementary School,34.34,B,50.6,41.5,26.7,C,8.4,D,12.9,A,2.6,C,C,0.91,0.89,,9.2,8.5,8.9,8.8
561,14K120,14,P.S. 120 Carlos Tapia,P.S. 120 Carlos Tapia,Liza Caraballo,EMS,Elementary School,63.52,A,64.7,75.1,33.7,B,15.2,B,11.9,A,3.9,A,C,0.38,0.79,,8.9,8.2,8.4,8.3
562,14K126,14,John Ericsson Middle School 126,John Ericsson Middle School 126,Marcos Bausch,EMS,Middle School,1.87,C,44.9,23.8,25,C,9.2,C,6.8,C,3.9,D,B,0.81,0.7,0.94,6.9,6.5,6.7,7.1
563,14K132,14,P.S. 132 The Conselyea School,P.S. 132 The Conselyea School,Beth Lubeck,EMS,Elementary School,37.78,A,86.4,98.2,50.2,A,22.5,A,10,A,3.7,C,B,0.82,1,,8.4,7.9,8,8.2
564,14K147,14,P.S. 147 Isaac Remsen,P.S. 147 Isaac Remsen,Sandra Noyola,EMS,Elementary School,61.34,A,71.9,88.7,40.1,A,16.8,A,10.3,A,4.7,B,A,1,0.94,,8.6,8.1,8.4,8.5
565,14K157,14,P.S. 157 Benjamin Franklin,P.S. 157 Benjamin Franklin,Maribel Torres,EMS,Elementary School,65.48,B,52.1,44.6,28,C,9.4,C,11.5,A,3.1,B,B,0.81,0.97,0.98,8.3,7.9,8.4,8.4
566,14K196,14,P.S. 196 Ten Eyck,P.S. 196 Ten Eyck,Janine Colon,EMS,Elementary School,63.8,A,85,97.1,44.8,A,22.7,A,12.1,A,5.4,C,A,0.73,0.88,,8.3,8.4,8.4,8.6
567,14K250,14,P.S. 250 George H. Lindsay,P.S. 250 George H. Lindsay,Nora Barnes,EMS,Elementary School,50.83,C,47.1,33,23.8,C,13.4,B,8,B,1.8,B,B,0.66,0.48,,8.2,6.8,7.2,7.6
568,14K257,14,P.S. 257 John F. Hylan,P.S. 257 John F. Hylan,Brian Leavy-Devale,EMS,Elementary School,63.36,A,96.5,99.2,53.4,A,22.9,A,13.6,A,6.5,A,A,0.67,0.9,,9.3,8.9,9.1,9.2
569,14K297,14,P.S. 297 Abraham Stockton,P.S. 297 Abraham Stockton,James Brown,EMS,Elementary School,63.8,B,58.9,61.8,36.9,B,10.8,C,7.7,B,3.5,B,C,0.68,1,,8,7.9,7.7,7.9
570,14K318,14,I.S. 318 Eugenio Maria De Hostos,I.S. 318 Eugenio Maria De Hostos,Leander Windley,EMS,Middle School,3.08,B,55.8,52.5,26.6,C,13.7,B,13,A,2.5,C,C,0.24,0.73,0.82,8.6,8.1,8.6,8.9
571,14K330,14,The Urban Assembly School For The Urban Environmen,The Urban Assembly School for the Urban Environm,Kourtney Boyd,EMS,Middle School,1.86,C,39.7,14.9,29.1,C,3.6,F,3.1,F,3.9,B,C,0.23,0.78,0.65,6.7,5.9,6.4,6.7
572,14K380,14,P.S. 380 John Wayne Elementary,P.S. 380 John Wayne Elementary,Diane Vitolo,EMS,Elementary School,58.68,A,77.7,94.3,37.8,B,23.6,A,13.1,A,3.2,A,A,1,1,,9.2,8.8,8.9,9.2
573,14K577,14,Conselyea Preparatory School,Conselyea Preparatory School,Maria Masullo,EMS,Middle School,2.92,A,78.3,90.9,45.8,A,17.6,A,10.5,A,4.4,B,B,0.94,0.96,0.8,8,7.7,8.1,8.4
574,14K582,14,M.S. 582,M.S. 582,Brian Walsh,EMS,Middle School,2.24,C,43.5,21.3,18.1,D,14.1,B,7.4,C,3.9,D,B,0.38,0.93,0.91,7.2,6.9,7.2,7.7
575,14K586,14,Lyons Community School,Lyons Community School,Taeko Onishi,EMS,Middle/High School,2.09,C,47.8,30.9,23.4,C,13.3,B,8.6,B,2.5,B,C,0.28,0.98,0.81,7.4,7.6,7.8,8.2
576,14K586,14,Lyons Community School,Lyons Community School,Taeko Onishi,HS,Middle/High School,1.68,B,65.8,52.3,33.9,B,13,B,10.7,A,5,A,,0.28,0.98,0.81,7.4,7.6,7.8,8.2
577,14K614,14,Young Women'S Leadership School Of Brooklyn,Young Women's Leadership School of Brooklyn,Talana Bradley,EMS,Middle/High School,2.64,C,50,35.4,21.9,C,15.8,B,9.6,B,2.7,A,C,0.72,1,0.95,8,7.6,7.9,8.2
578,14K614,14,Young Women'S Leadership School Of Brooklyn,Young Women's Leadership School of Brooklyn,Talana Bradley,HS,Middle/High School,2.52,,,,,,,,,,,,,0.72,1,0.95,8,7.6,7.9,8.2
579,15K001,15,P.S. 001 The Bergen,P.S. 001 The Bergen,Jennifer Eusanio,EMS,Elementary School,61.09,C,49.2,37.7,24.1,C,15,B,7.4,B,2.7,B,C,0.49,0.81,,8.1,7,7.2,7.5
580,15K010,15,"Magnet School Of Math, Science And Design Technolo","Magnet School of Math, Science and Design Techno",Laura Scott,EMS,Elementary School,37.75,A,74.6,91.8,38.3,B,21.2,A,11.4,A,3.7,B,A,0.59,1,,8.8,8.3,8.7,8.6
581,15K015,15,P.S. 015 Patrick F. Daly,P.S. 015 Patrick F. Daly,Peggy Wyns-Madison,EMS,Elementary School,65.27,A,85.2,97.2,46.7,A,22.3,A,9.3,B,6.9,B,A,0.77,0.74,,8.6,7.8,8.4,8.3
582,15K024,15,P.S. 024,P.S. 024,Christina Fuentes,EMS,Elementary School,61.9,C,42,19.7,22.3,C,7.7,D,8.7,B,3.2,B,C,0.42,0.93,,8.2,7.2,7.5,7.6
583,15K029,15,P.S. 029 John M. Harrigan,P.S. 029 John M. Harrigan,Melanie Raneri Woods,EMS,Elementary School,15.66,C,49.1,37.5,21.4,D,16,B,9.4,B,2.3,C,A,0.48,0.87,,8.7,8.4,8.5,8.5
584,15K032,15,P.S. 032 Samuels Mills Sprole,P.S. 032 Samuels Mills Sprole,Deborah Ann Florio,EMS,Elementary School,56.19,A,68.9,85.1,38.9,A,15.3,B,7.6,B,7.1,C,A,0.77,0.98,,8.2,7.7,8.1,8.3
585,15K038,15,P.S. 038 The Pacific,P.S. 038 The Pacific,Yolanda Ramirez,EMS,Elementary School,50.47,B,55.2,53.8,28.5,C,16.4,A,7.5,B,2.8,C,C,0.83,0.41,,8.4,7.7,8.1,8.3
586,15K039,15,P.S. 039 Henry Bristow,P.S. 039 Henry Bristow,Anita De Paz,EMS,Elementary School,20.58,B,58,60.2,26.7,C,18.9,A,9.9,A,2.5,B,B,0.83,0.96,,9,8.1,8.3,8.6
587,15K051,15,M.S. 51 William Alexander,M.S. 51 William Alexander,Lenore Berner,EMS,Middle School,3.4,B,51.9,41.7,21.6,D,19,A,9.4,B,1.9,A,A,0.63,0.98,0.97,7.9,6.9,7.6,7.9
588,15K058,15,P.S. 058 The Carroll,P.S. 058 The Carroll,Giselle Mcgee,EMS,Elementary School,16.85,B,57.3,58.5,29.6,C,16.1,A,9,B,2.6,B,A,0.6,0.86,,8.6,8,8.4,8.4
589,15K088,15,J.H.S. 088 Peter Rouget,J.H.S. 088 Peter Rouget,Ailene Altman Mitchell,EMS,Middle School,2.36,B,55.6,51.7,21.3,D,19.7,A,10.4,A,4.1,A,B,0.34,0.37,0.93,7.9,7.3,7.7,8.1
590,15K094,15,P.S. 094 The Henry Longfellow,P.S. 094 The Henry Longfellow,Janette Caban,EMS,Elementary School,43.24,D,31.2,5.4,15,F,7.6,D,6.2,C,2.4,B,B,0.65,0.84,,7.7,6.5,6.8,6.9
591,15K107,15,P.S. 107 John W. Kimball,P.S. 107 John W. Kimball,Eve Litwack,EMS,Elementary School,13.6,A,65.6,77.4,33.2,B,18.5,A,10.7,A,3.2,B,A,0.84,0.91,,8.8,8.3,8.5,8.6
592,15K124,15,P.S. 124 Silas B. Dutcher,P.S. 124 Silas B. Dutcher,Annabelle Martinez,EMS,Elementary School,51.34,A,66.2,78.7,39.1,A,14.6,B,9.8,A,2.7,B,A,0.66,0.64,,8.6,7.5,7.6,7.8
593,15K130,15,P.S. 130 The Parkside,P.S. 130 The Parkside,Maria Nunziata,EMS,Elementary School,42.22,A,72.6,89.8,39.1,A,20.5,A,9.6,B,3.4,A,B,0.82,0.76,,8.3,7.5,7.8,7.9
594,15K131,15,P.S. 131 Brooklyn,P.S. 131 Brooklyn,Ruth Quiles,EMS,Elementary School,47.53,A,68.2,83.1,39.7,A,15.4,B,9.5,B,3.6,A,A,0.6,1,,8.6,7.7,7.9,8.4
595,15K136,15,I.S. 136 Charles O. Dewey,I.S. 136 Charles O. Dewey,Eric Sackler,EMS,Middle School,2.04,B,61,63.8,34.2,B,12.5,C,9.4,B,4.9,B,C,0.29,0.64,0.9,7.2,6.9,7.3,7.7
596,15K146,15,P.S. 146,P.S. 146,Anna Allanbrook,EMS,Elementary School,32.82,A,67.1,80.7,28.5,C,21.6,A,11.4,A,5.6,A,B,0.57,0.98,,8.8,8.4,8.9,8.8
597,15K154,15,Magnet School For Science & Technology,Magnet School for Science & Technology,Samuel Ortiz,EMS,Elementary School,20.73,C,48,35.6,17.9,D,19,A,8.6,B,2.5,A,C,0.53,0.68,,8.3,7.7,8.4,8.3
598,15K169,15,P.S. 169 Sunset Park,P.S. 169 Sunset Park,Josephine Santiago,EMS,Elementary School,44.75,B,60.6,65.6,35.4,B,12.6,B,8.7,B,3.9,C,B,0.64,0.66,,8.2,7.2,7.5,7.5
599,15K172,15,P.S. 172 Beacon School Of Excellence,P.S. 172 Beacon School of Excellence,Jack Spatola,EMS,Elementary School,57.52,A,102.2,100,58.1,A,25,A,12.4,A,6.7,A,A,1,0.95,,9,8.5,8.6,8.8
600,15K230,15,P.S. 230 Doris L. Cohen,P.S. 230 Doris L. Cohen,Sharon Fiden,EMS,Elementary School,38.71,A,67,80.5,37.3,B,15.1,B,11.1,A,3.5,C,C,0.78,0.91,,8.9,7.8,8.2,8.3
601,15K261,15,P.S. 261 Philip Livingston,P.S. 261 Philip Livingston,Zipporiah Mills,EMS,Elementary School,34.97,C,39.2,15.1,19.2,D,10.5,C,6.9,C,2.6,C,B,0.48,0.53,,8,7.6,8,7.9
602,15K295,15,P.S. 295,P.S. 295,Deanna Marco,EMS,Elementary School,45.1,B,63.2,71.6,32.6,B,16.7,A,10.4,A,3.5,A,A,0.88,0.97,,8.6,8.2,8.3,8.4
603,15K321,15,P.S. 321 William Penn,P.S. 321 William Penn,Elizabeth Phillips,EMS,Elementary School,12.02,B,50.5,41.2,19.4,D,18.7,A,10.9,A,1.5,A,A,0.48,0.85,,8.6,8.6,8.6,8.9
604,15K418,15,P.S. 372 -The Children'S School,The Children's School,Arthur Mattia,EMS,Elementary School,13.45,B,55.9,55.6,25.5,C,19.2,A,8.6,B,2.6,A,A,0.37,0.72,,8.4,7.7,8.4,8.1
605,15K429,15,Brooklyn School For Global Studies,Brooklyn School for Global Studies,Joseph O'brien,EMS,Middle/High School,1.87,C,50.8,37.3,25.4,C,15.5,B,5.8,C,4,B,B,0.17,0.94,0.81,7,6.1,6.5,6.9
606,15K429,15,Brooklyn School For Global Studies,Brooklyn School for Global Studies,Joseph O'brien,HS,Middle/High School,1.75,B,58.1,29.6,30.4,C,13.3,B,6.1,D,4.5,B,F,0.17,0.94,0.81,7,6.1,6.5,6.9
607,15K442,15,New Horizons School,New Horizons School,Deanna Sinito,EMS,Middle School,1.72,B,65,74.3,32.3,B,17.5,A,10,A,5.2,B,B,0.46,0.96,0.96,7.6,7,7.4,7.7
608,15K443,15,New Voices School Of Academic & Creative Arts,New Voices School of Academic & Creative Arts,Frank Giordano,EMS,Middle School,2.8,A,78.7,91.4,41,A,23.2,A,10.6,A,3.9,A,A,0.42,0.84,0.95,8.3,7.3,7.7,8.1
609,15K447,15,The Math & Science Exploratory School,The Math & Science Exploratory School,Dawn Faraj,EMS,Middle School,3.13,A,68.9,79.8,31.6,B,24,A,9.6,B,3.6,A,A,0.56,1,0.99,7.8,7.4,7.6,8.1
610,15K448,15,Brooklyn Secondary School For Collaborative Studies,Brooklyn Secondary School for Collaborative Stud,Alyce Barr,EMS,Middle/High School,2.23,A,67.3,77.4,35.3,B,19.9,A,7.7,B,4.4,A,B,0.33,0.84,0.86,7.3,6.9,7.3,7.6
611,15K448,15,Brooklyn Secondary School For Collaborative Studies,Brooklyn Secondary School for Collaborative Studies,Alyce Barr,HS,Middle/High School,2.05,A,70.7,67.8,28.7,C,18,A,8.4,C,9,A,A,0.33,0.84,0.86,7.3,6.9,7.3,7.6
612,15K462,15,Secondary School For Law,Secondary School for Law,Oneatha Swinton,EMS,Middle/High School,1.71,,,,,,,,,,,,C,0.51,0.84,0.89,7.2,6.7,6.8,7.4
613,15K462,15,Secondary School For Law,Secondary School for Law,Oneatha Swinton,HS,Middle/High School,2.32,C,54.6,22.3,28.5,C,10.8,C,7.2,C,3.3,C,C,0.51,0.84,0.89,7.2,6.7,6.8,7.4
614,15K463,15,Secondary School For Journalism,Secondary School for Journalism,Abbie Reif,EMS,Middle/High School,2.1,,,,,,,,,,,,C,0.35,0.58,0.83,6.8,6.3,6.3,7
615,15K463,15,Secondary School For Journalism,Secondary School for Journalism,Abbie Reif,HS,Middle/High School,2.08,C,51.1,15.3,27.2,C,9.6,C,7.8,C,2.1,B,B,0.35,0.58,0.83,6.8,6.3,6.3,7
616,15K464,15,Park Slope Collegiate,Park Slope Collegiate,Jill Bloomberg,EMS,Middle/High School,2.09,C,45,24,23.5,C,10.7,C,7.1,C,3.7,C,B,0.12,0.72,0.75,7.1,6.5,7,7.5
617,15K464,15,Park Slope Collegiate,Park Slope Collegiate,Jill Bloomberg,HS,Middle/High School,2.02,C,48.4,11.9,19.7,F,10.2,C,7.5,C,3.6,D,C,0.12,0.72,0.75,7.1,6.5,7,7.5
618,15K497,15,School For International Studies,School for International Studies,Fred Walsh,EMS,Middle/High School,2.32,B,54.6,49.2,28.4,C,14.1,B,7.7,B,4.4,C,A,0.3,0.97,0.86,7.4,6.8,7,7.5
619,15K497,15,School For International Studies,School for International Studies,Fred Walsh,HS,Middle/High School,2.18,B,60.3,39.2,29.3,C,12,B,9.6,B,3,,,0.3,0.97,0.86,7.4,6.8,7,7.5
620,15K676,15,Red Hook Neighborhood School,RED HOOK NEIGHBORHOOD SCHOOL,Rochel Brown,EMS,Elementary School,67.56,B,50.2,40.5,31.2,B,9.1,C,5.4,C,4.5,C,.,0.47,0.83,,7.8,7.1,7.4,7.8
621,15K821,15,Sunset Park Prep,Sunset Park Prep,Lola Padin,EMS,Middle School,2.68,A,82.7,94.2,48.4,A,20.7,A,9.1,B,4.5,A,A,0.41,0.85,0.77,7.8,6.7,7,7.4
622,16K005,16,P.S. 005 Dr. Ronald Mcnair,P.S. 005 Dr. Ronald Mcnair,Lena Gates,EMS,Elementary School,62.65,B,62.4,70.2,39.1,A,15.2,B,4.8,D,3.3,C,B,0.65,0.7,,7.5,7.3,7.4,7.4
623,16K021,16,P.S. 021 Crispus Attucks,P.S. 021 Crispus Attucks,Harold Anderson,EMS,Elementary School,56.94,B,60.6,65.6,30,B,20.2,A,8.5,B,1.8,A,A,0.82,0.64,,8.4,7.7,7.9,8.2
624,16K025,16,P.S. 025 Eubie Blake School,P.S. 025 Eubie Blake School,Anita Coley,EMS,Elementary School,68.12,B,64.3,74.4,35.5,B,17.7,A,7.8,B,3.3,C,C,0.65,1,,7.7,7.7,7.9,8.2
625,16K026,16,P.S. 026 Jesse Owens,P.S. 026 Jesse Owens,Cynthia Celestine,EMS,Elementary School,64.38,B,50.3,40.8,21.3,D,17.8,A,9,B,2.1,A,C,0.63,0.82,,8.6,8,8.4,8.4
626,16K028,16,P.S. 028 The Warren Prep Academy,P.S. 028 The Warren Prep Academy,Sadie Silver,EMS,Elementary School,59.63,B,52.3,45.4,26.6,C,16.7,A,7.7,B,1.3,D,B,0.78,0.91,,8.3,7.4,8,8.1
627,16K035,16,M.S. 035 Stephen Decatur,M.S. 035 Stephen Decatur,Jacklyn Charles-Marcus,EMS,Middle School,2.3,A,93.6,98.3,56.9,A,19.2,A,12.8,A,4.7,A,A,0.96,1,1,8.7,8.7,8.8,8.9
628,16K040,16,P.S. 040 George W. Carver,P.S. 040 George W. Carver,Leonie Hibbert,EMS,Elementary School,62.2,A,75.8,92.8,43,A,17,A,10.8,A,5,A,A,0.73,1,,8.6,8.2,8.5,8.5
629,16K057,16,J.H.S. 057 Whitelaw Reid,J.H.S. 057 Whitelaw Reid,Celeste Douglas,EMS,Middle School,2.31,C,48.9,33.2,22.8,C,14.2,B,9.9,A,2,C,C,0.78,1,0.91,8,7.5,8.1,8.2
630,16K081,16,P.S. 081 Thaddeus Stevens,P.S. 081 Thaddeus Stevens,Cheryl Ault- Barker,EMS,Elementary School,69.89,A,67.2,81,38,B,17.5,A,7.6,B,4.1,B,B,0.58,0.95,,8.1,7.8,7.9,8.1
631,16K243,16,P.S. 243K- The Weeksville School,P.S. 243K- The Weeksville School,Karen Hambright-Glove,EMS,Elementary School,65.43,B,52,44.3,31.5,B,10.7,C,6,C,3.8,C,C,0.32,0.78,,7.8,7.2,7.3,7.5
632,16K262,16,P.S. 262 El Hajj Malik El Shabazz Elementary Schoo,P.S. 262 El Hajj Malik El Shabazz Elementary Sch,Joeletha Ferguson,EMS,Elementary/Middle School,61.66,B,61.7,70.6,30.9,C,17.2,A,10.7,A,2.9,A,A,0.5,0.74,0.79,7.9,7.7,7.7,8.1
633,16K267,16,"M.S. 267 Math, Science & Technology","M.S. 267 Math, Science & Technology",Patricia King,EMS,Middle School,2.17,A,94.1,98.9,55.7,A,22.2,A,10.1,A,6.1,A,B,0.55,1,0.98,8,7.9,8.1,8.4
634,16K308,16,P.S. 308 Clara Cardwell,P.S. 308 Clara Cardwell,George Patterson,EMS,Elementary/Middle School,60.59,C,47.5,33.1,26.1,C,10.6,C,6.7,C,4,D,C,0.32,0.92,0.75,7.4,7.4,7.6,8.1
635,16K309,16,P.S. 309 The George E. Wibecan Preparatory Academy,P.S. 309 The George E. Wibecan Preparatory Acade,Emily Zucal,EMS,Elementary School,64.28,C,39.5,15.7,24.2,C,8.2,D,5,D,2.1,C,C,0.47,0.7,,7.6,7,7.2,7.1
636,16K335,16,P.S. 335 Granville T. Woods,P.S. 335 Granville T. Woods,Dr. Laverne Nimmons,EMS,Elementary School,65.86,A,76.9,93.3,44.3,A,21.1,A,6.8,C,4.6,A,B,0.64,0.81,,8,7.8,8,8.3
637,16K385,16,"School Of Business, Finance And Entrepreneurship","School of Business, Finance and Entrepreneurship",Glyn Marryshow,EMS,Middle School,1.98,B,63.6,70.4,37,B,16.8,A,5.3,D,4.5,B,A,0.15,0.8,0.88,6.8,6.8,6.9,7.2
638,16K393,16,Frederick Douglass Academy Iv Secondary School,Frederick Douglass Academy IV Secondary School,Elvin Crespo,EMS,Middle/High School,2.56,,.,.,.,,.,,.,,.,F,F,0.37,0.91,0.73,6.4,5.9,6.3,6.6
639,16K393,16,Frederick Douglass Academy Iv Secondary School,Frederick Douglass Academy IV Secondary School,Elvin Crespo,HS,Middle/High School,1.86,D,42.3,4.2,24.7,D,9.7,C,2.6,F,2.5,C,B,0.37,0.91,0.73,6.4,5.9,6.3,6.6
640,16K534,16,Upper School @ P.S. 25,Upper School @ P.S. 25,William Cooper,EMS,Middle School,2.18,D,29.9,5.5,17.7,D,6.6,D,2.8,F,2.8,B,C,0.25,0.79,0.95,6,5.9,6.2,6.5
641,16K584,16,M.S. 584,M.S. 584,Gilleyan J. Hargrove,EMS,Middle School,1.98,C,51,38.1,24.8,C,13.3,B,9,B,3.9,C,C,0.47,0.9,0.96,7.1,7,7.4,7.8
642,16K627,16,Brighter Choice Community School,Brighter Choice Community School,Fabayo Mcintosh,EMS,Elementary School,61.75,A,74.3,91.5,38.8,A,23.2,A,10,A,2.3,.,D,1,1,,9,8.6,8.7,8.9
643,16K628,16,Brooklyn Brownstone School,Brooklyn Brownstone School,Nakia Haskins,EMS,Elementary School,54.94,B,58.1,60.3,36.5,B,11.2,C,10.1,A,0.3,.,.,1,0.91,,8,8.5,8.6,8.6
644,16K636,16,Young Scholars' Academy For Discovery And Explorat,Young Scholars' Academy for Discovery and Explor,Danika Lacroix,EMS,Elementary School,64.67,A,75.9,93,41.8,A,17.7,A,12.2,A,4.2,A,A,1,0.94,,8.9,9,9.1,9.2
645,17K002,17,M.S. 002,M.S. 002,Adrienne Spencer,EMS,Middle School,2.52,B,65.1,74.6,38.9,B,13.3,B,9.3,B,3.6,B,B,0.4,0.66,0.89,7.4,7.4,7.6,7.9
646,17K006,17,P.S. 006,P.S. 006,Ellen Carlisle,EMS,Elementary School,60.88,A,69.1,85.3,37.6,B,16.9,A,10.6,A,4,B,B,0.24,0.31,,8.5,8.1,8.3,8.3
647,17K012,17,P.S. 012,P.S. 012,Nyree Dixon,EMS,Elementary School,63.32,B,61.6,68.5,35.9,B,17.1,A,5.3,C,3.3,C,B,0.36,0.39,,7.9,7.4,7.8,8
648,17K022,17,P.S. 022,P.S. 022,Carlen Padmore-Gateau,EMS,Elementary School,61.32,,.,.,.,,.,,.,,.,F,C,0.29,0.26,,7.3,6.9,6.9,6.9
649,17K061,17,M.S. 061 Dr. Gladstone H. Atwell,M.S. 061 Dr. Gladstone H. Atwell,Sandra Taylor,EMS,Middle School,2.82,C,40.6,15.8,23.1,C,9.6,C,5.7,C,2.2,C,C,0.61,0.78,0.86,6.9,6.8,7.3,7.8
650,17K091,17,P.S. 091 The Albany Avenue School,P.S. 091 The Albany Avenue School,Tessa Alleyne,EMS,Elementary School,64.22,C,46.7,31.6,26.9,C,9.8,C,7,C,2.9,D,C,0.79,0.96,,7.7,7.6,7.7,7.9
651,17K092,17,P.S. 092 Adrian Hegeman,P.S. 092 Adrian Hegeman,Ms. Diana Rahmaan,EMS,Elementary School,58.78,D,33.4,6.7,14.2,F,9.3,C,8.3,B,1.6,C,C,0.41,0.26,,8,7.4,7.5,7.6
652,17K138,17,P.S. 138 Brooklyn,P.S. 138 Brooklyn,Ms. Marie Chauvet-Monchik,EMS,Elementary/Middle School,58.55,A,71.6,87.5,41.4,A,16.1,A,9.3,B,4.8,B,A,0.51,0.72,0.87,7.5,7.6,8.1,8.5
653,17K161,17,P.S. 161 The Crown,P.S. 161 The Crown,Michael Johnson,EMS,Elementary/Middle School,52.03,F,29.1,1.3,12,F,8.3,D,7.1,C,1.6,D,C,0.51,0.94,0.81,6.9,7.2,7.3,7.6
654,17K167,17,P.S. 167 The Parkway,P.S. 167 The Parkway,Marc Mardy,EMS,Elementary School,63.5,D,25.6,2.8,16.5,D,2.9,F,3.9,D,2.3,C,C,0.37,0.34,,7.5,7.1,7.1,7.5
655,17K181,17,P.S. 181 Brooklyn,P.S. 181 Brooklyn,Lowell Coleman,EMS,Elementary/Middle School,55.65,C,50.5,38.8,27.5,C,14.2,B,4.9,D,3.9,B,C,0.32,0.39,0.91,6.7,6.4,6.6,7.1
656,17K189,17,P.S. 189 Lincoln Terrace,P.S. 189 Lincoln Terrace,Ms. Berthe G. Faustin,EMS,Elementary/Middle School,56.39,B,63.2,72.5,31.4,B,17.4,A,10.4,A,3.9,A,B,0.61,0.94,0.85,7.7,7.2,7.5,8.1
657,17K191,17,P.S. 191 Paul Robeson,P.S. 191 Paul Robeson,Mrs. Elsi Capolongo,EMS,Elementary School,68.51,B,56,56.2,26.9,C,15.9,B,8.1,B,5.1,B,C,0.37,0.41,,8.4,7.6,8,8.1
658,17K221,17,P.S. 221 Toussaint L'Ouverture,P.S. 221 Toussaint L'Ouverture,Clara Moodie-Kirkland,EMS,Elementary School,57.59,D,33.7,7.2,15.7,D,7.4,D,8.8,B,1.8,A,C,0.5,0.59,,8.3,8.3,8.4,8.5
659,17K241,17,P.S. 241 Emma L. Johnston,P.S. 241 Emma L. Johnston,Frantz Lucius,EMS,Elementary School,60.97,B,58.5,61,27,C,20.2,A,9.3,B,2,A,C,0.64,0.68,,8.1,7.7,8,8.1
660,17K246,17,M.S. 246 Walt Whitman,M.S. 246 Walt Whitman,Bently Warrington,EMS,Middle School,2.13,B,56.6,53.9,32.9,B,12.9,B,6.9,C,3.9,B,B,0.41,0.74,0.84,6.8,6.5,7,7.3
661,17K289,17,P.S. 289 George V. Brower,P.S. 289 George V. Brower,Mr. Dennis O. Jeffers,EMS,Elementary School,59.88,B,63.4,72,40.8,A,13.9,B,5.4,C,3.3,C,B,0.57,0.33,,7.7,7.3,7.4,7.7
662,17K316,17,P.S. 316 Elijah Stroud,P.S. 316 Elijah Stroud,Olga Maluf,EMS,Elementary School,58.01,B,61.7,68.7,33.8,B,13.6,B,9.4,B,4.9,C,A,0.61,0.92,,8.1,7.5,7.8,7.8
663,17K334,17,Middle School For Academic And Social Excellence,Middle School for Academic and Social Excellence,Andrea Whitehurst,EMS,Middle School,2.12,D,29.2,5.3,9.8,F,9,C,8.6,B,1.8,C,B,0.54,0.83,0.87,7.4,7,7.5,7.9
664,17K340,17,I.S. 340,I.S. 340,Mrs. Jean Williams,EMS,Middle School,3.38,C,17.4,0.8,1.2,F,8.8,D,6.1,C,1.2,C,B,0.45,0.83,0.95,7.3,7.1,7.2,7.7
665,17K352,17,Ebbets Field Middle School,Ebbets Field Middle School,Margie Baker,EMS,Middle School,2.18,C,47.9,31.2,28,C,11.6,C,4.7,D,3.6,B,B,0.73,0.94,0.92,6.7,6.3,6.7,7
666,17K353,17,Elijah Stroud Middle School,Elijah Stroud Middle School,Claudette Essor,EMS,Middle School,2.25,C,50,35.4,23.1,C,13.6,B,9.6,B,3.7,B,A,0.86,0.71,0.98,7.5,7.2,7.5,8
667,17K354,17,The School Of Integrated Learning,The School of Integrated Learning,Monique Campbell,EMS,Middle School,2.01,A,102.2,100,59.8,A,22,A,13,A,7.4,B,A,0.92,0.96,0.98,7.9,7.9,8.2,8.6
668,17K375,17,P.S. 375 Jackie-Robinson School,P.S. 375 Jackie-Robinson School,Dr. Marion Wilson,EMS,Elementary School,63.96,C,49.7,38.5,17.4,D,17.6,A,11,A,3.7,A,B,0.83,0.95,,8.7,8.3,8.6,8.6
669,17K382,17,Academy For College Preparation And Career Explora,Academy for College Preparation and Career Explo,Doris Unger,EMS,Middle/High School,2.65,C,44.4,22.7,21.9,C,13.6,B,6.7,C,2.1,B,D,0.13,0.9,0.83,6.4,6.4,6.5,6.9
670,17K382,17,Academy For College Preparation And Career Explora,Academy for College Preparation and Career Exploration: A College Board School,Doris Unger,HS,Middle/High School,2.09,B,66.4,54.5,33.8,B,15,A,6.3,D,5.3,D,B,0.13,0.9,0.83,6.4,6.4,6.5,6.9
671,17K394,17,M.S. K394,M.S. K394,Ms. Claudette Murray,EMS,Elementary/Middle School,55.96,C,38.4,11.9,11.6,F,11.7,C,11,A,4.1,B,C,0.44,0.92,0.97,8,7.5,7.8,8.3
672,17K397,17,P.S. 397 Foster-Laurie,P.S. 397 Foster-Laurie,Nancy Colon,EMS,Elementary School,56.65,C,41.2,18,20.2,D,11.2,C,8.3,B,1.5,B,B,0.62,0.86,,8.4,7.4,7.8,8.2
673,17K398,17,P.S. 398 Walter Weaver,P.S. 398 Walter Weaver,Diane Danay-Caban,EMS,Elementary School,65.03,F,21.5,0.7,9.5,F,7.6,D,1.8,F,2.6,B,B,0.52,0.69,,7.1,6.7,7.2,7.1
674,17K399,17,P.S. 399 Stanley Eugene Clark,P.S. 399 Stanley Eugene Clark,Marion J. Brown,EMS,Elementary School,54.77,B,63.5,72.3,32.4,B,21.7,A,7.9,B,1.4,B,A,0.46,0.57,,8.2,7.1,7.6,7.7
675,17K484,17,Ronald Edmonds Learning Center Ii,Ronald Edmonds Learning Center II,Herbert Daughtry,EMS,Middle School,2.19,C,46.7,27.4,21.3,D,16.5,A,5.6,C,3.3,A,C,0.08,0.43,0.81,7.2,6.9,7.3,8.1
676,17K531,17,"School For Human Rights, The","School for Human Rights, The",Michael Alexander,EMS,Middle/High School,2.21,A,75.3,88.4,40.4,A,18.2,A,13.1,A,3.6,C,B,0.47,1,0.97,8.1,7.7,8.1,8.4
677,17K531,17,"School For Human Rights, The","School for Human Rights, The",Michael Alexander,HS,Middle/High School,2.11,A,79.8,88.5,36.5,B,16.9,A,14.5,A,7.1,A,A,0.47,1,0.97,8.1,7.7,8.1,8.4
678,17K533,17,School For Democracy And Leadership,School for Democracy and Leadership,James Olearchik,EMS,Middle/High School,2.25,B,57.5,56.1,32.8,B,17.1,A,4.5,D,3.1,D,C,0.48,0.85,0.82,6.2,6.5,6.5,6.9
679,17K533,17,School For Democracy And Leadership,School for Democracy and Leadership,James Olearchik,HS,Middle/High School,1.86,C,47.8,10.4,22.8,D,11.3,C,4.4,F,3,D,C,0.48,0.85,0.82,6.2,6.5,6.5,6.9
680,17K543,17,"Science, Technology And Research Early College Hig","Science, Technology and Research Early College H",Dr. Eric L. Blake,EMS,Middle/High School,3.29,B,56.2,53,30,C,15,B,10.1,A,1.1,B,C,0.95,1,0.94,8.1,7.1,7.7,7.8
681,17K543,17,"Science, Technology And Research Early College Hig","Science, Technology and Research Early College High School at Erasmus",Dr. Eric L. Blake,HS,Middle/High School,3.09,A,79.6,88.1,45.2,A,15.1,A,10.9,A,0.4,B,A,0.95,1,0.94,8.1,7.1,7.7,7.8
682,17K587,17,Middle School For The Arts,Middle School for the Arts,Susan Hobson-Ransom,EMS,Middle School,2.2,,.,.,.,,.,,.,,.,D,C,0.19,1,0.73,6.2,6.2,6.6,6.7
683,17K590,17,Medgar Evers College Preparatory School,Medgar Evers College Preparatory School,Dr. Michael A. Wiltshire,EMS,Middle/High School,3.81,C,51,38.1,23.6,C,18,A,8.5,B,0.9,C,B,0.38,0.33,0.86,7.5,7,7.2,7.9
684,17K590,17,Medgar Evers College Preparatory School,Medgar Evers College Preparatory School,Dr. Michael A. Wiltshire,HS,Middle/High School,3.26,B,61.4,40.1,31.6,C,15.6,A,7.6,C,0.3,B,B,0.38,0.33,0.86,7.5,7,7.2,7.9
685,18K066,18,P.S. 66,P.S. 66,Lucille Jackson,EMS,Elementary/Middle School,47.44,D,32.6,6.3,7,F,15.4,B,9.2,B,1,B,A,0.51,0.98,0.94,7.6,7.2,7.4,7.9
686,18K068,18,I.S. 068 Isaac Bildersee,I.S. 068 Isaac Bildersee,Merve Williams,EMS,Middle School,2.33,C,41.3,17.1,21.5,D,10.5,C,6.1,C,3.2,B,C,0.44,0.79,0.94,6.1,6.6,6.9,7.3
687,18K114,18,P.S. 114 Ryder Elementary,P.S. 114 Ryder Elementary,Darwin Smith,EMS,Elementary School,53.73,D,29.6,4.3,12.8,F,7.9,D,7.2,C,1.7,C,D,0.38,0.83,,8,7.8,7.8,8
688,18K115,18,P.S. 115 Daniel Mucatel School,P.S. 115 Daniel Mucatel School,Denis Guerin,EMS,Elementary School,48.27,B,52.8,47.4,29.7,C,16.8,A,5.2,D,1.1,B,B,0.58,0.87,,7,6.7,7.2,7
689,18K135,18,P.S. 135 Sheldon A. Brookner,P.S. 135 Sheldon A. Brookner,Trevlyn Mcrae,EMS,Elementary School,55.63,C,42.8,21.2,18.8,D,12.1,C,10.4,A,1.5,B,B,0.39,0.81,,8.2,8,8.1,8.4
690,18K208,18,P.S. 208 Elsa Ebeling,P.S. 208 Elsa Ebeling,Ms. Kristy Parris,EMS,Elementary School,49.12,C,40.9,17.7,17.3,D,12.4,B,10.1,A,1,B,B,0.55,0.97,,8.3,8.1,8.2,8.6
691,18K219,18,P.S. 219 Kennedy-King,P.S. 219 Kennedy-King,Ms. Winsome Smith,EMS,Elementary School,59.45,C,38.2,13.8,17.5,D,11,C,7.4,B,2.3,B,C,0.7,0.61,,7.6,7.2,7.2,7.4
692,18K233,18,P.S. 233 Langston Hughes,P.S. 233 Langston Hughes,Denean Stephens-Spellman,EMS,Elementary School,54.4,C,41.9,19.3,22.1,C,11.3,C,6.9,C,1.6,C,C,0.53,1,,7.4,7.4,7.5,7.8
693,18K235,18,P.S. 235 Lenox School,P.S. 235 Lenox School,Lisa Solitario,EMS,Elementary/Middle School,45.57,A,74.2,90,39.2,A,22.7,A,10.1,A,2.2,A,B,0.49,0.58,0.99,7.9,7.3,7.7,8.2
694,18K244,18,P.S. 244 Richard R. Green,P.S. 244 Richard R. Green,Ms. Grace Alesia,EMS,Elementary School,56.92,B,54.1,51.5,27.8,C,13.5,B,10,A,2.8,A,B,0.37,0.71,,8.5,8,8.2,8.5
695,18K268,18,P.S. 268 Emma Lazarus,P.S. 268 Emma Lazarus,Vangela Kirton,EMS,Elementary School,55.87,C,41.4,18.5,21,D,9.9,C,8.4,B,2.1,B,C,0.64,0.73,,8.1,7.8,8,8.1
696,18K272,18,P.S. 272 Curtis Estabrook,P.S. 272 Curtis Estabrook,Dakota Keyes,EMS,Elementary School,58.81,B,56.8,57.9,35.1,B,9.7,C,7.5,B,4.5,F,C,0.73,0.91,,8.1,7.7,8,8.1
697,18K276,18,P.S. 276 Louis Marshall,P.S. 276 Louis Marshall,Yasmine Fidelia,EMS,Elementary School,53.01,B,57.6,59.2,34,B,11.7,C,9.3,B,2.6,B,C,0.86,0.94,,7.9,7.7,7.8,7.9
698,18K279,18,P.S. 279 Herman Schreiber,P.S. 279 Herman Schreiber,Lorenzo Chambers,EMS,Elementary School,52.18,C,40.5,16.9,21.3,D,10.6,C,6.4,C,2.2,C,C,0.56,0.93,,7.8,6.9,7.1,7.4
699,18K285,18,I.S. 285 Meyer Levin,I.S. 285 Meyer Levin,Mr. Frederick A. Underwood,EMS,Middle School,2.73,C,38.7,12.2,18,D,12.5,C,6.4,C,1.8,B,C,0.61,0.39,0.91,6.9,6.8,7.4,7.7
700,18K366,18,The Science And Medicine Middle School,THE SCIENCE AND MEDICINE MIDDLE SCHOOL,Ingrid Thomas-Clark,EMS,Middle School,2.46,C,47.3,29,18.7,D,14.1,B,11.7,A,2.7,B,.,0.85,0.86,0.87,7.6,7.6,7.8,8.1
701,18K581,18,East Flatbush Community Research School,East Flatbush Community Research School,David Manning,EMS,Middle School,2.14,C,46.8,27.6,25.9,C,11.2,C,6.5,C,3.1,D,C,0.63,0.82,0.95,6.4,6.7,6.9,7.2
702,18K588,18,Middle School For Art And Philosophy,Middle School for Art and Philosophy,Neil Mcneill Jr,EMS,Middle School,2.29,C,51.4,39.5,28,C,13.1,B,7.4,C,2.9,C,C,0.53,0.96,0.94,7,7.1,7.4,7.7
703,18K598,18,Middle School Of Marketing And Legal Studies,Middle School of Marketing and Legal Studies,Jameela Horton-Ball,EMS,Middle School,2.28,A,82.6,93.9,49.8,A,18.4,A,10.1,A,4.3,B,C,0.61,0.5,0.82,7.3,7.6,7.6,8
704,19K007,19,P.S. 007 Abraham Lincoln,P.S. 007 Abraham Lincoln,Nydia Acevedo,EMS,Elementary School,57.3,B,55,53.1,29.6,C,15.2,B,7.9,B,2.3,A,B,0.69,0.86,,8.1,7.5,7.5,8
705,19K013,19,P.S. 013 Roberto Clemente,P.S. 013 Roberto Clemente,Adam Baskin,EMS,Elementary School,63.29,C,38.2,13.8,18.6,D,10.6,C,6.9,C,2.1,C,C,0.46,0.89,,7.7,7.9,8,8.3
706,19K065,19,P.S. 065,P.S. 065,Daysi Garcia,EMS,Elementary School,57.79,C,49,37.4,18.9,D,16,B,11.9,A,2.2,B,A,0.83,1,,9.2,8.9,9,9.1
707,19K089,19,P.S. 089 Cypress Hills,P.S. 089 Cypress Hills,Irene Leon,EMS,Elementary/Middle School,64.52,A,66.1,80.6,38.2,B,10.6,C,11.1,A,6.2,B,B,0.73,0.85,0.87,8,7.1,7.6,7.8
708,19K108,19,P.S. 108 Sal Abbracciamento,P.S. 108 Sal Abbracciamento,Constance Hahn,EMS,Elementary School,61.17,A,67.9,82.1,39.5,A,17.4,A,7.5,B,3.5,B,B,0.75,0.97,,8.2,7.5,7.7,7.9
709,19K149,19,P.S. 149 Danny Kaye,P.S. 149 Danny Kaye,Enid Silvera,EMS,Elementary School,63.56,A,67.8,81.6,39.6,A,16.7,A,7.4,B,4.1,C,C,0.46,0.88,,7.7,7.9,8.1,8.2
710,19K158,19,P.S. 158 Warwick,P.S. 158 Warwick,Audrey Wilson,EMS,Elementary School,64.5,C,45.8,28.4,25.6,C,11.9,C,4.7,D,3.6,B,C,0.58,0.87,,7.9,7.3,7.7,7.7
711,19K159,19,P.S. 159 Isaac Pitkin,P.S. 159 Isaac Pitkin,Monica Duncan,EMS,Elementary School,47.83,C,45.1,25.7,27.2,C,9,C,6.6,C,2.3,B,C,0.59,0.98,,8.2,7.8,7.9,8.1
712,19K166,19,J.H.S. 166 George Gershwin,J.H.S. 166 George Gershwin,Maria Ortega,EMS,Middle School,1.91,C,39.6,14.1,23.1,C,10.1,C,3.3,F,3.1,C,C,0.4,0.7,0.91,6,6.4,6.6,6.9
713,19K171,19,I.S. 171 Abraham Lincoln,I.S. 171 Abraham Lincoln,Barbara Kendall,EMS,Middle School,2.75,D,35.5,9.4,20,D,7.3,D,6.1,C,2.1,F,C,0.74,0.88,0.91,7.1,6.9,7.4,7.7
714,19K174,19,P.S. 174 Dumont,P.S. 174 Dumont,Ingrid Mason,EMS,Elementary/Middle School,66.74,D,32.4,5.6,13.6,F,8,D,8.7,B,2.1,C,C,0.61,0.76,0.94,7.4,7,7.2,7.7
715,19K190,19,P.S. 190 Sheffield,P.S. 190 Sheffield,Stephaun Hill,EMS,Elementary School,63.24,F,23.8,1.5,9.7,F,6.6,D,5.8,C,1.7,B,A,0.57,0.73,,8.2,7.9,8.1,8.2
716,19K202,19,P.S. 202 Ernest S. Jenkyns,P.S. 202 Ernest S. Jenkyns,Pauline Smith-Gayle,EMS,Elementary/Middle School,62.89,D,32,5,13.4,F,11.2,C,5.3,D,2.1,D,C,0.48,0.68,0.86,6.7,6.9,7.2,7.7
717,19K213,19,P.S. 213 New Lots,P.S. 213 New Lots,Anne Lee Bernard,EMS,Elementary School,63.21,B,52,44.3,32.7,B,12.5,B,4.1,D,2.7,D,C,0.52,0.77,,7.5,6.9,7.2,7.3
718,19K214,19,P.S. 214 Michael Friedsam,P.S. 214 Michael Friedsam,Patricia Tubridy,EMS,Elementary School,43.01,B,50.9,42,26.8,C,12.6,B,9.4,B,2.1,B,B,0.71,0.82,,8.6,8.1,8.3,8.5
719,19K218,19,J.H.S. 218 James P. Sinnott,J.H.S. 218 James P. Sinnott,Valena Welch Woodley,EMS,Middle School,2.28,C,47.7,30.7,23.1,C,14.8,B,6.6,C,3.2,B,B,0.23,0.6,0.85,6.6,6.8,7.2,7.8
720,19K224,19,P.S. 224 Hale A. Woodruff,P.S. 224 Hale A. Woodruff,George Andrews,EMS,Elementary School,60.04,F,21.8,0.8,10.5,F,5.4,F,4,D,1.9,C,B,0.75,0.52,1,7.2,7,7.3,7.6
721,19K260,19,P.S. 260 Breuckelen,P.S. 260 Breuckelen,Sabrina Fleming,EMS,Elementary School,60.48,,.,.,.,,.,,.,,.,.,D,1,0.6,,7.7,7.4,6.9,7.2
722,19K273,19,P.S. 273 Wortman,P.S. 273 Wortman,Melessa Avery,EMS,Elementary School,56.74,D,34.6,8.4,15.1,F,9.6,C,8.3,B,1.6,C,C,0.54,0.97,,8.5,8,7.9,8.1
723,19K290,19,P.S. 290 Juan Morel Campos,P.S. 290 Juan Morel Campos,Willena George,EMS,Elementary School,58.58,B,55.1,53.6,28,C,14.9,B,9.6,B,2.6,B,B,0.3,0.57,,8.2,8,7.8,8.2
724,19K292,19,J.H.S. 292 Margaret S. Douglas,J.H.S. 292 Margaret S. Douglas,Gloria Williams Nandan,EMS,Middle School,2.51,C,46.1,26.2,26.8,C,12.4,C,4.8,D,2.1,B,C,0.43,0.89,0.85,6.4,6.8,7,7.5
725,19K302,19,J.H.S. 302 Rafael Cordero,J.H.S. 302 Rafael Cordero,Lisa Linder,EMS,Middle School,2.47,F,22.8,2.8,12.8,F,4.8,F,3.1,F,2.1,C,D,0.49,0.85,0.92,6.2,6.5,6.8,7.2
726,19K306,19,P.S. 306 Ethan Allen,P.S. 306 Ethan Allen,Lawrence Burroughs,EMS,Elementary/Middle School,62.99,C,47.9,35,30.3,C,10.7,C,3,F,3.9,F,B,0.45,0.78,0.94,6.4,6.6,6.8,7.3
727,19K311,19,Essence School,Essence School,Claudy Makelele,EMS,Middle School,2.47,C,43,19.6,25.8,C,8.8,D,6.2,C,2.2,C,B,0.52,0.92,0.94,7.1,6.6,7,7.3
728,19K328,19,P.S. 328 Phyllis Wheatley,P.S. 328 Phyllis Wheatley,Douglas Avila,EMS,Elementary/Middle School,67.79,C,38.2,11.3,22.2,D,6.6,F,6.3,C,3.1,D,B,0.27,0.48,0.7,6.6,6.3,6.7,7.1
729,19K345,19,P.S. 345 Patrolman Robert Bolden,P.S. 345 Patrolman Robert Bolden,Wanda Holt,EMS,Elementary School,61.45,B,54.9,52.6,36.3,B,9.4,C,6.1,C,3.1,C,B,0.39,0.67,,7.8,7.3,7.4,7.7
730,19K346,19,P.S. 346 Abe Stark,P.S. 346 Abe Stark,Kevin Caifa,EMS,Elementary School,52.21,C,45.6,27.5,19.6,D,12.8,B,10.6,A,2.6,C,C,0.53,0.86,,8.6,8.2,8.3,8.5
731,19K364,19,I.S. 364 Gateway,I.S. 364 Gateway,Dale Kelly,EMS,Middle School,2.71,C,39.7,14.9,17,D,14,B,6.6,C,2.1,C,B,0.48,1,0.97,7.5,7,7.2,7.6
732,19K409,19,East New York Family Academy,East New York Family Academy,Sheila Richards,EMS,Middle/High School,3.26,A,76.4,88.7,51.6,A,16.5,A,7.9,B,0.4,A,B,0.41,0.69,0.76,7.8,6.7,6.9,7.3
733,19K409,19,East New York Family Academy,East New York Family Academy,Sheila Richards,HS,Middle/High School,2.93,C,48.8,12.7,27.8,C,9.2,D,6.7,D,0.7,C,B,0.41,0.69,0.76,7.8,6.7,6.9,7.3
734,19K452,19,Frederick Douglass Academy Viii Middle School,Frederick Douglass Academy VIII Middle School,Yolanda Martin,EMS,Middle School,3.09,B,61.4,65.2,32.5,B,15.1,B,12,A,1.7,B,B,0.9,0.88,0.92,8.5,7.9,8.3,8.7
735,19K677,19,East New York Elementary School Of Excellence,EAST NEW YORK ELEMENTARY SCHOOL OF EXCELLENCE,Judy Touzin,EMS,Elementary School,60.4,F,23.4,1,9.1,F,5.5,F,7.6,B,1.2,C,.,0.69,0.9,,7.7,7.7,7.8,8
736,19K678,19,East New York Middle School Of Excellence,EAST NEW YORK MIDDLE SCHOOL OF EXCELLENCE,Rose Anne Gonzalez,EMS,Middle School,2.12,B,53.9,47,27,C,15,B,8.4,B,3.5,B,.,0.79,1,0.97,7.2,6.9,7.2,7.5
737,20K030,20,I.S. 30 Mary White Ovington,I.S. 30 Mary White Ovington,Carol Heeraman,EMS,Middle School,3.01,B,52.5,43.9,26.4,C,16.3,A,7.6,C,2.2,B,A,0.76,1,0.96,7.5,6.7,7.2,7.5
738,20K048,20,P.S. 048 Mapleton,P.S. 048 Mapleton,Diane Picucci,EMS,Elementary School,30.17,B,49.8,39.5,24.3,C,14.9,B,7,C,3.6,A,B,0.96,0.88,,8.3,7.4,7.5,7.6
739,20K062,20,J.H.S. 062 Ditmas,J.H.S. 062 Ditmas,Barry Kevorkian,EMS,Middle School,2.43,B,60.2,61.1,30.5,C,16.4,A,10.2,A,3.1,B,A,1,0.99,1,7.7,7,7.5,7.7
740,20K069,20,P.S. 69 Vincent D. Grippo School,P.S. 69 Vincent D. Grippo School,Jaynemarie Capetanakis,EMS,Elementary School,30.96,A,65.6,77.4,38.7,B,11.9,C,11.6,A,3.4,A,A,0.94,0.77,,8.8,8,8.3,8.3
741,20K102,20,P.S. 102 The Bayview,P.S. 102 The Bayview,Ms. Theresa Dovi,EMS,Elementary School,28.35,B,61.7,69,31.9,B,19.6,A,7.5,B,2.7,B,B,0.82,0.7,,8.3,7.8,7.9,8
742,20K104,20,P.S./I.S. 104 The Fort Hamilton School,P.S./I.S. 104 The Fort Hamilton School,Ms. Marie Dibella,EMS,Elementary/Middle School,25.57,B,58.9,63.1,29.7,C,17.3,A,9.3,B,2.7,B,A,0.97,0.86,0.98,7.9,7.5,7.6,8.2
743,20K105,20,P.S. 105 The Blythebourne,P.S. 105 The Blythebourne,Johanna Castronovo,EMS,Elementary School,27.17,B,64,73.4,40.6,A,12.7,B,7.6,B,3.1,A,A,1,0.89,,8.3,7,7.4,7.5
744,20K112,20,P.S. 112 Lefferts Park,P.S. 112 Lefferts Park,Louise Verdemare (Alfano),EMS,Elementary School,31.31,A,73.4,90.7,40.7,A,20.7,A,9,B,3,A,B,1,1,,8.4,7.7,8,8.1
745,20K127,20,P.S. 127 Mckinley Park,P.S. 127 Mckinley Park,Agatha Alicandro,EMS,Elementary School,28.59,B,50.5,41.2,25,C,13.7,B,8.6,B,3.2,B,D,0.93,1,,8.4,7.8,8.2,8.2
746,20K160,20,P.S. 160 William T. Sampson,P.S. 160 William T. Sampson,Margaret Russo,EMS,Elementary School,33.09,A,65,75.7,38.3,B,13.7,B,9.6,B,3.4,C,B,1,0.79,,8.3,7.4,7.8,7.9
747,20K163,20,P.S. 163 Bath Beach,P.S. 163 Bath Beach,Maryann Wasmuth,EMS,Elementary/Middle School,34.34,A,81.3,96.9,49.3,A,15.2,B,11.9,A,4.9,A,A,0.34,0.6,0.94,8.5,7.6,8.3,8.4
748,20K164,20,P.S. 164 Caesar Rodney,P.S. 164 Caesar Rodney,Margaret Choy-Shan,EMS,Elementary School,49.03,B,62.5,70.7,30.2,B,15.8,B,12.9,A,3.6,A,A,1,1,,9.2,8.5,8.7,8.8
749,20K170,20,Ralph A. Fabrizio School,Ralph A. Fabrizio School,Zhen (Tony) Wu,EMS,Elementary School,32.24,A,68.6,84.4,39.4,A,17.5,A,8.6,B,3.1,B,B,0.76,0.93,,8.2,7.3,7.6,7.8
750,20K176,20,P.S. 176 Ovington,P.S. 176 Ovington,Elizabeth Culkin,EMS,Elementary School,31.05,A,68.1,82.8,33.6,B,22.1,A,10.2,A,2.2,A,A,0.9,0.79,,8.6,7.7,7.9,8.1
751,20K179,20,P.S. 179 Kensington,P.S. 179 Kensington,Bernadette Amato,EMS,Elementary School,40.59,C,46.8,32.3,30.6,B,7.2,D,5.4,C,3.5,C,C,0.74,0.91,,7.7,6.6,6.9,7.1
752,20K180,20,The Seeall Academy,The SEEALL Academy,Gary Williams,EMS,Elementary/Middle School,28,B,61.6,70,36.1,B,13.5,B,8.2,B,3.7,B,B,0.51,0.62,0.99,7.9,7.2,7.5,7.8
753,20K185,20,P.S. 185 Walter Kassenbrock,P.S. 185 Walter Kassenbrock,Kenneth Llinas,EMS,Elementary School,18.14,A,66.7,79.8,38.2,B,16,B,10.5,A,2,C,C,0.91,1,,9.1,8.4,8.7,8.8
754,20K186,20,P.S. 186 Dr. Irving A Gladstone,P.S. 186 Dr. Irving A Gladstone,Bayan (Ebeid) Cadotte,EMS,Elementary School,31.83,A,71,87.5,42.3,A,17.1,A,8.8,B,2.8,B,B,1,0.97,,8.2,7.7,7.8,8
755,20K187,20,The Christa Mcauliffe School\I.S. 187,The Christa McAuliffe School\I.S. 187,Justin Berman,EMS,Middle School,3.95,A,84.7,95.6,48.2,A,24.2,A,11.2,A,1,A,A,0.68,0.74,1,8.6,7.2,7.8,8.2
756,20K192,20,P.S. 192 - The Magnet School For Math And Science,P.S. 192 - The Magnet School for Math and Scienc,Liset Isaac,EMS,Elementary/Middle School,46.15,A,66.4,81.9,38.6,A,11.4,C,9.7,A,6.7,A,A,0.73,0.79,1,8.2,7.4,7.9,8.2
757,20K200,20,P.S. 200 Benson School,P.S. 200 Benson School,Javier Muniz,EMS,Elementary School,27.06,C,46.4,30.5,27.6,C,13.5,B,3.7,F,1.6,A,B,0.77,0.63,,7.5,6.4,6.8,6.9
758,20K201,20,J.H.S. 201 The Dyker Heights,J.H.S. 201 The Dyker Heights,Ms. Madeleine Brennan,EMS,Middle School,3.16,A,69.9,81.8,39.8,A,18.4,A,8.9,B,2.8,A,A,0.47,0.6,0.98,8,6.6,7.3,7.7
759,20K204,20,P.S. 204 Vince Lombardi,P.S. 204 Vince Lombardi,Nancy Tomasuolo,EMS,Elementary School,21.46,B,54,51,27.9,C,15.5,B,9.3,B,1.3,B,A,0.61,0.96,,8.8,7.8,8.2,8.4
760,20K205,20,P.S. 205 Clarion,P.S. 205 Clarion,Beth Grater,EMS,Elementary School,35.81,A,66,78.4,42.2,A,15.5,B,4.4,D,3.8,A,B,0.43,0.55,,7.7,6.3,6.7,6.9
761,20K220,20,J.H.S. 220 John J. Pershing,J.H.S. 220 John J. Pershing,Loretta Witek,EMS,Middle School,2.69,B,57.2,55.3,32.5,B,13,B,8.1,B,3.6,C,B,0.4,1,0.97,7.1,6.7,7.1,7.4
762,20K223,20,J.H.S. 223 The Montauk,J.H.S. 223 The Montauk,Andrew Frank,EMS,Middle School,2.61,A,73,84.8,45,A,14.5,B,9.8,A,3.7,A,B,0.5,1,0.94,7.7,6.9,7.5,7.9
763,20K227,20,J.H.S. 227 Edward B. Shallow,J.H.S. 227 Edward B. Shallow,Brenda D. Champion,EMS,Middle School,2.67,B,51.7,40.1,28.2,C,13.5,B,6.7,C,3.3,A,B,0.45,0.98,0.95,7.1,6.1,6.6,6.9
764,20K229,20,P.S. 229 Dyker,P.S. 229 Dyker,Robert Zappulla,EMS,Elementary/Middle School,17.83,B,56,56.9,30,C,16.7,A,6.3,C,3,B,B,0.82,0.97,0.88,7.7,6.7,6.9,7.6
765,20K247,20,P.S. 247 Brooklyn,P.S. 247 Brooklyn,Christopher E. Ogno,EMS,Elementary School,26.53,A,89.4,98.7,52.8,A,24.6,A,8,B,3.9,A,A,0.45,0.71,,8.4,7.5,7.9,8.3
766,20K259,20,J.H.S. 259 William Mckinley,J.H.S. 259 William Mckinley,Janice Geary,EMS,Middle School,2.94,A,73.1,85.6,40.9,A,17.9,A,11.2,A,3.1,A,A,0.52,0.92,0.92,8.3,7.6,8.2,8.5
767,20K503,20,Ps 503: The School Of Discovery,PS 503: The School of Discovery,Bernadette Fitzgerald,EMS,Elementary School,63.09,B,64.5,74.8,37.1,B,12.7,B,10.3,A,4.4,B,B,0.76,0.98,,8.4,7.7,8,8.1
768,20K506,20,P.S. 506: The School Of Journalism & Technology,P.S. 506: The School of Journalism & Technology,Lisa Sarnicola,EMS,Elementary School,51.99,B,55.7,54.6,32,B,9.7,C,10.5,A,3.5,B,B,0.64,0.73,,8.5,7.8,8,8.3
769,20K609,20,Urban Assembly School For Criminal Justice,Urban Assembly School for Criminal Justice,Mariela Graham,EMS,Middle/High School,2.46,B,55.7,51.9,29,C,14,B,9.7,B,3,A,B,0.2,0.97,0.91,7.9,7.5,7.6,8.1
770,20K609,20,Urban Assembly School For Criminal Justice,Urban Assembly School for Criminal Justice,Mariela Graham,HS,Middle/High School,2.35,,,,,,,,,,,,,0.2,0.97,0.91,7.9,7.5,7.6,8.1
771,21K090,21,P.S. 90 Edna Cohen School,P.S. 90 Edna Cohen School,Greta Hawkins,EMS,Elementary School,50.85,B,56.3,56.4,34.4,B,13.9,B,3.7,F,4.3,A,B,0.7,0.79,,7.3,6.6,7,7
772,21K095,21,P.S. 095 The Gravesend,P.S. 095 The Gravesend,Janet Ndzibah,EMS,Elementary/Middle School,40.02,B,63.1,71.3,37,B,13.9,B,8,B,4.2,C,C,0.74,0.99,0.98,7.9,7.5,7.6,8
773,21K096,21,I.S. 096 Seth Low,I.S. 096 Seth Low,Denise Sandra Levinsky,EMS,Middle School,2.55,C,45.9,25.7,22.3,C,14.3,B,6.1,C,3.1,B,B,0.52,0.77,0.78,7,6.6,6.9,7.2
774,21K097,21,P.S. 97 The Highlawn,P.S. 97 The Highlawn,Kristine Mustillo,EMS,Elementary School,28.55,B,57.1,58.2,28.7,C,15.5,B,10.3,A,2.6,A,A,0.94,0.68,,8.8,7.9,8.3,8.5
775,21K098,21,I.S. 98 Bay Academy,I.S. 98 Bay Academy,Maria Timo,EMS,Middle School,3.51,A,74,87.6,41.9,A,20.5,A,9.5,B,2,A,A,0.96,0.98,0.99,8.3,7.8,8.1,8.4
776,21K099,21,P.S. 099 Isaac Asimov,P.S. 099 Isaac Asimov,Gregory Pirraglia,EMS,Elementary/Middle School,37.1,A,83,97.5,50.6,A,14.8,B,11.1,A,6.5,A,A,0.75,1,0.96,8.7,8.2,8.6,9
777,21K100,21,P.S. 100 The Coney Island School,P.S. 100 The Coney Island School,Katherine A. Moloney,EMS,Elementary School,20.76,C,46.9,32.6,23.5,C,15.5,B,5.4,C,2.5,C,B,0.79,0.96,,8.3,7.4,7.7,7.9
778,21K101,21,P.S. 101 The Verrazano,P.S. 101 The Verrazano,Gregg Korrol,EMS,Elementary School,26.33,A,65.9,78.2,36.1,B,16.1,A,11.2,A,2.5,B,B,0.94,0.92,,8.9,8.3,8.5,8.6
779,21K121,21,P.S. 121 Nelson A. Rockefeller,P.S. 121 Nelson A. Rockefeller,Jayme Perlman,EMS,Elementary/Middle School,39.13,A,70.3,84.4,37.8,B,17.1,A,10.1,A,5.3,A,A,0.9,1,1,8.3,7.6,8.2,8.3
780,21K128,21,P.S. 128 Bensonhurst,P.S. 128 Bensonhurst,Marcia Robins,EMS,Elementary School,31.46,B,51.9,43.8,25.7,C,11.8,C,10.9,A,3.5,B,B,0.72,0.86,,8.9,8,8.4,8.3
781,21K153,21,P.S. 153 Homecrest,P.S. 153 Homecrest,Carl Santamaria,EMS,Elementary School,34.66,C,46.8,32.3,24.7,C,12.3,C,6.2,C,3.6,C,B,0.92,0.97,,8.2,6.7,7.2,7.4
782,21K177,21,P.S. 177 The Marlboro,P.S. 177 The Marlboro,Shoshana Singer,EMS,Elementary School,34.96,B,55.3,53.9,28.5,C,14.9,B,9.1,B,2.8,B,A,0.94,1,,8.6,7.6,7.6,8
783,21K188,21,P.S. 188 Michael E. Berdy,P.S. 188 Michael E. Berdy,Frederick M. Tudda,EMS,Elementary School,57.11,C,42.6,20.8,22.5,C,8.5,D,7.2,C,4.4,A,C,0.77,1,,8.5,8.5,8.4,8.6
784,21K199,21,P.S. 199 Frederick Wachtel,P.S. 199 Frederick Wachtel,Rosalia Bacarella,EMS,Elementary School,32.88,B,60,64.1,35.5,B,14.8,B,6.2,C,3.5,B,B,0.87,0.68,,8.4,6.9,7.2,7.5
785,21K209,21,P.S. 209 Margaret Mead,P.S. 209 Margaret Mead,Frances Locurcio,EMS,Elementary/Middle School,32.08,B,53.1,45.6,28.9,C,11.9,C,7.3,C,5,B,C,0.78,0.75,1,7.9,7.1,7.7,8.1
786,21K212,21,P.S. 212 Lady Deborah Moody,P.S. 212 Lady Deborah Moody,Josephine Marsella,EMS,Elementary School,42.47,B,53.5,49.3,28,C,11.9,C,10.7,A,2.9,B,B,0.74,1,,9,8.3,8.5,8.6
787,21K215,21,P.S. 215 Morris H. Weiss,P.S. 215 Morris H. Weiss,Antonella Bove,EMS,Elementary School,25.14,B,53.7,49.7,26.7,C,16.3,A,8.2,B,2.4,A,C,0.75,0.9,,8.9,8.1,8.4,8.4
788,21K216,21,P.S. 216 Arturo Toscanini,P.S. 216 Arturo Toscanini,Celia Kaplinsky,EMS,Elementary School,27.82,C,35.8,10,15.6,D,11.4,C,6.4,C,2.4,C,B,0.87,1,,8.7,7.3,7.7,8.1
789,21K225,21,P.S. K225 - The Eileen E. Zaglin,P.S. K225 - The Eileen E. Zaglin,Joseph Montebello,EMS,Elementary/Middle School,39.96,B,61.4,69.4,31.2,B,14.5,B,8.9,B,6.8,B,A,0.88,0.96,0.98,8.2,7.7,8.1,8.3
790,21K226,21,P.S. 226 Alfred De B.Mason,P.S. 226 Alfred De B.Mason,Sherry Tannenbaum,EMS,Elementary/Middle School,37.93,A,74.8,91.9,43.4,A,15.5,B,10,A,5.9,B,A,0.69,0.89,1,8.4,7.7,8,8.3
791,21K228,21,I.S. 228 David A. Boody,I.S. 228 David A. Boody,Dominick D'angelo,EMS,Middle School,2.85,A,65.9,76,37.2,B,15.2,B,10,A,3.5,C,C,0.7,0.87,0.96,8.1,7.4,8,8.3
792,21K238,21,P.S. 238 Anne Sullivan,P.S. 238 Anne Sullivan,Harla Joy Musoff-Weiss,EMS,Elementary/Middle School,51.98,C,43.5,23.1,16.1,F,12,C,11,A,4.3,B,B,0.67,0.84,0.93,8.3,7.8,8.2,8.4
793,21K239,21,Mark Twain I.S. 239 For The Gifted & Talented,Mark Twain I.S. 239 for the Gifted & Talented,"Ditolla, Karen",EMS,Middle School,3.78,B,64.8,73.5,31.6,B,22.1,A,9.8,A,1.3,A,A,0.82,1,0.96,8.3,7.4,7.9,8.4
794,21K253,21,P.S. 253,P.S. 253,Lisa Speroni,EMS,Elementary School,43.29,A,78.4,94.8,41.7,A,19,A,13.7,A,4,A,A,1,0.96,,9.3,8.8,8.9,9
795,21K281,21,I.S. 281 Joseph B Cavallaro,I.S. 281 Joseph B Cavallaro,Stephen Rosenblum,EMS,Middle School,2.74,A,65.5,75.1,37.1,B,17.1,A,8.1,B,3.2,A,B,0.54,0.95,0.93,7.7,7.1,7.5,7.9
796,21K288,21,P.S. 288 The Shirley Tanyhill,P.S. 288 The Shirley Tanyhill,Joelene-Lynette Kinard,EMS,Elementary/Middle School,64.92,A,76,94.4,49.1,A,15.9,B,5.3,D,5.7,B,A,0.57,0.8,0.98,7,6.6,7,7.2
797,21K303,21,I.S. 303 Herbert S. Eisenberg,I.S. 303 Herbert S. Eisenberg,Carmen Amador,EMS,Middle School,2.64,A,69.4,80.7,33.4,B,22.1,A,9.8,A,4.1,A,B,0.95,0.98,0.95,7.9,7.2,7.6,8.1
798,21K329,21,P.S. 329 Surfside,P.S. 329 Surfside,Salema Marbury,EMS,Elementary School,60.21,B,62.3,70,32.7,B,17.5,A,7.7,B,4.3,B,C,0.89,0.83,,7.9,7.4,7.6,7.8
799,21K468,21,Kingsborough Early College School,Kingsborough Early College School,Connie Hamilton,EMS,Middle/High School,2.7,B,54.1,47.2,25.8,C,17.8,A,7.5,C,3,B,B,0.58,0.84,0.95,7.2,7.1,7.3,7.7
800,21K468,21,Kingsborough Early College School,Kingsborough Early College School,Connie Hamilton,HS,Middle/High School,2.82,,,,,,,,,,,,,0.58,0.84,0.95,7.2,7.1,7.3,7.7
801,21K690,21,Brooklyn Studio Secondary School,Brooklyn Studio Secondary School,Andrea Ciliotta,EMS,Middle/High School,2.58,A,72.3,84,39.3,A,21.8,A,6.4,C,4.7,B,A,0.3,0.75,0.96,7.3,6,6.7,6.9
802,21K690,21,Brooklyn Studio Secondary School,Brooklyn Studio Secondary School,Andrea Ciliotta,HS,Middle/High School,2.38,B,59.8,35.9,33.8,B,11.1,C,4.9,F,3.2,C,A,0.3,0.75,0.96,7.3,6,6.7,6.9
803,22K014,22,J.H.S. 014 Shell Bank,J.H.S. 014 Shell Bank,Anne Tully,EMS,Middle School,2.09,B,60.5,61.9,28.3,C,19.1,A,8.9,B,4.2,A,C,0.24,0.87,0.92,7.3,7.1,7.5,7.9
804,22K052,22,P.S. 052 Sheepshead Bay,P.S. 052 Sheepshead Bay,Ilene Altschul,EMS,Elementary School,32.4,C,41.5,18.7,20.5,D,11.4,C,7.4,B,2.2,C,B,0.8,1,,8.2,7.8,7.8,7.9
805,22K078,22,J.H.S. 078 Roy H. Mann,J.H.S. 078 Roy H. Mann,Jacek Polubiec,EMS,Middle School,2.58,C,44.7,23.5,24.1,C,14,B,4.4,D,2.2,C,C,0.32,0.73,0.91,5.7,5.9,6.3,6.7
806,22K109,22,P.S. 109,P.S. 109,Dwight Chase,EMS,Elementary/Middle School,65.08,B,60,65.6,31.6,B,14,B,9.4,B,5,C,B,0.29,0.8,0.89,6.8,7.1,7.3,7.7
807,22K119,22,P.S. 119 Amersfort,P.S. 119 Amersfort,Lisa Fernandez,EMS,Elementary School,49.1,B,61.7,69,33.8,B,12.8,B,12.7,A,2.4,B,B,0.61,1,,9,8.4,8.5,8.8
808,22K134,22,P.S. K134,P.S. K134,Debra Ramsaran,EMS,Elementary School,43.98,A,79.1,95.3,41,A,23.3,A,12.3,A,2.5,A,A,0.86,0.79,,9.1,8.2,8.4,8.7
809,22K139,22,P.S. 139 Alexine A. Fenty,P.S. 139 Alexine A. Fenty,Mary Mcdonald,EMS,Elementary School,46.67,D,30.8,5.1,14.3,F,10.6,C,4.4,D,1.4,B,C,0.64,0.43,,7.5,6,6.6,6.5
810,22K152,22,School Of Science & Technology,School of Science & Technology,Dr. Rhonda D. Farkas,EMS,Elementary School,55.24,B,61.8,69.3,35,B,14.2,B,10.3,A,2.3,B,C,0.59,0.87,,8.4,8.1,8.1,8.4
811,22K193,22,P.S. 193 Gil Hodges,P.S. 193 Gil Hodges,Frank A. Cimino,EMS,Elementary School,40.56,C,46,28.7,20.4,D,15.3,B,8.7,B,1.6,C,B,0.41,0.97,,8.2,7.7,7.8,8
812,22K194,22,P.S. 194 Raoul Wallenberg,P.S. 194 Raoul Wallenberg,Mary Zissler-Lynch,EMS,Elementary School,53.81,B,63.9,73.1,40.1,A,12.3,C,7.8,B,3.7,C,C,0.68,0.87,,8.1,7.7,8,8.3
813,22K195,22,P.S. 195 Manhattan Beach,P.S. 195 Manhattan Beach,Arthur Forman,EMS,Elementary School,9.9,A,66.7,79.5,39.8,A,17.5,A,7.1,C,2.3,B,A,0.8,0.86,,8.8,8.1,8.2,8.5
814,22K197,22,P.S. 197 - The Kings Highway Academy,P.S. 197 Brooklyn,Rosemarie Barbiere Nicolett,EMS,Elementary School,39.63,B,61.3,67.4,31.3,B,15.5,B,11,A,3.5,B,A,0.75,0.89,,8.9,8.2,8.5,8.6
815,22K198,22,P.S. 198 Brooklyn,P.S. 198 Brooklyn,Joy-Ann Morgan,EMS,Elementary School,50.87,C,44.3,24.1,21.6,C,12.3,C,8.6,B,1.8,B,C,0.33,0.83,,8.1,7.8,7.8,8
816,22K203,22,P.S. 203 Floyd Bennett,P.S. 203 Floyd Bennett,Lisa Esposito,EMS,Elementary School,51.16,B,52.7,46.6,29,C,12.4,B,8.5,B,2.8,B,C,0.44,0.6,,7.6,7.6,7.6,8
817,22K206,22,P.S. 206 Joseph F Lamb,P.S. 206 Joseph F Lamb,Deirdre Keyes,EMS,Elementary/Middle School,21.58,B,57.3,60.6,31.3,B,16.5,A,5.8,C,3.6,C,A,0.63,0.91,0.99,7.2,6.5,7,7.4
818,22K207,22,P.S. 207 Elizabeth G. Leary,P.S. 207 Elizabeth G. Leary,Mary Bosco,EMS,Elementary/Middle School,26.59,B,60.1,66.3,30.2,C,18.3,A,8.8,B,2.8,B,C,0.55,0.97,0.97,7.9,7.4,7.6,8.1
819,22K217,22,P.S. 217 Colonel David Marcus School,P.S. 217 Colonel David Marcus School,Franca Conti,EMS,Elementary School,36.48,B,59.4,63,32.5,B,14.3,B,9.6,B,3,B,B,0.45,0.68,,8.4,7.7,7.8,8
820,22K222,22,P.S. 222 Katherine R. Snyder,P.S. 222 Katherine R. Snyder,Louise Blake,EMS,Elementary School,28.47,A,81.3,96.4,43.9,A,24.1,A,10.5,A,2.8,B,A,0.85,0.84,,9,8.3,8.3,8.7
821,22K234,22,J.H.S. 234 Arthur W. Cunningham,J.H.S. 234 Arthur W. Cunningham,Susan Schaeffer,EMS,Middle School,3.44,B,60.9,63.3,33.9,B,17.2,A,7.8,B,1.9,B,B,0.69,0.94,0.98,7.5,7.3,7.7,8
822,22K236,22,P.S. 236 Mill Basin,P.S. 236 Mill Basin,Mary Theresa Nelson,EMS,Elementary School,23.49,B,56.6,57.4,31.9,B,19.5,A,3.1,F,2.1,C,B,0.64,0.95,,7.6,6.5,6.8,7.2
823,22K240,22,Andries Hudde,Andries Hudde,Elena S. O'sullivan,EMS,Middle School,2.66,B,58.8,59.1,34.1,B,14.5,B,7.3,C,2.9,C,B,0.28,0.88,0.96,6.5,6.6,6.8,7.3
824,22K245,22,P.S. 245,P.S. 245,Pat Kannengieser,EMS,Elementary School,57.1,A,65.1,76.1,31.5,B,19.4,A,12.7,A,1.5,B,A,0.51,0.67,,9.2,8.5,8.8,8.9
825,22K251,22,P.S. 251 Paerdegat,P.S. 251 Paerdegat,Steven Boyer,EMS,Elementary School,55.34,B,53.2,48.7,31.5,B,13.2,B,5.4,C,3.1,B,C,0.84,0.98,,7.6,7.1,7.3,7.2
826,22K254,22,P.S. 254 Dag Hammarskjold,P.S. 254 Dag Hammarskjold,Linda Alhonote,EMS,Elementary School,21.76,B,55.9,55.7,25.8,C,20.1,A,8,B,2,A,A,0.97,0.93,,8.8,7.9,8,8.4
827,22K255,22,P.S. 255 Barbara Reing School,P.S. 255 Barbara Reing School,Linda L. Singer,EMS,Elementary School,28.93,A,83.1,96.7,47.8,A,20.6,A,10.9,A,3.7,A,A,0.58,0.86,,9,8,8.5,8.4
828,22K269,22,P.S. 269 Nostrand,P.S. 269 Nostrand,Jazmine Santiago,EMS,Elementary School,60.86,C,45.5,26.7,29.1,C,8.7,D,4.8,D,2.9,C,C,0.61,0.83,,7.2,6.5,7.1,7.1
829,22K277,22,P.S. 277 Gerritsen Beach,P.S. 277 Gerritsen Beach,Jeanne Fish,EMS,Elementary School,17.31,B,61.9,69.5,31.2,B,19.1,A,9.6,B,2,C,A,0.93,1,,9,8.2,8.4,8.7
830,22K278,22,J.H.S. 278 Marine Park,J.H.S. 278 Marine Park,Debra Garofalo,EMS,Middle School,2.93,B,54.6,49.2,30.5,C,12.5,C,9.1,B,2.5,D,D,0.53,0.93,0.87,7.8,7.5,7.8,8.3
831,22K312,22,P.S. 312 Bergen Beach,P.S. 312 Bergen Beach,Diane Denning,EMS,Elementary School,28.94,A,72.5,89.7,36.4,B,22.8,A,11.7,A,1.6,C,C,0.81,0.97,,9,8.5,8.6,8.8
832,22K315,22,P.S. K315,P.S. K315,Judith Ranft,EMS,Elementary School,52.8,C,36.9,11.3,15.2,F,10.5,C,9.8,A,1.4,B,B,0.58,0.96,,8,7.9,7.9,8.1
833,22K381,22,I. S. 381,I. S. 381,Mary Harrington,EMS,Middle School,2.91,C,43.4,20.4,21.1,D,13.4,B,6.5,C,2.3,C,C,0.31,0.78,0.96,7.2,6.4,6.8,7.3
834,22K555,22,Brooklyn College Academy,Brooklyn College Academy,Nicholas Mazzarella,EMS,Middle/High School,3.24,C,46.5,26.5,19.8,D,13,B,12.8,A,0.8,A,B,0.72,0.97,0.96,8.5,7.7,7.8,8.5
835,22K555,22,Brooklyn College Academy,Brooklyn College Academy,Nicholas Mazzarella,HS,Middle/High School,3.24,A,75.5,80.3,40.4,A,13.7,B,12.5,A,1.1,A,A,0.72,0.97,0.96,8.5,7.7,7.8,8.5
836,23K041,23,P.S. 041 Francis White,P.S. 041 Francis White,Theresa Siegel,EMS,Elementary/Middle School,66.7,B,52.8,44.4,34,B,9.3,D,5.6,C,3.8,A,C,0.26,0.7,0.99,6.5,6.6,7.2,7.5
837,23K137,23,P.S./I.S. 137 Rachel Jean Mitchell,P.S./I.S. 137 Rachel Jean Mitchell,Zina Cooper,EMS,Elementary/Middle School,65.42,A,74.7,91.3,45.7,A,16.1,A,7.9,B,5,C,D,0.81,0.83,0.98,7.3,7.3,7.6,8
838,23K150,23,P.S. 150 Christopher,P.S. 150 Christopher,Pamela Bradley Muchere,EMS,Elementary School,67.35,C,44.5,24.3,26.7,C,8.6,D,6.3,C,2.9,C,C,0.87,0.85,,7.6,7,7.5,7.3
839,23K155,23,P.S./ I.S. 155 Nicholas Herkimer,P.S./ I.S. 155 Nicholas Herkimer,Nelly Cortes,EMS,Elementary/Middle School,63.49,B,53.9,50,25.9,C,15.2,B,8.5,B,4.3,A,B,0.79,0.93,0.99,7.4,7.5,7.9,8.2
840,23K156,23,P.S. 156 Waverly,P.S. 156 Waverly,Beverly Logan,EMS,Elementary School,59.47,C,41.8,19,21.2,D,10.4,C,8.4,B,1.8,C,C,0.62,0.92,,8,7.8,8,8.2
841,23K165,23,P.S. 165 Ida Posner,P.S. 165 Ida Posner,Fran Ellers,EMS,Elementary/Middle School,60.19,C,39.7,13.8,27.7,C,4.3,F,4.9,D,2.8,C,C,0.48,0.74,0.78,6.8,7.1,7.3,7.7
842,23K178,23,P.S. 178 Saint Clair Mckelway,P.S. 178 Saint Clair Mckelway,Joseph Frantz Henry,EMS,Elementary/Middle School,61.04,C,41.5,15.6,21.2,D,12,C,5.3,D,3,C,B,0.66,0.88,0.9,6.9,7,7.3,7.6
843,23K184,23,P.S. 184 Newport,P.S. 184 Newport,Lamson Lam,EMS,Elementary/Middle School,61.94,C,39.2,13.1,24.5,C,10.5,C,0.8,F,3.4,B,C,0.44,0.93,0.83,6.2,6.1,6.3,6.6
844,23K284,23,P.S. 284 Lew Wallace,P.S. 284 Lew Wallace,Shenean Lindsay,EMS,Elementary/Middle School,65.27,D,36.7,8.8,17.7,F,9.6,C,6,C,3.4,B,C,0.67,1,0.93,6.9,6.9,7.1,7.4
845,23K298,23,P.S. 298 Dr. Betty Shabazz,P.S. 298 Dr. Betty Shabazz,Jonathan Dill,EMS,Elementary/Middle School,67.11,D,30,3.8,23.2,C,2,F,1.7,F,3.1,F,C,0.51,0.84,0.92,5.7,6.5,6.7,6.9
846,23K323,23,P.S./I.S. 323,P.S./I.S. 323,Linda Harris,EMS,Elementary/Middle School,62.28,B,63.2,72.5,36.8,B,11.8,C,10.1,A,4.4,A,B,0.64,1,0.97,7.9,7.5,8,8.2
847,23K327,23,P.S. 327 Dr. Rose B. English,P.S. 327 Dr. Rose B. English,Stephen Appea,EMS,Elementary/Middle School,63.5,C,43.1,22.5,23.5,C,11.8,C,5.3,D,2.5,C,C,0.71,0.94,0.93,7,6.9,7.2,7.6
848,23K332,23,P.S. 332 Charles H. Houston,P.S. 332 Charles H. Houston,Mickisha Goss,EMS,Elementary/Middle School,69.99,,.,.,.,,.,,.,,.,.,F,0.75,0.86,0.96,7.1,6.8,7.1,7.6
849,23K392,23,I.S. 392,I.S. 392,Shirley Wheeler,EMS,Middle School,3.46,C,49.3,33.7,21.3,D,18.7,A,8.1,B,1.2,A,B,0.51,1,0.98,7.8,7.1,7.5,8
850,23K493,23,Brooklyn Collegiate: A College Board School,Brooklyn Collegiate: A College Board School,Amote Sias/Zipora Steiner,EMS,Middle/High School,2.76,,.,.,.,,.,,.,,.,F,D,0.19,0.45,0.57,6.8,6.4,6.8,7.1
851,23K493,23,Brooklyn Collegiate: A College Board School,Brooklyn Collegiate: A College Board School,Amote Sias/Zipora Steiner,HS,Middle/High School,1.95,C,54,21.2,27.2,C,12.2,B,6.1,D,2.5,B,C,0.19,0.45,0.57,6.8,6.4,6.8,7.1
852,23K518,23,Kappa V,Kappa V,Dellie Edwards,EMS,Middle School,2.21,B,51.8,40.9,24.6,C,15.6,B,8.1,B,3.5,A,C,1,0.57,0.97,7.1,7.2,7.2,7.8
853,23K522,23,Mott Hall Iv,Mott Hall IV,Thomas Mcbryde Jr,EMS,Middle School,3,F,22.7,2.5,3.8,F,7.5,D,9.9,A,1.5,F,C,0.9,1,1,8.3,7.9,8.1,8.5
854,23K631,23,General D. Chappie James Elementary School Of Scie,General D. Chappie James Elementary School of Sc,Margaret V. Mcauley,EMS,Elementary School,66.63,,.,.,.,,.,,.,,.,F,D,0.37,0.85,,7,6.7,6.8,6.8
855,23K634,23,General D. Chappie James Middle School Of Science,General D. Chappie James Middle School of Scienc,Willis Perry,EMS,Middle School,2.11,D,33.8,8.3,15.3,D,8.1,D,7.4,C,3,D,D,0.41,0.94,0.94,6.8,6.9,7.2,7.4
856,23K644,23,Eagle Academy For Young Men Ii,Eagle Academy for Young Men II,Rashad Meade,EMS,Middle/High School,2.45,B,56.6,53.3,26.3,C,12.6,C,12.9,A,4.8,B,A,0.51,0.74,0.67,8.4,8.1,8.8,8.8
857,23K644,23,Eagle Academy For Young Men Ii,Eagle Academy for Young Men II,Rashad Meade,HS,Middle/High School,1.76,,,,,,,,,,,,,0.51,0.74,0.67,8.4,8.1,8.8,8.8
858,23K671,23,Mott Hall Bridges Academy,MOTT HALL BRIDGES MIDDLE SCHOOL,Nadia Lopez,EMS,Middle School,2.16,B,62.6,68.8,31.2,B,16.5,A,11.8,A,3.1,.,.,0.64,0.8,0.73,8.2,7.8,8.4,8.5
859,23K697,23,Teachers Preparatory High School,Teachers Preparatory High School,Carmen Simon,EMS,Middle/High School,2.88,F,21.6,2.2,1.4,F,13.3,B,5.5,C,1.4,B,C,0.47,0.89,0.79,6.9,6.6,6.9,7.4
860,23K697,23,Teachers Preparatory High School,Teachers Preparatory High School,Carmen Simon,HS,Middle/High School,2.06,B,66.3,54.1,35.5,B,14.6,A,7.3,C,2.1,A,A,0.47,0.89,0.79,6.9,6.6,6.9,7.4
861,24Q005,24,I.S. 5 - The Walter Crowley Intermediate School,I.S. 5 - The Walter Crowley Intermediate School,Michael Dantona,EMS,Middle School,2.83,A,80.1,92.8,48.4,A,18.5,A,9.8,A,3.4,B,A,0.67,0.86,0.98,7.6,7,7.4,7.9
862,24Q012,24,P.S. 012 James B. Colgate,P.S. 012 James B. Colgate,Patricia Perry,EMS,Elementary School,36.47,A,71,87.5,37.8,B,19.3,A,11.2,A,2.7,B,A,0.74,0.78,,8.7,7.8,7.9,8.2
863,24Q013,24,P.S. 013 Clement C. Moore,P.S. 013 Clement C. Moore,Dr. Yvonne Angelastro,EMS,Elementary School,42.34,A,72.8,90.2,39.8,A,20.9,A,9.7,A,2.4,A,B,0.89,0.98,,8.4,7.3,7.5,7.7
864,24Q014,24,P.S. 014 Fairview,P.S. 014 Fairview,Rosemary Sklar,EMS,Elementary School,54.14,B,51.7,43.1,24.1,C,14.1,B,11.3,A,2.2,B,A,0.28,0.55,,8.8,8,8.2,8.5
865,24Q016,24,P.S. Q016,P.S. Q016,Elaine Iodice,EMS,Elementary School,54.12,A,75.5,92.5,40.2,A,18.6,A,13.5,A,3.2,B,B,0.8,1,,8.9,8.5,8.8,8.8
866,24Q019,24,P.S. 019 Marino Jeantet,P.S. 019 Marino Jeantet,Genie Calibar,EMS,Elementary School,62.75,A,68.5,83.9,33.9,B,20.3,A,10.6,A,3.7,A,B,0.86,0.92,,8.6,7.8,7.9,8.1
867,24Q049,24,P.S. 049 Dorothy Bonawit Kole,P.S. 049 Dorothy Bonawit Kole,Anthony Lombardi,EMS,Elementary/Middle School,21.72,B,58.6,63.1,30.1,C,17,A,8,B,3.5,A,C,0.86,0.45,0.97,7.9,7.2,7.5,8.1
868,24Q058,24,P.S. 58 - School Of Heroes,P.S. 58 - School of Heroes,Adelina V. Tripoli,EMS,Elementary School,30.59,C,47.9,34.8,27.4,C,12.8,B,4.8,D,2.9,B,A,0.8,0.91,0.91,7.9,6.2,6.9,7.2
869,24Q061,24,I.S. 061 Leonardo Da Vinci,I.S. 061 Leonardo Da Vinci,Joseph J Lisa,EMS,Middle School,2.69,B,57.6,56.6,34.5,B,11.2,C,8.5,B,3.4,B,B,0.52,0.8,0.97,7.2,7.1,7.2,7.6
870,24Q068,24,P.S. 068 Cambridge,P.S. 068 Cambridge,Anne Marie Snadecky-Scalfar,EMS,Elementary School,53.75,B,52,44.3,28.1,C,12.8,B,8.4,B,2.7,B,B,0.49,0.79,,8.4,7.4,7.6,7.9
871,24Q071,24,P.S. 071 Forest,P.S. 071 Forest,Walkydia Olivella,EMS,Elementary School,38.34,D,35.5,9.7,17.8,D,9.6,C,5.8,C,2.3,C,C,0.65,0.62,,7.9,6.6,7.2,7.3
872,24Q073,24,I.S. 73 - The Frank Sansivieri Intermediate School,I.S. 73 - The Frank Sansivieri Intermediate Scho,Camillo Turriciano,EMS,Middle School,2.8,B,63,69.3,35.7,B,18.5,A,5.5,C,3.3,B,A,0.54,0.6,0.96,7.2,6,6.4,6.8
873,24Q077,24,I.S. 077,I.S. 077,Joseph Miller,EMS,Middle School,2.51,B,53.9,47,27.5,C,15.3,B,7.7,B,3.4,B,B,0.78,0.96,0.98,7.1,6.8,7,7.6
874,24Q081,24,P.S. 81Q Jean Paul Richter,P.S. 81Q Jean Paul Richter,Romy Diamond,EMS,Elementary School,57.04,B,63.7,72.6,34,B,14.4,B,11.3,A,4,A,A,0.97,0.99,,8.5,8.3,8.3,8.5
875,24Q087,24,P.S. 087 Middle Village,P.S. 087 Middle Village,Caryn Michaeli,EMS,Elementary/Middle School,37.8,B,53.1,45.6,25,C,13.2,B,9.9,A,4.9,A,A,0.55,0.67,0.88,8.5,7.9,8.4,8.7
876,24Q088,24,P.S. 088 Seneca,P.S. 088 Seneca,David Bishop,EMS,Elementary School,40.36,C,39.3,15.3,19.6,D,11.6,C,6.2,C,1.9,B,C,0.41,0.78,,8.3,7,7.4,7.8
877,24Q089,24,P.S. 089 Elmhurst,P.S. 089 Elmhurst,Casper Cacioppo,EMS,Elementary School,52.08,B,61.6,68.5,31.9,B,17,A,9.6,B,3.1,A,A,1,0.92,,8.2,7.6,7.4,7.9
878,24Q091,24,P.S. 091 Richard Arkwright,P.S. 091 Richard Arkwright,Victoria Catalano,EMS,Elementary School,38.19,B,56.4,56.7,34,B,12.3,C,6.5,C,3.5,C,B,0.44,0.51,,8,7,7.4,7.8
879,24Q093,24,I.S. 093 Ridgewood,I.S. 093 Ridgewood,Edward Santos,EMS,Middle School,2.66,B,59.5,60.2,32.5,B,17.6,A,6.3,C,3.1,C,B,0.62,0.95,0.88,6.6,6.4,6.7,7.2
880,24Q102,24,P.S. 102 Bayview,P.S. 102 Bayview,Anthony Pisacano,EMS,Elementary/Middle School,31.26,B,57.8,61.9,26.3,C,17.2,A,11.5,A,2.8,A,A,0.37,0.88,0.99,8.4,7.5,7.9,8.3
881,24Q113,24,P.S. 113 Isaac Chauncey,P.S. 113 Isaac Chauncey,Anthony Pranzo,EMS,Elementary/Middle School,24.83,B,60.8,66.9,26.9,C,17.8,A,13.2,A,2.9,B,A,0.96,0.96,0.98,9.1,8.4,8.8,9.1
882,24Q119,24,I.S. 119 The Glendale,I.S. 119 The Glendale,Dr. Jeanne Fagan,EMS,Elementary/Middle School,3.07,A,68.8,79.3,38.9,B,19.1,A,7.9,B,2.9,A,C,0.53,0.98,0.95,7.6,7.1,7.5,8
883,24Q125,24,I.S. 125 Thom J. Mccann Woodside,I.S. 125 Thom J. McCann Woodside,Judy Mittler,EMS,Middle School,2.89,A,67.9,77.9,37.2,B,16.9,A,10.4,A,3.4,A,B,0.58,0.94,0.98,7.8,7.2,7.6,8.1
884,24Q128,24,"P.S. 128 The Lorraine Tuzzo, Juniper Valley Elemen",P.S. 128 Juniper Valley,John Lavelle,EMS,Elementary/Middle School,13.72,B,55,53.8,24.1,C,16,A,12.3,A,2.6,B,A,0.69,1,0.97,8.8,8.3,8.5,8.9
885,24Q143,24,P.S. 143 Louis Armstrong,P.S. 143 Louis Armstrong,Sheila Gorski,EMS,Elementary School,57.86,C,46.1,29,22.7,C,12.8,B,8.6,B,1.9,C,C,0.33,0.76,,7.8,6.7,7.1,7.2
886,24Q153,24,P.S. 153 Maspeth Elem,P.S. 153 Maspeth Elem,Susan Bauer,EMS,Elementary School,33.68,A,64.7,75.1,34.9,B,18.2,A,9.3,B,2.3,B,A,0.88,0.98,0.99,8.4,7.8,8.1,8.5
887,24Q199,24,P.S. 199 Maurice A. Fitzgerald,P.S. 199 Maurice A. Fitzgerald,Anthony Inzerillo,EMS,Elementary School,44.91,A,71,87.5,42.9,A,16.5,A,8.6,B,3,A,B,0.55,0.56,,8.4,7.5,7.3,7.7
888,24Q229,24,P.S. 229 Emanuel Kaplan,P.S. 229 Emanuel Kaplan,Dr. Sibylle Ajwani,EMS,Elementary School,31.85,B,61.3,67.4,30.3,B,18.5,A,9.9,A,2.5,A,A,0.73,0.96,0.99,8.4,7.6,8.3,8.6
889,24Q239,24,P.S. 239,P.S. 239,Robin Connolly,EMS,Elementary School,54.25,B,62.5,70.7,38.2,B,12.5,B,8.6,B,3.1,C,B,0.8,0.98,,8.4,7.4,7.6,7.8
890,24Q307,24,Pioneer Academy,Pioneer Academy,Cecilia Jackson,EMS,Elementary School,60.52,C,44.2,23.8,15.4,D,14.4,B,12.4,A,2,B,.,1,0.82,,8.7,8,8.2,8.3
891,24Q560,24,"Robert F. Wagner, Jr. Secondary School For Arts An","Robert F. Wagner, Jr. Secondary School for Arts",Ann Seifullah,EMS,Middle/High School,3.69,C,49.5,34.3,18.2,D,20,A,10.2,A,1.1,B,A,0.21,1,0.74,8.1,7.3,7.7,7.9
892,24Q560,24,"Robert F. Wagner, Jr. Secondary School For Arts An","Robert F. Wagner, Jr. Secondary School for Arts and Technology",Ann Seifullah,HS,Middle/High School,2.6,C,56.9,26.2,31.6,C,8.8,D,8.9,B,1.9,C,C,0.21,1,0.74,8.1,7.3,7.7,7.9
893,24Q877,24,The 51 Avenue Academy (The Path To Academic Excell,The 51 Avenue Academy (The Path To Academic Exce,Dina Erstejn,EMS,Elementary School,37.6,A,78.2,94.6,43.8,A,19.7,A,10.6,A,4.1,A,A,0.77,0.91,,8.7,7.2,7.8,8.1
894,25Q020,25,P.S. 020 John Bowne,P.S. 020 John Bowne,Victoria Hart,EMS,Elementary School,31.03,B,59.3,62.5,33.9,B,16.5,A,5.4,C,3.5,B,B,0.84,0.82,,7.9,6.5,7.1,7.3
895,25Q021,25,P.S. 021 Edward Hart,P.S. 021 Edward Hart,Debra Buszko,EMS,Elementary School,26.34,B,61.3,67.4,31.3,B,19,A,7.8,B,3.2,A,B,1,1,,8.3,7.5,7.8,8
896,25Q022,25,P.S. 022 Thomas Jefferson,P.S. 022 Thomas Jefferson,Priscilla Milito,EMS,Elementary School,31.7,A,79.5,95.7,44.8,A,22.5,A,9.1,B,3.1,A,A,0.93,0.91,,8.5,7.3,7.6,7.8
897,25Q024,25,P.S. 024 Andrew Jackson,P.S. 024 Andrew Jackson,Debra Cassidy,EMS,Elementary School,27.12,A,74.8,92,41.7,A,19.8,A,8.9,B,4.4,A,A,0.79,0.96,,8.5,7.4,7.7,7.9
898,25Q025,25,I.S. 025 Adrien Block,I.S. 025 Adrien Block,Maryellen Beirne,EMS,Middle School,3.14,C,46.6,26.8,20.9,D,15.3,B,8.1,B,2.3,B,B,0.29,0.84,0.96,7.4,6.8,7.2,7.6
899,25Q029,25,P.S. 029 Queens,P.S. 029 Queens,Jennifer Jones,EMS,Elementary School,38.76,B,57.6,59.2,28.8,C,19.9,A,6.1,C,2.8,A,B,0.75,0.82,,8.1,6.8,7.3,7.5
900,25Q032,25,P.S. 032 State Street,P.S. 032 State Street,Debra Errico,EMS,Elementary School,19.16,A,70.8,87.1,38.2,B,19.7,A,10.9,A,1.9,C,A,0.75,1,,9,8.3,8.6,8.5
901,25Q079,25,P.S. 079 Francis Lewis,P.S. 079 Francis Lewis,Paula Marron,EMS,Elementary School,20.15,C,46.9,32.6,28.5,C,11.1,C,4.4,D,2.8,A,C,0.54,0.85,,8.1,6.6,7,7.4
902,25Q107,25,P.S. 107 Thomas A Dooley,P.S. 107 Thomas A Dooley,James Phair,EMS,Elementary School,24.93,C,49.3,37.9,20.2,D,16.8,A,10.2,A,2,A,B,0.75,0.84,,8.8,8,8.4,8.5
903,25Q120,25,P.S. 120 Queens,P.S. 120 Queens,Joan Monroe,EMS,Elementary School,25.23,B,53.4,49,33.2,B,12.9,B,5,D,2.3,C,A,0.74,0.82,,7.9,6.1,6.4,6.2
904,25Q129,25,P.S. 129 Patricia Larkin,P.S. 129 Patricia Larkin,Marilyn Alesi,EMS,Elementary School,35.21,A,71.1,87.7,37.9,B,21,A,9.2,B,3,B,B,0.42,0.67,,8.9,7.5,7.6,7.8
905,25Q154,25,P.S. 154 Queens,P.S. 154 Queens,Danielle Giunta,EMS,Elementary School,29.86,C,43.2,22.1,21.9,C,12.7,B,6.7,C,1.9,B,C,0.87,0.67,,8.1,7.5,7.4,7.7
906,25Q163,25,P.S. 163 Flushing Heights,P.S. 163 Flushing Heights,Nicole Bullen,EMS,Elementary School,25.1,B,58.3,60.5,29.3,C,16.1,A,9.9,A,3,A,B,0.73,0.83,,8.5,8,7.9,8.1
907,25Q164,25,P.S. 164 Queens Valley,P.S. 164 Queens Valley,Anne Alfonso,EMS,Elementary/Middle School,29.34,A,75.8,93.8,45.4,A,18.5,A,5.3,D,6.6,B,A,0.74,0.83,0.96,7.2,6.7,7,7.6
908,25Q165,25,P.S. 165 Edith K. Bergtraum,P.S. 165 Edith K. Bergtraum,Raquel Victoria Demillio,EMS,Elementary School,32.55,B,63.9,73,37,B,19.4,A,4.3,D,3.2,B,B,0.86,0.92,,7.8,5.9,6.6,6.7
909,25Q169,25,P.S. 169 Bay Terrace,P.S. 169 Bay Terrace,Vanessa Chambers,EMS,Elementary School,17.51,C,44.6,24.8,16.9,D,13.7,B,12,A,2,B,C,0.76,1,,9.2,8.8,9.1,9.1
910,25Q184,25,P.S. 184 Flushing Manor,P.S. 184 Flushing Manor,Dora Pantelis,EMS,Elementary School,19.1,B,52.8,47.4,22,C,15.1,B,12.8,A,2.9,A,A,0.85,0.97,,9.3,8.7,9,9
911,25Q185,25,J.H.S. 185 Edward Bleeker,J.H.S. 185 Edward Bleeker,Valerie Sawinski,EMS,Middle School,3.13,B,52.1,42.5,25.3,C,16.5,A,8,B,2.3,B,A,0.65,0.83,0.95,7.7,6.8,7.3,7.7
912,25Q189,25,J.H.S. 189 Daniel Carter Beard,J.H.S. 189 Daniel Carter Beard,Cindy Diaz-Burgos,EMS,Middle School,3.01,B,61.4,65.2,35.1,B,11.6,C,11.5,A,3.2,C,B,0.91,0.96,0.99,8.3,7.3,7.7,8
913,25Q193,25,P.S. 193 Alfred J. Kennedy,P.S. 193 Alfred J. Kennedy,Joyce E. Bush,EMS,Elementary School,16.05,C,46.4,30.3,23.4,C,13,B,7,C,3,B,C,0.74,0.97,,8.5,7.6,8,8.1
914,25Q194,25,J.H.S. 194 William Carr,J.H.S. 194 William Carr,Richard Garino,EMS,Middle School,3.15,C,34.5,8.8,14.5,D,15,B,3.2,F,1.8,B,A,0.31,0.79,0.97,6.5,6,6.2,6.9
915,25Q200,25,Ps/Ms 200 - The Pomonok School & Star Academy,PS/MS 200 - The Pomonok School & STAR Academy,Farrah Mckenna,EMS,Elementary/Middle School,40.19,B,56.3,57.5,30.9,C,14.8,B,5.3,D,5.3,A,B,0.47,0.63,0.98,7.1,6.8,7,7.5
916,25Q201,25,P.S. 201 The Discovery School For Inquiry And Rese,P.S. 201 The Discovery School for Inquiry and Re,Rebecca Lozada,EMS,Elementary School,51.34,B,59.6,63.6,35.5,B,13.4,B,6.1,C,4.6,B,A,0.6,0.73,,7.8,7.2,7.4,7.5
917,25Q209,25,P.S. 209 Clearview Gardens,P.S. 209 Clearview Gardens,Mary Mcdonnell,EMS,Elementary School,14.67,A,68.4,83.4,35.2,B,19,A,11.6,A,2.6,A,A,0.87,1,,8.8,8.4,8.6,8.7
918,25Q214,25,P.S. 214 Cadwallader Colden,P.S. 214 Cadwallader Colden,Denise Fuccillo,EMS,Elementary School,34.79,B,55.9,55.6,25.4,C,16.6,A,10.4,A,3.4,A,A,0.63,0.85,,8.5,7.7,8,8.2
919,25Q219,25,P.S. 219 Paul Klapper,P.S. 219 Paul Klapper,Frederick Wright,EMS,Elementary/Middle School,38.93,A,65.7,78.8,33,B,17.7,A,6.8,C,8.2,A,A,0.4,0.65,0.99,7.7,6.5,7.2,7.7
920,25Q237,25,I.S. 237,I.S. 237,Judith Friedman,EMS,Middle School,2.96,A,68.3,78.5,42.2,A,15.4,B,7.4,C,3.3,B,A,0.86,0.96,0.93,7.6,6.8,7.3,7.7
921,25Q250,25,I.S. 250 The Robert F. Kennedy Community Middle Sc,I.S. 250 The Robert F. Kennedy Community Middle,Vincent Randazzo,EMS,Middle School,2.57,A,70.9,83.4,41.4,A,17,A,9.2,B,3.3,C,C,0.62,0.92,0.96,7.5,7.3,7.5,8.1
922,25Q252,25,"Queens School Of Inquiry, The","Queens School of Inquiry, The",Meredith Inbal,EMS,Middle/High School,3.08,C,49.8,34.5,20.7,D,16.7,A,9.5,B,2.9,C,A,0.41,1,0.99,7.7,7.1,7.4,7.9
923,25Q252,25,"Queens School Of Inquiry, The","Queens School of Inquiry, The",Meredith Inbal,HS,Middle/High School,2.99,B,59.2,32.8,25.1,D,12.5,B,9.7,B,3.6,,,0.41,1,0.99,7.7,7.1,7.4,7.9
924,25Q281,25,East-West School Of International Studies,East-West School of International Studies,Ben Sherman,EMS,Middle/High School,3.22,B,61.5,66.3,32.7,B,17.8,A,7.7,B,3.3,B,A,0.4,0.74,0.96,7.7,6.7,7,7.2
925,25Q281,25,East-West School Of International Studies,East-West School of International Studies,Ben Sherman,HS,Middle/High School,2.75,B,68.7,62.4,32.8,B,16.7,A,7.9,C,4.9,B,A,0.4,0.74,0.96,7.7,6.7,7,7.2
926,25Q285,25,World Journalism Preparatory: A College Board Scho,World Journalism Preparatory: A College Board Sc,Cynthia Schneider,EMS,Middle/High School,2.92,B,52,42,18,D,20.3,A,10.1,A,3.6,B,C,0.22,0.86,0.91,7.8,7.5,7.6,8
927,25Q285,25,World Journalism Preparatory: A College Board Scho,World Journalism Preparatory: A College Board School,Cynthia Schneider,HS,Middle/High School,2.66,A,76.7,83.1,42,A,15,A,11.7,A,1.6,A,A,0.22,0.86,0.91,7.8,7.5,7.6,8
928,25Q294,25,Bell Academy,BELL Academy,Cheryl Quatrano,EMS,Middle School,2.96,B,65,74.3,29,C,20.3,A,11.5,A,4.2,A,A,0.57,1,0.99,8.3,7.7,8,8.5
929,25Q499,25,"The Queens College School For Math, Science And Te","The Queens College School for Math, Science and",Helene Jacob,EMS,Elementary/Middle School,24.23,B,56.9,59.4,26.4,C,19.2,A,8.9,B,2.4,A,A,0.54,0.93,1,7.8,7.1,7.2,7.8
930,26Q018,26,P.S. 018 Winchester,P.S. 018 Winchester,Kathleen Peknic,EMS,Elementary School,18.45,C,37.5,12.1,9.1,F,17.2,A,10,A,1.2,A,A,0.48,0.86,,8.8,7.7,8.1,8.5
931,26Q026,26,P.S. 026 Rufus King,P.S. 026 Rufus King,Dina Koski,EMS,Elementary School,22.84,B,55.1,53.6,26.6,C,16,B,8.6,B,3.9,A,A,0.82,0.93,,8.5,7.9,7.9,8.2
932,26Q031,26,P.S. 031 Bayside,P.S. 031 Bayside,Terri Graybow,EMS,Elementary School,22.01,B,64.2,74.1,31.5,B,20.4,A,9.8,A,2.5,B,A,0.54,0.7,,8.7,7.8,8.2,8.3
933,26Q041,26,P.S. 041 Crocheron,P.S. 041 Crocheron,Sari Latto,EMS,Elementary School,13.75,A,83.5,96.9,44.6,A,22.6,A,13.2,A,3.1,A,A,0.67,0.92,,9.3,8.7,8.9,9
934,26Q046,26,P.S. 046 Alley Pond,P.S. 046 Alley Pond,Marsha Goldberg,EMS,Elementary School,21.95,A,77,93.6,38,B,21.7,A,11.7,A,5.6,A,A,0.63,0.91,,9.1,8.4,8.7,8.8
935,26Q067,26,J.H.S. 067 Louis Pasteur,J.H.S. 067 Louis Pasteur,Zoi Mcgrath,EMS,Middle School,3.56,B,55.4,50.6,25.1,C,20.1,A,7.2,C,3,A,B,0.47,0.55,0.97,7.4,6.5,7,7.5
936,26Q074,26,J.H.S. 074 Nathaniel Hawthorne,J.H.S. 074 Nathaniel Hawthorne,Anthony Armstrong,EMS,Middle School,3.42,B,60.8,62.7,28.3,C,19.4,A,10,A,3.1,A,A,0.85,0.88,0.96,7.8,7.2,7.6,7.9
937,26Q094,26,P.S. 094 David D. Porter,P.S. 094 David D. Porter,Joann Barbeosch,EMS,Elementary School,16.21,B,57.5,58.7,26.5,C,17.9,A,10.5,A,2.5,B,B,0.78,0.58,,8.8,8.1,8.3,8.6
938,26Q098,26,P.S. 098 The Douglaston School,P.S. 098 The Douglaston School,Sheila Huggins,EMS,Elementary School,7.71,B,54.6,52,27.2,C,17.8,A,7.2,C,2.4,B,B,0.6,0.82,,8.4,7.5,7.8,8
939,26Q115,26,P.S. 115 Glen Oaks,P.S. 115 Glen Oaks,James Ambrose,EMS,Elementary School,17.45,B,61,66.6,32.5,B,17.1,A,8.4,B,3,C,B,0.46,0.76,,8.6,7.7,8,8.1
940,26Q133,26,P.S. 133 Queens,P.S. 133 Queens,Marianne Sheridan,EMS,Elementary School,25.01,A,72.3,89.5,35.7,B,20.2,A,11.7,A,4.7,A,A,0.77,0.7,,9,8.3,8.5,8.7
941,26Q158,26,M.S. 158 Marie Curie,M.S. 158 Marie Curie,Marie Nappi,EMS,Middle School,3.36,B,64.4,72.4,34.4,B,18.4,A,8.4,B,3.2,B,B,0.34,0.47,0.98,7.9,6.7,7.2,7.6
942,26Q159,26,P.S. 159,P.S. 159,Paul Didio,EMS,Elementary School,19.49,A,68,82.3,30.7,B,22.4,A,11.4,A,3.5,A,A,0.76,0.83,,9.2,8.4,8.5,8.7
943,26Q162,26,P.S. 162 John Golden,P.S. 162 John Golden,Joan Casale,EMS,Elementary School,13.61,B,60.9,66.4,29.5,C,19.4,A,10.5,A,1.5,B,B,0.97,0.92,,8.9,7.9,8.2,8.2
944,26Q172,26,Irwin Altman Middle School 172,Irwin Altman Middle School 172,Jeffrey Slivko,EMS,Middle School,3.26,B,55.6,51.7,28.3,C,18.6,A,5.5,C,3.2,A,B,0.38,0.53,0.95,7,6,6.5,6.9
945,26Q173,26,P.S. 173 Fresh Meadows,P.S. 173 Fresh Meadows,Molly Wang,EMS,Elementary School,15.65,B,62.7,71,32.6,B,18.9,A,8.9,B,2.3,A,A,1,1,,8.5,7.3,7.8,8.2
946,26Q178,26,P.S./ Is 178 Holliswood,P.S./ IS 178 Holliswood,Jennifer Ambert,EMS,Elementary/Middle School,15.77,C,42.5,20.6,17.7,F,15.9,B,6.4,C,2.5,A,B,0.51,0.74,0.99,7.3,6.7,7.1,7.6
947,26Q186,26,P.S. 186 Castlewood,P.S. 186 Castlewood,Dolores Troy-Quinn,EMS,Elementary School,24.97,A,77.4,93.9,40.3,A,21.3,A,12.3,A,3.5,A,B,0.99,0.83,,9.1,8.6,8.7,8.8
948,26Q188,26,P.S. 188 Kingsbury,P.S. 188 Kingsbury,Janet Caraisco,EMS,Elementary School,9.52,A,70,86.7,34.8,B,23.6,A,9.4,B,2.2,A,A,0.58,0.79,,8.6,7.8,7.9,8.2
949,26Q191,26,P.S. 191 Mayflower,P.S. 191 Mayflower,Michael Ranieri,EMS,Elementary School,15.75,A,66.6,79.3,31.1,B,18.7,A,13.5,A,3.3,A,A,0.75,0.96,,9.2,8.7,9,9
950,26Q203,26,P.S. 203 Oakland Gardens,P.S. 203 Oakland Gardens,Carole Nussbaum,EMS,Elementary School,11.91,A,74.3,91.5,36.7,B,22.4,A,12.1,A,3.1,A,A,0.68,0.96,,9,8.2,8.5,8.7
951,26Q205,26,P.S. 205 Alexander Graham Bell,P.S. 205 Alexander Graham Bell,Karen Scott-Piazza,EMS,Elementary School,18.21,A,73.5,90.8,44,A,21.2,A,5.2,D,3,A,A,0.55,0.76,,7.8,6.9,6.9,7.5
952,26Q213,26,P.S. 213 The Carl Ullman School,P.S. 213 The Carl Ullman School,Kathleen Driscoll,EMS,Elementary School,16.69,A,65.6,77.4,33.4,B,18.9,A,10.5,A,2.7,A,A,0.51,0.73,,8.7,7.9,8.3,8.5
953,26Q216,26,J.H.S. 216 George J. Ryan,J.H.S. 216 George J. Ryan,Reginald Landeau,EMS,Middle School,3.3,B,63.6,70.7,38.7,B,17.6,A,4.3,D,3,B,A,0.34,0.5,0.94,6.3,5.9,5.8,6.3
954,26Q221,26,P.S. 221 The North Hills School,P.S. 221 The North Hills School,Patricia Bullard,EMS,Elementary School,13.21,A,77.9,94.4,39.7,A,22.2,A,13.1,A,2.9,B,A,0.87,0.97,,9.4,8.8,8.8,8.9
955,26Q266,26,P.S. / I.S. 266,P.S. / I.S. 266,Nicole Scott,EMS,Elementary/Middle School,18.12,B,55,53.8,25.6,C,16.6,A,9.2,B,3.6,A,B,0.66,0.71,0.98,8,7.3,7.6,8.1
956,27Q042,27,P.S./M.S 042 R. Vernam,P.S. 042 R. Vernam,Patricia Finn,EMS,Elementary/Middle School,62.53,C,44.6,26.3,26,C,8.7,D,5.6,C,4.3,C,C,0.6,0.83,0.91,7,7.1,7.2,7.8
957,27Q043,27,P.S. 043,P.S. 043,Gary Fairweather,EMS,Elementary/Middle School,58.58,C,46.2,29.4,24.9,C,10.7,C,7.1,C,3.5,C,C,0.65,0.76,0.92,6.9,7.2,7.4,7.9
958,27Q045,27,P.S. 045 Clarence Witherspoon,P.S. 045 Clarence Witherspoon,Samantha Severin,EMS,Elementary School,53.34,B,64.2,74.1,41.5,A,15.3,B,5.2,D,2.2,B,B,0.24,0.44,0.98,6.8,6.8,7,7.4
959,27Q047,27,P.S. 047 Chris Galas,P.S. 047 Chris Galas,Janet Donohue,EMS,Elementary/Middle School,17.36,B,61.2,68.8,27,C,18.2,A,10.8,A,5.1,B,A,0.88,1,0.98,8.7,8.2,8.5,8.7
960,27Q053,27,M.S. 053 Brian Piccolo,M.S. 053 Brian Piccolo,Shawn Rux,EMS,Middle School,2.07,C,41.2,16.9,22.5,C,9.8,C,5.7,C,3.2,F,C,0.73,0.87,0.85,6.8,6.8,7,7.4
961,27Q056,27,P.S. 056 Harry Eichler,P.S. 056 Harry Eichler,Ann Leiter,EMS,Elementary School,35.11,C,38.2,13.8,17.6,D,10.6,C,8.1,B,1.9,B,B,0.69,0.93,,8.3,7.6,7.5,7.8
962,27Q060,27,P.S. 060 Woodhaven,P.S. 060 Woodhaven,Frank Desario,EMS,Elementary School,48.67,A,80.5,96.2,47.2,A,22.6,A,6.7,C,4,A,A,0.51,0.86,,8.3,7.5,7.7,8.2
963,27Q062,27,P.S. 062 Chester Park,P.S. 062 Chester Park,Angela O'dowd,EMS,Elementary School,27.93,C,48,35.6,23.5,C,14.7,B,8.9,B,0.9,A,C,0.87,0.88,,8.3,7.6,7.9,8.2
964,27Q063,27,P.S. 063 Old South,P.S. 063 Old South,Diane Marino Coleman,EMS,Elementary School,40.92,B,60.8,66.2,33.5,B,17.6,A,6.5,C,3.2,B,A,0.73,0.79,,8.1,7.2,7.5,7.8
965,27Q064,27,P.S. 064 Joseph P. Addabbo,P.S. 064 Joseph P. Addabbo,Nina Auster,EMS,Elementary School,36.5,A,66.5,79,37.4,B,15.6,B,11.3,A,2.2,A,C,0.84,1,,9.1,8.5,8.7,9
966,27Q065,27,P.S. 65 - The Raymond York Elementary School,P.S. 65 - The Raymond York Elementary School,Rafael Morales,EMS,Elementary School,38.61,B,57.8,59.7,32.5,B,12.8,B,9.8,A,2.7,B,C,0.79,0.82,,8.7,7.8,8,8.4
967,27Q066,27,P.S. 066 Jacqueline Kennedy Onassis,P.S. 066 Jacqueline Kennedy Onassis,Phyllis Leinwand,EMS,Elementary School,49.42,A,96.7,99.3,56.2,A,24.5,A,11,A,5,A,A,0.87,0.93,,8.9,8.4,8.4,8.8
968,27Q090,27,P.S. 090 Horace Mann,P.S. 090 Horace Mann,Adrienne Ubertini,EMS,Elementary School,44.16,A,68.9,85.1,40.3,A,16.7,A,7.8,B,4.1,B,B,0.64,0.83,,8,7.5,7.4,7.7
969,27Q096,27,P.S. 096,P.S. 096,Joyce Walker,EMS,Elementary School,36.88,B,63.3,71.8,39.3,A,10.6,C,10.1,A,3.3,C,B,0.63,0.8,0.93,8.8,8.3,8.5,8.6
970,27Q097,27,P.S. 097 Forest Park,P.S. 097 Forest Park,Marilyn Custodio,EMS,Elementary School,48.45,A,68.1,82.8,38.8,A,19.7,A,7.2,C,2.4,B,A,0.66,0.77,,8.3,7.5,7.8,8
971,27Q100,27,P.S. 100 Glen Morris,P.S. 100 Glen Morris,Laureen Fromberg,EMS,Elementary School,33.72,C,43.5,22.3,19.9,D,12.7,B,8,B,2.9,B,B,0.86,0.84,,8.4,7.4,7.8,7.9
972,27Q104,27,P.S. 104 The Bays Water,P.S. 104 The Bays Water,Katie Grady,EMS,Elementary School,57.57,B,56.7,57.7,30.6,B,13.3,B,9.9,A,2.8,B,C,0.39,0.83,,8.7,8.3,8.5,8.6
973,27Q105,27,P.S. 105 The Bay School,P.S. 105 The Bay School,Laurie Shapiro,EMS,Elementary/Middle School,58.81,B,53.4,48.1,27.7,C,10.8,C,10.5,A,4.4,C,C,0.38,0.95,0.98,7.7,7.9,8.2,8.4
974,27Q106,27,P.S. 106,P.S. 106,Marcella Sills,EMS,Elementary School,59.19,B,63.4,72.1,34.6,B,20,A,5.9,C,2.9,A,B,0.5,0.36,,7.6,7.2,7.5,7.7
975,27Q108,27,P.S. 108 Captain Vincent G. Fowler,P.S. 108 Captain Vincent G. Fowler,Marie Biondollilo,EMS,Elementary School,30.78,B,52.5,46.2,21.9,C,20.4,A,8.4,B,1.8,A,A,1,0.98,,8.6,8,8,8.3
976,27Q114,27,P.S. / M.S. 114 Belle Harbor,P.S. / M.S. 114 Belle Harbor,Stephen P. Grill,EMS,Elementary/Middle School,10.64,C,45.3,26.9,18.2,D,14.9,B,8.9,B,3.3,B,B,0.74,0.88,0.96,8.3,7.5,7.9,8.2
977,27Q123,27,P.S. 123,P.S. 123,Cynthia Sumay-Eaton,EMS,Elementary School,52.47,B,56,56.2,31.1,B,13.2,B,7.7,B,4,C,B,0.73,0.67,,8.2,7.4,7.8,7.8
978,27Q124,27,P.S. 124 Osmond A Church,P.S. 124 Osmond A Church,Valarie Lewis,EMS,Elementary/Middle School,34.97,A,66.1,80.6,31.3,B,19.3,A,12.2,A,3.3,B,C,0.84,0.87,0.98,8.2,8.1,8.3,8.7
979,27Q137,27,M.S. 137 America'S School Of Heroes,M.S. 137 America's School of Heroes,Laura Mastrogiovanni,EMS,Middle School,3,C,51.1,38.4,29.1,C,14.6,B,5.7,C,1.7,B,B,0.38,0.78,0.93,6.9,6.9,7.3,7.6
980,27Q146,27,P.S. 146 Howard Beach,P.S. 146 Howard Beach,James Mckeon,EMS,Elementary/Middle School,27.14,B,54,50.6,26.9,C,13.8,B,8.4,B,4.8,B,B,0.77,1,1,8.2,7.4,7.8,8.2
981,27Q155,27,P.S. 155,P.S. 155,Dorothy Morris,EMS,Elementary School,41.1,C,36,10.3,11.7,F,12.3,C,10.8,A,1.2,B,C,0.79,0.98,,8.6,7.9,8,8.3
982,27Q183,27,P.S. 183 Dr. Richard R. Green,P.S. 183 Dr. Richard R. Green,Renee Peart,EMS,Elementary/Middle School,57.65,C,42.2,18.8,20.1,D,10.2,C,8.4,B,3.5,A,B,0.58,0.83,0.94,7.3,7.6,7.6,8.1
983,27Q197,27,P.S. 197 The Ocean School,P.S. 197 The Ocean School,Christina Villavicencio,EMS,Elementary School,60.59,D,31.6,5.6,17.6,D,5.9,F,5.9,C,2.2,C,A,0.36,0.57,,7.4,7.4,7.7,7.9
984,27Q202,27,J.H.S. 202 Robert H. Goddard,J.H.S. 202 Robert H. Goddard,William Fitzgerald,EMS,Middle School,2.9,B,58.5,58.3,29.7,C,16.7,A,9.6,B,2.5,B,B,0.97,0.96,0.96,7.7,7.5,7.9,8.3
985,27Q207,27,P.S. 207 Rockwood Park,P.S. 207 Rockwood Park,Linda Spadaro,EMS,Elementary/Middle School,18.76,C,47.3,32.5,21.1,D,15.9,B,7.8,B,2.5,C,A,0.92,0.88,1,8,7.2,7.5,8
986,27Q210,27,J.H.S. 210 Elizabeth Blackwell,J.H.S. 210 Elizabeth Blackwell,Rosalyn Allman-Manning,EMS,Middle School,2.9,C,50.2,35.9,27.6,C,14.8,B,4.7,D,3,C,C,0.35,0.64,0.95,7,6.6,7,7.4
987,27Q215,27,P.S. 215 Lucretia Mott,P.S. 215 Lucretia Mott,Susan Rippe Hofmann,EMS,Elementary School,62.44,,.,.,.,,.,,.,,.,F,D,0.73,0.45,,7.3,6.5,6.9,7
988,27Q223,27,P.S. 223 Lyndon B. Johnson,P.S. 223 Lyndon B. Johnson,Deborah Otto,EMS,Elementary School,53.38,C,40.6,17.1,19.5,D,8.8,D,11,A,1.3,D,B,1,0.85,,8.5,8.2,8.6,8.7
989,27Q226,27,J.H.S. 226 Virgil I. Grissom,J.H.S. 226 Virgil I. Grissom,Rushell White,EMS,Middle School,2.61,C,37.5,11.3,18.6,D,12.2,C,4.4,D,2.3,C,C,0.53,0.9,0.9,6.4,6.6,6.8,7.3
990,27Q232,27,P.S. 232 Lindenwood,P.S. 232 Lindenwood,Lisa Josephson,EMS,Elementary/Middle School,28.94,B,57.3,60.6,25.4,C,17.7,A,11.5,A,2.7,B,A,0.67,0.96,1,8.4,8.3,8.2,8.8
991,27Q253,27,P.S. 253,P.S. 253,Robin Johnson,EMS,Elementary School,58.87,C,44.1,23.4,21.2,D,10.5,C,10,A,2.4,D,C,0.7,0.93,,8.7,8.2,8.4,8.5
992,27Q254,27,P.S. 254,P.S. 254,Naomi Drouillard,EMS,Elementary School,47.88,A,76.3,93.1,35.7,B,24.3,A,12.9,A,3.3,A,A,0.9,0.98,,9.4,8.7,9.1,9.2
993,27Q262,27,Channel View School For Research,Channel View School for Research,Patricia J. Tubridy,EMS,Middle/High School,2.94,B,52.4,43.4,24.5,C,14.6,B,11.3,A,2,C,B,0.47,1,0.96,8.2,7.8,8.1,8.4
994,27Q262,27,Channel View School For Research,Channel View School for Research,Patricia J. Tubridy,HS,Middle/High School,2.5,A,82.9,93.5,42.3,A,17.6,A,12.5,A,4,A,A,0.47,1,0.96,8.2,7.8,8.1,8.4
995,27Q282,27,Knowledge And Power Preparatory Academy Vi,Knowledge and Power Preparatory Academy VI,Gary Dumornay,EMS,Middle School,2.82,A,77.9,90.6,43.4,A,19,A,12.5,A,3,A,C,0.69,1,1,8.1,7.7,7.9,8.3
996,27Q306,27,New York City Academy For Discovery,New York City Academy for Discovery,Jennifer Flandro,EMS,Elementary School,49.04,C,46.5,30.7,15.2,F,18.7,A,10.8,A,1.8,A,.,0.63,0.89,,8.8,8.1,8.4,8.6
997,27Q309,27,Academy Of Medical Technology: A College Board Sch,Academy of Medical Technology: A College Board S,Jose Merced,EMS,Middle/High School,2.44,C,36.3,10.2,14.1,D,11.3,C,7.2,C,3.6,B,D,0.38,0.88,0.78,6.9,6.6,6.9,7.2
998,27Q309,27,Academy Of Medical Technology: A College Board Sch,Academy of Medical Technology: A College Board School,Jose Merced,HS,Middle/High School,2.19,B,59.7,35.8,26.9,C,15.5,A,8.1,C,3.8,,,0.38,0.88,0.78,6.9,6.6,6.9,7.2
999,27Q317,27,Waterside Children'S Studio School,WATERSIDE CHILDREN'S STUDIO SCHOOL,Dana Gerendasi,EMS,Elementary School,52.48,B,60.8,66.2,33.5,B,12.5,B,11.8,A,3,A,.,0.63,0.97,,8.9,8.6,8.9,9
1000,27Q318,27,Waterside School For Leadership,WATERSIDE SCHOOL FOR LEADERSHIP,Linda Munro,EMS,Middle School,2.15,C,48.5,32.6,24.2,C,13.3,B,8,B,3,B,.,0.61,0.92,0.91,7.5,7.3,7.1,7.5
1001,27Q319,27,Village Academy,VILLAGE ACADEMY,Doris Lee,EMS,Middle School,2.18,B,55.9,52.8,27.6,C,12.1,C,13,A,3.2,B,.,0.81,0.89,0.85,8.3,8.3,8.5,8.7
1002,27Q323,27,Scholars' Academy,Scholars' Academy,Brian O'connell,EMS,Middle/High School,3.92,A,72.8,84.5,36.6,B,22.7,A,12.4,A,1.1,A,A,0.84,1,0.97,8.7,8.1,8.3,8.7
1003,27Q323,27,Scholars' Academy,Scholars' Academy,Brian O'connell,HS,Middle/High School,3.67,A,80.6,90.1,42.3,A,16,A,13.1,A,0,A,,0.84,1,0.97,8.7,8.1,8.3,8.7
1004,27Q333,27,Goldie Maple Academy,Goldie Maple Academy,Angela Logan,EMS,Elementary/Middle School,49.26,C,37.6,10,10.8,F,11.5,C,13.1,A,2.2,A,C,0.91,1,0.98,8.4,8.4,8.3,8.6
1005,28Q008,28,J.H.S. 008 Richard S. Grossley,J.H.S. 008 Richard S. Grossley,Angela Green,EMS,Middle School,2.21,C,43.5,21.3,24.3,C,12.4,C,3.9,D,2.9,C,C,0.33,0.19,0.46,6.4,6.3,6.8,7.2
1006,28Q030,28,P.S. 030 Queens,P.S. 030 Queens,Dwayne Crowder,EMS,Elementary School,58.27,,.,.,.,,.,,.,,.,.,D,0.14,0.41,,7.7,7.4,7.3,7.5
1007,28Q040,28,P.S. 040 Samuel Huntington,P.S. 040 Samuel Huntington,Alison Branker,EMS,Elementary School,58.85,D,34.8,8.9,17.8,D,7.2,D,8.1,B,1.6,B,D,0.63,1,,8.3,8,8.3,8.4
1008,28Q048,28,P.S. 048 William Wordsworth,P.S. 048 William Wordsworth,Patricia M. Mitchell,EMS,Elementary School,54.87,C,49.7,39,28.4,C,9.6,C,8.8,B,2.9,D,C,0.75,1,,8.3,7.7,7.9,7.9
1009,28Q050,28,P.S. 050 Talfourd Lawn Elementary School,P.S. 050 Talfourd Lawn Elementary School,Rina Manjarrez,EMS,Elementary School,49.43,B,63.1,71.5,34.5,B,19.6,A,6,C,3,B,B,0.64,0.69,,7.4,7.2,7.5,7.7
1010,28Q054,28,P.S. 054 Hillside,P.S. 054 Hillside,Anita Prashad,EMS,Elementary School,42.62,B,61.6,67.7,38.3,B,12.1,C,7.2,C,4,C,C,0.75,0.68,,8.1,7.4,7.5,7.7
1011,28Q055,28,P.S. 055 Maure,P.S. 055 Maure,Ralph K Honore,EMS,Elementary School,37.06,D,34,7.7,18.5,D,6.3,F,7.3,C,1.9,A,C,0.56,0.74,,8.4,7.6,7.5,8.1
1012,28Q072,28,Catherine & Count Basie Middle School 72,Catherine & Count Basie Middle School 72,Crystal Taylor Brown,EMS,Middle School,2.42,C,42.9,18.8,21.3,D,13.2,B,5.4,C,3,C,C,0.6,0.94,0.88,6.4,6.7,6.9,7.4
1013,28Q080,28,P.S. 080 Thurgood Marshall Magnet,P.S. 080 Thurgood Marshall Magnet,Paulette Glenn,EMS,Elementary School,56.38,B,55.1,53.6,30,B,13,B,8.7,B,3.4,F,C,0.85,0.86,,8.4,7.9,8.3,8.1
1014,28Q082,28,P.S. 082 Hammond,P.S. 082 Hammond,Dr. Angela Boykin,EMS,Elementary School,48.21,B,55.5,54.3,33.6,B,11.1,C,7.8,B,3,C,B,0.63,0.57,,8.5,7.3,7.7,7.7
1015,28Q086,28,P.S. Q086,P.S. Q086,Karen Zuvic,EMS,Elementary School,44.18,C,49.7,39,30.9,B,8.6,D,6.4,C,3.8,C,B,0.55,0.97,,7.8,6.9,7.3,7.2
1016,28Q099,28,P.S. 099 Kew Gardens,P.S. 099 Kew Gardens,Paulette Foglio,EMS,Elementary School,32.33,A,66.1,78.5,36.4,B,19.6,A,7.6,B,2.5,A,A,0.27,0.66,0.99,8,7.1,7.7,8.1
1017,28Q101,28,P.S. 101 School In The Gardens,P.S. 101 School in the Gardens,Valerie Capitulo-Saide,EMS,Elementary School,12.53,C,45.1,25.7,24,C,13,B,6.6,C,1.5,C,B,0.92,0.95,1,7.7,7.4,7.9,8.1
1018,28Q117,28,P.S. 117 J. Keld / Briarwood School,P.S. 117 J. Keld / Briarwood School,Paula Cunningham,EMS,Elementary School,33.71,B,52.8,47.4,31.8,B,12.9,B,5.9,C,2.2,C,B,0.72,0.77,0.99,7.8,7.1,7.6,7.8
1019,28Q121,28,P.S. 121 Queens,P.S. 121 Queens,Evelyn Vadi,EMS,Elementary School,32.06,A,69.3,85.4,37.8,B,21.4,A,7.3,C,2.8,B,A,0.75,0.16,0.98,8.1,7.3,8,8.4
1020,28Q139,28,P.S. 139 Rego Park,P.S. 139 Rego Park,Monica Bridget Powers-Meade,EMS,Elementary School,27.83,B,56.9,58,32.6,B,16.7,A,5.7,C,1.9,B,C,0.98,1,,7.8,6.9,7.2,7.6
1021,28Q140,28,P.S. 140 Edward K Ellington,P.S. 140 Edward K Ellington,David Norment,EMS,Elementary School,56.33,F,21,0.5,9.9,F,6.2,F,3.2,F,1.7,C,C,0.39,0.63,,6.9,6.9,7,7.1
1022,28Q144,28,P.S. 144 Col Jeromus Remsen,P.S. 144 Col Jeromus Remsen,Reva Gluck Schneider,EMS,Elementary School,17.9,B,62.9,71.3,35.7,B,14.6,B,10.1,A,2.5,A,B,0.73,0.65,,8.8,8.1,8.5,8.6
1023,28Q157,28,J.H.S. 157 Stephen A. Halsey,J.H.S. 157 Stephen A. Halsey,Vincent Suraci,EMS,Middle/High School,2.94,A,67.8,77.6,38.8,B,17.6,A,8.1,B,3.3,B,A,0.64,0.91,0.97,7.7,7.2,7.4,7.7
1024,28Q157,28,J.H.S. 157 Stephen A. Halsey,J.H.S. 157 Stephen A. Halsey,Vincent Suraci,HS,Middle/High School,0.92,,,,,,,,,,,,,0.64,0.91,0.97,7.7,7.2,7.4,7.7
1025,28Q160,28,P.S. 160 Walter Francis Bishop,P.S. 160 Walter Francis Bishop,Jermaine Garden,EMS,Elementary School,51.37,C,47.7,34.3,30.4,B,9.4,C,5.1,D,2.8,C,B,0.17,0.69,1,7,6.9,7.3,7.6
1026,28Q161,28,P.S. 161 Arthur Ashe School,P.S. 161 Arthur Ashe School,Jill Hoder,EMS,Elementary School,29.1,B,59.2,62.3,31.5,B,17.3,A,8.3,B,2.1,A,A,0.59,0.95,0.95,8.4,7.7,8.2,8.4
1027,28Q167,28,Metropolitan Expeditionary Learning School,METROPOLITAN EXPEDITIONARY LEARNING SCHOOL,Damon Mccord,EMS,Middle School,2.89,A,71.3,83.7,36.3,B,20.1,A,12.3,A,2.6,.,.,0.54,0.96,0.97,8.4,7.7,7.9,8.2
1028,28Q174,28,P.S. 174 William Sidney Mount,P.S. 174 William Sidney Mount,Karin Kelly,EMS,Elementary School,19.06,B,55,53.1,31.6,B,16.3,A,5.3,C,1.7,C,B,0.55,0.57,1,7.8,7.1,7.4,7.8
1029,28Q175,28,P.S. 175 The Lynn Gross Discovery School,P.S. 175 The Lynn Gross Discovery School,Linda Green,EMS,Elementary School,21.3,B,56.7,57.7,31.3,B,13.9,B,8.2,B,3.3,B,A,0.59,0.95,,8.6,8,8.2,8.3
1030,28Q190,28,J.H.S. 190 Russell Sage,J.H.S. 190 Russell Sage,Marilyn Grant,EMS,Middle School,2.94,B,56.6,53.9,30.9,C,17.2,A,5.5,C,2.9,B,C,0.58,0.79,0.98,7,6.3,6.8,7.2
1031,28Q196,28,P.S. 196 Grand Central Parkway,P.S. 196 Grand Central Parkway,Susan Migliano,EMS,Elementary School,12.57,A,67.2,81,35.5,B,19.4,A,10.9,A,1.3,A,A,0.78,1,,8.7,8.4,8.5,8.6
1032,28Q206,28,P.S. 206 The Horace Harding School,P.S. 206 The Horace Harding School,Joan Thomas,EMS,Elementary School,39.31,D,34.8,8.9,14.5,F,10,C,8.8,B,1.5,B,C,0.39,0.83,,8.1,7.8,8,8
1033,28Q217,28,J.H.S. 217 Robert A. Van Wyck,J.H.S. 217 Robert A. Van Wyck,Patrick Michael Burns,EMS,Middle School,2.66,B,65.4,74.9,38.6,B,17.1,A,6.7,C,3,A,B,0.3,0.54,0.91,6.7,6.8,7.3,7.7
1034,28Q220,28,P.S. 220 Edward Mandel,P.S. 220 Edward Mandel,Josette Pizarro,EMS,Elementary School,33.43,C,48,35.6,31.5,B,6.5,D,6.5,C,3.5,C,A,0.63,0.89,,8.1,7.1,7.5,7.6
1035,28Q284,28,York Early College Academy,York Early College Academy,Deborah Burnett,EMS,Middle/High School,3.07,C,50.3,36.5,22.1,C,16.2,B,9.3,B,2.6,C,B,0.31,0.73,0.96,7.3,7.3,7.3,8
1036,28Q284,28,York Early College Academy,York Early College Academy,Deborah Burnett,HS,Middle/High School,3.03,,,,,,,,,,,,,0.31,0.73,0.96,7.3,7.3,7.3,8
1037,28Q310,28,Queens Collegiate: A College Board School,Queens Collegiate: A College Board School,Jaime Anne Dubei,EMS,Middle/High School,2.87,C,44.6,23.2,21.3,D,13.6,B,8.3,B,1.4,C,.,0.15,0.75,0.7,7.5,7.3,7.5,7.9
1038,28Q310,28,Queens Collegiate: A College Board School,Queens Collegiate: A College Board School,Jaime Anne Dubei,HS,Middle/High School,2.37,A,74.6,77.5,38.9,A,15,A,8.9,B,4.7,,,0.15,0.75,0.7,7.5,7.3,7.5,7.9
1039,28Q680,28,Queens Gateway To Health Sciences Secondary School,Queens Gateway to Health Sciences Secondary Scho,Dr. Cynthia Edwards,EMS,Middle/High School,3.62,B,61.2,64.6,33.6,B,19,A,7.4,C,1.2,C,B,0.32,0.39,0.93,7.6,6.4,6.7,7.4
1040,28Q680,28,Queens Gateway To Health Sciences Secondary School,Queens Gateway to Health Sciences Secondary School,Dr. Cynthia Edwards,HS,Middle/High School,3.47,B,68.2,61,39,A,13.2,B,7.6,C,0,B,B,0.32,0.39,0.93,7.6,6.4,6.7,7.4
1041,28Q896,28,"Young Women'S Leadership School, Queens","Young Women's Leadership School, Queens",Avionne Gumbs,EMS,Middle/High School,3.04,C,34.7,9.1,15.9,D,12.8,C,4.6,D,1.4,C,C,0.71,0.48,0.98,6.9,5.7,5.9,6.4
1042,28Q896,28,"Young Women'S Leadership School, Queens","Young Women's Leadership School, Queens",Avionne Gumbs,HS,Middle/High School,2.69,B,65.1,48.9,34.5,B,17.5,A,4.5,F,0.8,C,,0.71,0.48,0.98,6.9,5.7,5.9,6.4
1043,29Q015,29,P.S. 015 Jackie Robinson,P.S. 015 Jackie Robinson,Antonio K'tori,EMS,Elementary School,48.42,C,45.8,28.2,22.2,C,11.3,C,10.5,A,1.7,B,C,0.71,0.82,,9.1,8.5,8.6,8.7
1044,29Q033,29,P.S. 033 Edward M. Funk,P.S. 033 Edward M. Funk,Erich Wagner,EMS,Elementary School,31.68,C,37,11.6,12.6,F,12.4,B,10.2,A,1.8,C,C,0.67,0.84,,8.7,8.1,8.3,8.5
1045,29Q034,29,P.S. 034 John Harvard,P.S. 034 John Harvard,Pauline Shakespeare,EMS,Elementary School,53.15,B,56,56.2,26.4,C,17.4,A,9.4,B,2.8,A,B,0.26,0.64,,8,8,7.8,8.4
1046,29Q035,29,P.S. 035 Nathaniel Woodhull,P.S. 035 Nathaniel Woodhull,Mark Dempsey,EMS,Elementary School,44.89,C,44.9,25.4,25.6,C,12.4,B,4.9,D,2,D,D,0.58,0.88,,7.7,6.5,7,7.4
1047,29Q036,29,P.S. 036 Saint Albans School,P.S. 036 Saint Albans School,Lynn Staton,EMS,Elementary School,55.02,C,45.7,28,23.2,C,10.6,C,9.3,B,2.5,B,D,0.96,0.97,,8.4,8.1,8.2,8.3
1048,29Q037,29,Cynthia Jenkins School,Cynthia Jenkins School,Beverly Mitchell,EMS,Elementary School,54.95,D,34,7.7,18.3,D,7.2,D,6.9,C,1.6,B,C,0.74,0.69,,7.7,7.7,7.9,8
1049,29Q038,29,P.S. 038 Rosedale,P.S. 038 Rosedale,Cassandra A. Hundley,EMS,Elementary School,53.94,B,53.8,50.3,30.7,B,10,C,10.8,A,2.3,C,B,0.87,0.76,,8.4,7.7,8,8
1050,29Q052,29,P.S. 052 Queens,P.S. 052 Queens,Linda Pough,EMS,Elementary School,57.88,C,49.5,38.2,25,C,13.8,B,8,B,2.7,B,A,0.38,0.85,,7.6,7.3,7.6,8
1051,29Q059,29,I.S. 059 Springfield Gardens,I.S. 059 Springfield Gardens,Carleton Gordon,EMS,Middle School,2.53,C,40.1,15.5,23.2,C,10.7,C,4,D,2.2,C,C,0.51,0.88,0.86,6,6.2,6.5,6.9
1052,29Q095,29,P.S. 095 Eastwood,P.S. 095 Eastwood,Kim Hill,EMS,Elementary School,42.37,A,64.8,75.4,38.3,B,13.4,B,10.3,A,2.8,B,B,1,1,,8.5,8.4,8.3,8.5
1053,29Q109,29,Jean Nuzzi Intermediate School,Jean Nuzzi Intermediate School,Karleen Adam Comrie,EMS,Middle School,2.79,B,52.5,43.9,27.8,C,15.1,B,7.2,C,2.4,C,C,0.39,0.94,0.95,7.1,6.6,7,7.6
1054,29Q116,29,Ps/Is 116 William C. Hughley,PS/IS 116 William C. Hughley,Debra Farrow,EMS,Elementary/Middle School,55.57,B,52.1,40.6,29.3,C,10.1,C,10,A,2.6,C,C,0.64,1,0.89,8,8.1,8.2,8.4
1055,29Q118,29,P.S. 118 Lorraine Hansberry,P.S. 118 Lorraine Hansberry,Cynthia Ofori-Feaster,EMS,Elementary School,53.15,C,36.1,10.7,22.5,C,8.6,D,1.8,F,3.2,C,C,0.4,0.7,,6.5,5.8,5.7,6.3
1056,29Q131,29,P.S. 131 Abigail Adams,P.S. 131 Abigail Adams,Randolph Ford,EMS,Elementary School,28.46,B,63.7,72.6,32.7,B,18.2,A,10.5,A,2.2,A,B,0.57,0.98,,8.6,8.3,8.3,8.5
1057,29Q132,29,P.S. 132 Ralph Bunche,P.S. 132 Ralph Bunche,Alicia Davis,EMS,Elementary School,47.61,D,30.3,4.8,11.3,F,8.6,D,9.5,B,0.9,C,C,0.57,0.96,,8.5,8.1,8.1,8.3
1058,29Q134,29,P.S. 134 Hollis,P.S. 134 Hollis,Robert Chambers,EMS,Elementary School,53.85,B,51.6,42.8,32.1,B,9.3,C,7.6,B,2.6,C,B,0.33,0.81,,7.6,8,7.8,8
1059,29Q135,29,The Bellaire School,The Bellaire School,George Hadjoglou,EMS,Elementary School,37.49,C,47.6,34.1,23.2,C,14.6,B,8.1,B,1.7,B,C,0.27,0.65,,8,7.3,7.6,7.7
1060,29Q136,29,P.S. 136 Roy Wilkins,P.S. 136 Roy Wilkins,Tanya S.T. Walker,EMS,Elementary School,52.39,C,46.7,31.6,25.1,C,12.7,B,6.5,C,2.4,B,B,0.86,0.89,,7.7,7.3,7.6,7.9
1061,29Q138,29,P.S./ M.S.138 Sunrise,P.S. 138 Sunrise,James Mc Enaney,EMS,Elementary/Middle School,50.11,D,30,3.8,13.5,F,9.1,D,5.8,C,1.6,C,C,0.58,0.95,0.96,6.8,7,7,7.7
1062,29Q147,29,Ps/Ms 147 Ronald Mcnair,PS/MS 147 Ronald McNair,Anne Cohen,EMS,Elementary/Middle School,48.02,C,37.9,10.6,18.7,D,9.7,C,7.3,C,2.2,C,D,0.56,0.72,0.98,7.5,7,7.3,7.6
1063,29Q156,29,P.S. 156 Laurelton,P.S. 156 Laurelton,Noreen Little,EMS,Elementary/Middle School,49.11,D,34.8,7.5,21.1,D,7.5,D,4.1,F,2.1,C,C,0.45,0.46,0.76,6.4,6.4,6.6,7.2
1064,29Q176,29,P.S. 176 Cambria Heights,P.S. 176 Cambria Heights,Arlene Bartlett,EMS,Elementary School,43.52,C,44.6,24.8,14.7,F,18.7,A,10.4,A,0.7,B,C,0.65,0.96,,8.3,7.8,7.7,8.1
1065,29Q181,29,P.S. 181 Brookfield,P.S. 181 Brookfield,Andrea Belcher,EMS,Elementary School,54.62,C,45.5,26.7,24.4,C,8.3,D,9.5,B,3.3,D,C,0.53,0.81,,8.4,7.7,8.2,8.2
1066,29Q192,29,I.S. 192 The Linden,I.S. 192 The Linden,Harriett Diaz,EMS,Middle School,2.26,A,69.9,82,35.6,B,15.5,B,14.6,A,4.2,C,B,0.97,0.7,0.75,8.7,8.4,8.8,9
1067,29Q195,29,P.S. 195 William Haberle,P.S. 195 William Haberle,Beryl Bailey,EMS,Elementary School,51.74,C,48,35.6,27.3,C,7.9,D,9.4,B,3.4,A,D,0.98,0.98,,7.8,8.2,8.1,8.1
1068,29Q208,29,P.S. / I.S. 208,P.S. / I.S. 208,James Philemy,EMS,Elementary/Middle School,39.46,B,53.5,49.4,24.3,C,16.5,A,10.4,A,2.3,B,B,0.68,0.92,0.95,7.6,7.5,7.8,8.2
1069,29Q231,29,I.S. 231 Magnetech 2000,I.S. 231 Magnetech 2000,Emmanuel Lubin,EMS,Middle School,2.3,,.,.,.,,.,,.,,.,.,D,0.31,0.89,0.94,6.1,6.3,6.8,7.2
1070,29Q238,29,I.S 238 - Susan B. Anthony Academy,I.S. 238 Susan B Anthony,Peter Leddy,EMS,Middle School,2.74,C,44.4,22.9,23.3,C,12.8,C,6.2,C,2.1,B,C,0.12,0.24,0.8,6.9,6.7,7.1,7.5
1071,29Q259,29,Pathways College Preparatory School: A College Boa,Pathways College Preparatory School: A College B,Kimberly Mitchell,EMS,Middle/High School,2.5,C,41,16,18.6,D,14,B,5.5,C,2.8,C,C,0.15,0.89,0.7,6.5,5.9,6.4,6.7
1072,29Q259,29,Pathways College Preparatory School: A College Boa,Pathways College Preparatory School: A College Board School,Kimberly Mitchell,HS,Middle/High School,2.23,C,53.6,20,26.8,C,13.6,B,5.5,F,2.9,B,A,0.15,0.89,0.7,6.5,5.9,6.4,6.7
1073,29Q268,29,Ps/Is 268,PS/IS 268,Lissa Grant-Stewart,EMS,Elementary/Middle School,42.25,C,45.9,28.1,26.3,C,11.2,C,4.2,F,4.2,D,B,0.57,0.86,0.96,6.6,6.1,6.4,7
1074,29Q270,29,The Gordon Parks School,The Gordon Parks School,Eleanor S. Andrew,EMS,Elementary/Middle School,44.43,B,53.5,49.4,25.6,C,14.4,B,9.5,B,4,C,C,0.28,1,0.98,7.7,7.4,7.4,7.8
1075,29Q283,29,Preparatory Academy For Writers: A College Board S,Preparatory Academy for Writers: A College Board,Charles Anderson,EMS,Middle/High School,2.58,B,57.6,56.6,28.4,C,16.1,B,10.7,A,2.4,A,C,0.15,0.96,0.86,7.5,7.5,7.6,8
1076,29Q283,29,Preparatory Academy For Writers: A College Board S,Preparatory Academy for Writers: A College Board School,Charles Anderson,HS,Middle/High School,2.18,A,72.1,72.7,41.2,A,12.3,B,10.6,A,3.3,C,B,0.15,0.96,0.86,7.5,7.5,7.6,8
1077,29Q295,29,P.S./I.S. 295,P.S./I.S. 295,Deon Lavigne,EMS,Elementary/Middle School,34.55,C,41.6,16.3,14.9,F,18.1,A,6.1,C,2.5,A,B,0.86,0.94,0.99,7.5,6.5,6.7,7.3
1078,29Q327,29,Eagle Academy For Young Men Iii,EAGLE ACADEMY FOR YOUNG MEN III,Kenyatte Reid,EMS,Middle School,2.59,C,49.3,33.7,25.7,C,11.8,C,9.7,B,2.1,.,.,0.55,0.75,0.96,7.3,7.2,7.5,7.5
1079,29Q355,29,Collaborative Arts Middle School,Collaborative Arts Middle School,Tammy Holloway,EMS,Middle School,2.21,,.,.,.,,.,,.,,.,.,.,0.56,1,0.93,7.4,7.3,7.4,8
1080,29Q356,29,Community Voices Middle School,Community Voices Middle School,Tamra Collins,EMS,Middle School,2.33,,.,.,.,,.,,.,,.,.,.,0.53,1,0.67,6.6,6.5,6.8,7.4
1081,30Q002,30,P.S. 002 Alfred Zimberg,P.S. 002 Alfred Zimberg,Joseph Taddeo,EMS,Elementary School,31.12,B,57.9,59.8,34.5,B,12.9,B,7.3,C,3.2,B,A,0.93,0.98,,8.5,7.6,7.9,8
1082,30Q010,30,I.S. 010 Horace Greeley,I.S. 010 Horace Greeley,Clemente Lopes,EMS,Middle School,2.75,B,57.2,55.3,30.1,C,16,B,9,B,2.1,A,B,0.88,0.98,0.96,8,6.9,7.4,7.9
1083,30Q011,30,P.S. 011 Kathryn Phelan,P.S. 011 Kathryn Phelan,Anna Efkarpides,EMS,Elementary School,37.92,A,71.4,87.9,40.9,A,17.6,A,10.1,A,2.8,A,B,0.48,0.95,0.88,8.2,7.6,8,8.3
1084,30Q017,30,P.S. 017 Henry David Thoreau,P.S. 017 Henry David Thoreau,Cynthia Dickman,EMS,Elementary School,48.85,C,42.9,21.8,25.7,C,8.7,D,4.9,D,3.6,A,C,0.74,0.88,,7.3,6.4,6.8,6.6
1085,30Q069,30,P.S. 069 Jackson Heights,P.S. 069 Jackson Heights,Martha Vazquez,EMS,Elementary School,33.61,A,65.8,78,35.1,B,18.5,A,9.7,A,2.5,A,A,0.74,0.99,,8.3,7.6,7.8,8
1086,30Q070,30,P.S. 070 Queens,P.S. 070 Queens,Donna Geller,EMS,Elementary School,34.98,C,39.2,15.1,20.3,D,10.9,C,6,C,2,B,C,0.68,0.54,,7.8,6.6,6.8,7.3
1087,30Q076,30,P.S. 076 William Hallet,P.S. 076 William Hallet,Mary Schafenberg,EMS,Elementary School,60,B,53.8,50.3,32.6,B,10.3,C,6.8,C,4.1,B,A,0.25,0.83,,7.8,7.2,7.4,7.5
1088,30Q078,30,P.S. 078,P.S. 078,Louis Pavone,EMS,Elementary School,28.75,A,69.5,85.9,34.4,B,18.5,A,13.5,A,3,B,B,0.52,0.9,,9.6,9.2,9.1,9.2
1089,30Q084,30,P.S. 084 Steinway,P.S. 084 Steinway,John Buffa,EMS,Elementary/Middle School,34.4,C,43,21.9,21.1,D,12.2,C,6.3,C,3.4,B,C,0.71,0.91,0.99,7.6,7.1,7.1,7.5
1090,30Q085,30,P.S. 085 Judge Charles Vallone,P.S. 085 Judge Charles Vallone,Ann Gordon-Chang,EMS,Elementary School,28.34,C,48.2,36.1,21.6,C,16,B,8.1,B,2.5,C,C,0.6,0.63,,8.6,7.6,8,8.1
1091,30Q092,30,P.S. 092 Harry T. Stewart Sr.,P.S. 092 Harry T. Stewart Sr.,Pasquale Baratta,EMS,Elementary School,61.74,A,68.1,82.8,36.4,B,15.4,B,12.2,A,4.1,B,A,0.96,0.79,,8.8,7.9,8.1,8.4
1092,30Q111,30,P.S. 111 Jacob Blackwell,P.S. 111 Jacob Blackwell,Randy Seabrook,EMS,Elementary/Middle School,61.34,B,53.3,46.3,32.8,B,9.2,D,7.9,B,3.4,C,C,0.79,1,1,7.5,7.3,7.5,8
1093,30Q112,30,P.S. 112 Dutch Kills,P.S. 112 Dutch Kills,Rafael Campos-Gatjens,EMS,Elementary School,50.22,A,67.9,82.1,46.3,A,11.8,C,6.4,C,3.4,C,B,0.7,0.72,,7.9,7,7.4,7.6
1094,30Q122,30,P.S. 122 Mamie Fay,P.S. 122 Mamie Fay,Pamela Sabel,EMS,Elementary/Middle School,23.52,A,70.3,85,37.2,B,22.1,A,8.8,B,2.2,A,A,0.93,0.73,1,8,7.2,7.6,8.1
1095,30Q126,30,Albert Shanker School For Visual And Performing Ar,Albert Shanker School for Visual and Performing,Alexander Angueira,EMS,Middle School,2.3,A,66.6,76.8,37.1,B,16.5,A,8.7,B,4.3,B,C,0.29,0.7,0.92,7.2,7.2,7.4,7.8
1096,30Q127,30,P.S. 127 Aerospace Science Magne,P.S. 127 Aerospace Science Magne,Evita Sanabria,EMS,Elementary/Middle School,54.03,C,47.9,34.4,30.2,C,9.6,C,4.2,F,3.9,B,B,0.68,0.82,0.97,6.5,5.7,6.2,6.6
1097,30Q141,30,I.S. 141 The Steinway,I.S. 141 The Steinway,Miranda Pavlou,EMS,Middle School,2.86,A,81,93.4,45.8,A,21.3,A,10.8,A,3.1,A,A,0.93,0.94,0.97,8.3,7.5,8,8.4
1098,30Q145,30,I.S. 145 Joseph Pulitzer,I.S. 145 Joseph Pulitzer,Dolores Beckham,EMS,Middle School,2.72,B,61.7,66.9,31.3,B,15.5,B,11.6,A,3.3,B,B,0.8,0.98,0.99,7.9,7.4,7.8,8.2
1099,30Q148,30,P.S. 148 Queens,P.S. 148 Queens,Andrew Paccione Jr.,EMS,Elementary School,52.2,B,55.8,54.8,30.4,B,12.9,B,8.9,B,3.5,D,B,0.83,0.94,,8.4,7.4,7.6,7.7
1100,30Q149,30,P.S. 149 Christa Mcauliffe,P.S. 149 Christa Mcauliffe,Esther Salorio,EMS,Elementary School,55.6,A,65.3,76.4,33.4,B,17.7,A,11.6,A,2.6,A,B,0.77,1,,8.5,8.2,8.2,8.5
1101,30Q150,30,P.S. 150 Queens,P.S. 150 Queens,Carmen Parache,EMS,Elementary School,36.45,A,67,80.5,36.8,B,20.2,A,7,C,3,A,B,0.81,0.52,1,8.2,6.6,7.3,7.6
1102,30Q151,30,P.S. 151 Mary D. Carter,P.S. 151 Mary D. Carter,Jason Goldner,EMS,Elementary School,50.44,C,46.3,30,32.8,B,7.2,D,2.6,F,3.7,D,C,0.52,0.8,,7.2,6.1,6.5,6.6
1103,30Q152,30,Q152 - P.S. 152 Gwendoline N. Alleyne School,Q152 - P.S. 152 Gwendoline N. Alleyne School,Vincent Vitolo,EMS,Elementary School,36.26,A,75.7,92.6,43.6,A,18.9,A,10.3,A,2.9,A,A,0.53,0.53,1,8.6,7.3,7.8,8
1104,30Q166,30,P.S. 166 Henry Gradstein,P.S. 166 Henry Gradstein,Janet Farrell/Jessica Gelle,EMS,Elementary School,41.72,A,66.4,78.9,36,B,17.3,A,9.9,A,3.2,B,B,0.33,0.52,,8.2,7.8,7.7,7.9
1105,30Q171,30,P.S. 171 Peter G. Van Alst,P.S. 171 Peter G. Van Alst,Anne Bussel,EMS,Elementary School,52.32,C,48.8,36.9,28.2,C,11,C,7.4,B,2.1,B,C,0.43,0.8,,8.2,7.5,7.8,8.1
1106,30Q204,30,I.S. 204 Oliver W. Holmes,I.S. 204 Oliver W. Holmes,Yvonne Leimsider,EMS,Middle School,2.57,B,52.9,45,27.6,C,16,B,6.4,C,2.9,C,A,0.47,0.67,0.97,6.6,6.5,6.7,7.2
1107,30Q212,30,P.S. 212,P.S. 212,Carin Ilene Ellis,EMS,Elementary School,46.76,A,67.3,81.3,38.7,B,17.3,A,8.7,B,2.6,A,B,0.86,0.64,,8.5,7.4,7.8,8
1108,30Q227,30,I.S. 227 Louis Armstrong,I.S. 227 Louis Armstrong,William Fahey,EMS,Middle School,3.06,B,61.1,64.1,30.8,C,18.4,A,9.3,B,2.6,A,A,0.69,0.74,0.99,7.8,7.2,7.6,8
1109,30Q230,30,I.S. 230,I.S. 230,Sharon Terry,EMS,Middle School,2.92,B,64.9,73.8,37.3,B,18.1,A,7.3,C,2.2,B,A,0.65,0.88,0.98,7.5,6.5,7,7.5
1110,30Q234,30,P.S. 234,P.S. 234,Thea Pallos,EMS,Elementary School,37.24,C,49.6,38.4,22.7,C,16,B,9.2,B,1.7,C,A,1,0.8,,8.3,7.5,7.7,7.7
1111,30Q235,30,Academy For New Americans,Academy for New Americans,Carmen Rivera,EMS,Middle School,2.93,A,87.6,96.1,60,A,7.8,D,14.9,A,4.9,A,A,0.99,1,0.95,9.4,8.6,9,9.2
1112,30Q286,30,"Young Women's Leadership School, Astoria","Young Women's Leadership School, Astoria",Laura A Mitchell,EMS,Middle/High School,3.16,C,47.6,29.8,18,D,16.8,A,12,A,0.8,B,A,0.87,0.97,0.99,8.3,7.3,8,8.1
1113,30Q286,30,"Young Women's Leadership School, Astoria","Young Women's Leadership School, Astoria",Laura A Mitchell,HS,Middle/High School,3.07,,,,,,,,,,,,,0.87,0.97,0.99,8.3,7.3,8,8.1
1114,30Q580,30,Baccalaureate School For Global Education,Baccalaureate School for Global Education,Kelly Joan Johnson,EMS,Middle/High School,3.97,B,55.4,50.6,22.3,C,23.3,A,8.8,B,1,B,B,0.35,0.36,0.97,8.6,6.5,6.9,7.9
1115,30Q580,30,Baccalaureate School For Global Education,Baccalaureate School for Global Education,Kelly Joan Johnson,HS,Middle/High School,3.62,A,71.9,72,42,A,12.9,B,9.5,B,0,B,A,0.35,0.36,0.97,8.6,6.5,6.9,7.9
1116,31R001,31,P.S. 001 Tottenville,P.S. 001 Tottenville,Diane Gordin,EMS,Elementary School,18.88,B,50.6,41.5,21.7,C,18.3,A,7.3,C,3.3,B,B,0.67,1,,8.6,8.1,8.1,8.6
1117,31R002,31,I.S. R002 George L. Egbert,I.S. R002 George L. Egbert,Adrienne Stallone,EMS,Middle School,2.68,C,43.5,21.3,18.8,D,17.1,A,5.2,D,2.3,C,C,0.62,0.84,0.96,6.7,6.4,6.7,7.1
1118,31R003,31,P.S. 003 The Margaret Gioiosa School,P.S. 003 The Margaret Gioiosa School,Judith Wilson,EMS,Elementary School,13.12,C,38,13.1,17,D,11.6,C,7.9,B,1.5,C,C,0.81,0.98,,8.8,7.8,8.3,8.3
1119,31R004,31,P.S. 004 Maurice Wollin,P.S. 004 Maurice Wollin,Mr. Marc A. Harris,EMS,Elementary School,20.85,B,50.2,40.5,31.9,B,9.6,C,4.7,D,3.9,C,C,0.84,0.84,,8.1,7.2,7.4,7.6
1120,31R005,31,P.S. 005 Huguenot,P.S. 005 Huguenot,Lisa Arcuri,EMS,Elementary School,10.89,C,44.8,25.1,18.6,D,13.2,B,12.9,A,0.1,C,C,0.77,1,,9.5,8.9,9.1,9.3
1121,31R006,31,P.S. 6 Corporal Allan F. Kivlehan School,P.S. 6 Corporal Allan F. Kivlehan School,Cynthia Difolco,EMS,Elementary School,16.5,C,25.5,2.1,9.2,F,6.7,D,7.3,C,2.2,C,C,0.62,0.92,,8.6,7.6,8.1,8.2
1122,31R007,31,I.S. 007 Elias Bernstein,I.S. 007 Elias Bernstein,Dr. Nora De Rosa-Karby,EMS,Middle School,3.12,A,65.7,75.7,33.2,B,20.4,A,9.9,A,2.2,B,B,0.85,0.78,0.98,8.2,7.5,8.1,8.4
1123,31R008,31,P.S. 8 Shirlee Solomon,P.S. 8 Shirlee Solomon,Lisa Esposito,EMS,Elementary School,20.06,A,97.6,99.7,55.3,A,24.1,A,11.3,A,6.9,A,A,1,1,,9.3,9,9.1,9.2
1124,31R011,31,P.S. 11 Thomas Dongan School,P.S. 11 Thomas Dongan School,Erica Mattera,EMS,Elementary School,42.53,D,34.5,8.2,16.7,D,6.3,F,8.4,B,3.1,C,B,0.63,0.86,,8.2,7,7.6,7.7
1125,31R014,31,P.S. 014 Cornelius Vanderbilt,P.S. 014 Cornelius Vanderbilt,Nancy Hargett,EMS,Elementary School,61.26,,.,.,.,,.,,.,,.,D,C,0.52,0.41,,7.4,7.3,7.5,7.5
1126,31R016,31,P.S. 016 John J. Driscoll,P.S. 016 John J. Driscoll,Vincenza Gallassio,EMS,Elementary School,61.14,C,46.2,29.7,30.5,B,6.6,D,5.1,D,4,C,C,0.56,0.58,,7.6,7,7.4,7.5
1127,31R018,31,P.S. 018 John G. Whittier,P.S. 018 John G. Whittier,Robert Rodriguez,EMS,Elementary School,62.38,B,52.8,47.7,30.6,B,13.3,B,4.5,D,4.4,C,B,0.78,0.67,,7.7,7.2,7.4,7.3
1128,31R019,31,P.S. 019 The Curtis School,P.S. 019 The Curtis School,Mary Petrone,EMS,Elementary School,52.49,B,52.3,45.4,25.5,C,16.1,A,7.6,B,3.1,A,B,0.61,0.98,,8.1,7.1,7.3,7.7
1129,31R020,31,P.S. 020 Port Richmond,P.S. 020 Port Richmond,Marie Munoz,EMS,Elementary School,63.9,B,49.8,39.5,20.2,D,15.6,B,10.6,A,3.3,C,C,0.8,0.95,,8.3,7.9,8.1,8.1
1130,31R021,31,P.S. 21 Margaret Emery-Elm Park,P.S. 21 Margaret Emery-Elm Park,Gina Moreno,EMS,Elementary School,55.66,B,56.5,57.2,31.4,B,11.4,C,10.6,A,3,C,A,0.9,1,,9.1,8.5,8.8,8.9
1131,31R022,31,P.S. 022 Graniteville,P.S. 022 Graniteville,Melissa Lamb Donath,EMS,Elementary School,49.34,C,39.5,15.7,19.5,D,11.9,C,5.5,C,2.6,C,B,0.52,0.93,,8,6.9,7.3,7.6
1132,31R023,31,P.S. 023 Richmondtown,P.S. 023 Richmondtown,Frank Campagna,EMS,Elementary School,18.53,B,61.5,67.5,32.2,B,15.8,B,9.8,A,3.7,A,B,0.85,0.84,,8.9,8.3,8.5,8.8
1133,31R024,31,I.S. 024 Myra S. Barnes,I.S. 024 Myra S. Barnes,Lenny Santamaria,EMS,Middle School,2.99,C,39.2,13.3,13.3,F,16.9,A,6.6,C,2.4,B,C,0.75,0.81,0.99,7.6,7,7.4,7.8
1134,31R026,31,P.S. 026 The Carteret School,P.S. 026 The Carteret School,Laura Kump,EMS,Elementary School,33.62,C,45.7,27.7,13.4,F,18.4,A,12.7,A,1.2,B,C,0.85,1,,9.2,8.7,8.7,8.9
1135,31R027,31,I.S. 027 Anning S. Prall,I.S. 027 Anning S. Prall,Tracey Kornish,EMS,Middle School,2.56,C,47.3,29,21.6,D,15.7,B,7.7,B,2.3,C,C,0.69,1,0.98,7.3,7,7.3,7.8
1136,31R029,31,P.S. 029 Bardwell,P.S. 029 Bardwell,Mrs. Linda Manfredi,EMS,Elementary School,20.62,B,52.4,45.7,23,C,15.3,B,12.1,A,2,B,C,0.97,0.89,,9.2,8.9,9.1,9.2
1137,31R030,31,P.S. 030 Westerleigh,P.S. 030 Westerleigh,Mrs. Denise N. Spina,EMS,Elementary School,22.33,C,45.4,26.4,26.3,C,13.3,B,3.3,F,2.5,B,C,0.48,0.69,,8.1,6.4,7,7.3
1138,31R031,31,P.S. 031 William T. Davis,P.S. 031 William T. Davis,Patricia Covington,EMS,Elementary School,62.88,C,48.2,36.1,29,C,7.3,D,8.9,B,3,B,B,0.76,0.82,,8.7,8.1,8.3,8.5
1139,31R032,31,P.S. 032 The Gifford School,P.S. 032 The Gifford School,Nancy Spataro,EMS,Elementary School,16.17,C,46.2,29.7,24.1,C,14.2,B,5.2,D,2.7,B,B,0.54,0.74,,7.7,7.4,7.6,7.8
1140,31R034,31,I.S. 034 Tottenville,I.S. 034 Tottenville,John Boyle,EMS,Middle School,3,A,73.4,86.2,40.3,A,20.8,A,9.1,B,3.2,C,A,0.84,1,1,8.2,7.3,7.8,8.2
1141,31R035,31,P.S. 35 The Clove Valley School,P.S. 35 The Clove Valley School,Melissa Garofalo,EMS,Elementary School,23.29,A,78.8,94.9,45.2,A,21.3,A,9.2,B,3.1,C,C,0.92,0.95,,8.9,8.1,8.3,8.6
1142,31R036,31,P.S. 036 J. C. Drumgoole,P.S. 036 J. C. Drumgoole,Barbara Bellafatto,EMS,Elementary School,12.71,C,25.6,2.8,14.8,F,5.7,F,2.8,F,2.2,B,C,0.58,0.76,,7.8,6.4,7,7.2
1143,31R038,31,P.S. 038 George Cromwell,P.S. 038 George Cromwell,Everlidys Robles,EMS,Elementary School,31.03,B,60.5,65.3,32.4,B,19.3,A,5.3,C,3.5,C,B,1,0.65,,8.5,6.8,7.2,7.5
1144,31R039,31,P.S. 39 Francis J. Murphy Jr.,P.S. 39 Francis J. Murphy Jr.,Tracey Wright,EMS,Elementary School,27.18,D,33.7,7.2,12.3,F,10.6,C,9.5,B,1.3,C,C,0.56,0.88,,8.8,7.9,8.4,8.7
1145,31R041,31,P.S. 041 New Dorp,P.S. 041 New Dorp,Elise Feldman,EMS,Elementary School,31.16,C,48.9,37.2,24.4,C,17.2,A,4.3,D,2.9,C,C,0.85,0.72,,7.8,6.9,7.2,7.4
1146,31R042,31,P.S. 042 Eltingville,P.S. 042 Eltingville,Brian Sharkey,EMS,Elementary School,15.8,C,38.2,13.8,15.5,D,11.5,C,9,B,2.2,B,C,0.69,1,,8.6,8.2,8.5,8.7
1147,31R044,31,P.S. 044 Thomas C. Brown,P.S. 044 Thomas C. Brown,Joseph Miller,EMS,Elementary School,64.06,B,50.1,40.2,31.8,B,7.6,D,7,C,3.7,C,C,0.58,0.62,,7.8,7.6,7.8,7.9
1148,31R045,31,P.S. 045 John Tyler,P.S. 045 John Tyler,Christine Chavez,EMS,Elementary School,38.35,C,45.6,27.5,23.4,C,13.9,B,5.6,C,2.6,B,C,0.56,0.73,,7.5,7.3,7.5,7.7
1149,31R046,31,P.S. 046 Albert V. Maniscalco,P.S. 046 Albert V. Maniscalco,Andrea Maffeo,EMS,Elementary School,44.86,C,46.7,31.6,25.1,C,9.2,C,8.4,B,4,B,D,0.72,0.96,,8.5,8,8.1,8.5
1150,31R048,31,P.S. 048 William C. Wilcox,P.S. 048 William C. Wilcox,Jacqueline Mammolito,EMS,Elementary School,18.96,B,52.2,44.9,21.7,C,17.9,A,10,A,2.6,B,B,0.77,0.83,,9.1,8.5,8.8,8.9
1151,31R049,31,I.S. 49 Berta A. Dreyfus,I.S. 49 Berta A. Dreyfus,Linda Hill,EMS,Middle School,2.27,C,47.3,29,24,C,14.6,B,5.5,C,3.2,B,B,0.25,0.82,0.97,6.6,6.3,6.8,7.3
1152,31R050,31,P.S. 050 Frank Hankinson,P.S. 050 Frank Hankinson,Sharon Fine,EMS,Elementary School,15.83,C,42.9,21.8,20.9,D,14.6,B,5.7,C,1.7,B,B,0.67,0.81,,8.4,7.2,7.6,8
1153,31R051,31,I.S. 051 Edwin Markham,I.S. 051 Edwin Markham,Nicholas Mele,EMS,Middle School,2.43,C,50,35.4,24.4,C,15.5,B,7.4,C,2.7,B,B,0.5,0.94,0.96,7.2,7,7.5,7.9
1154,31R052,31,P.S. 052 John C. Thompson,P.S. 052 John C. Thompson,Jane Mccord,EMS,Elementary School,24.15,C,39.1,14.8,22.5,C,7.9,D,5.8,C,2.9,D,C,0.61,0.96,,8.1,7.5,7.8,7.9
1155,31R053,31,P.S. 053 Bay Terrace,P.S. 053 Bay Terrace,Annette Esposito,EMS,Elementary School,17.46,B,51.5,42.6,25.2,C,13.6,B,9.8,A,2.8,B,B,0.91,0.96,,9.1,8.5,8.8,8.9
1156,31R054,31,P.S. 054 Charles W. Leng,P.S. 054 Charles W. Leng,Karen Catanzarolarosa,EMS,Elementary School,27.25,C,45.6,27.5,23.8,C,11.3,C,7.5,B,3,D,C,0.87,0.63,,8.2,7.9,7.9,8.1
1157,31R055,31,P.S. 055 Henry M. Boehm,P.S. 055 Henry M. Boehm,Sharon Fishman,EMS,Elementary School,13.93,C,30.2,4.6,12.9,F,12.3,C,3.4,F,1.6,C,C,0.92,0.96,,7.9,6.5,7.2,7.4
1158,31R056,31,P.S. 56 The Louis Desario School,P.S. 56 The Louis Desario School,Dean Scali,EMS,Elementary School,16.1,C,25.6,2.8,10.9,F,9.2,C,3.4,F,2.1,C,C,0.91,0.62,,7.9,6.8,7.2,7.4
1159,31R057,31,P.S. 057 Hubert H. Humphrey,P.S. 057 Hubert H. Humphrey,Sandra Harrell,EMS,Elementary School,62.37,C,45.2,26.1,26.7,C,8.6,D,5.7,C,4.2,C,A,0.22,0.55,,7.9,7.5,7.8,7.7
1160,31R058,31,Space Shuttle Columbia School,Space Shuttle Columbia School,Roseann Mezzacappa,EMS,Elementary School,26.14,B,55.6,54.4,31.1,B,12.9,B,8.6,B,3,B,C,1,0.98,,8.5,8,8.2,8.5
1161,31R060,31,P.S. 060 Alice Austen,P.S. 060 Alice Austen,Bonnie Ferretti,EMS,Elementary School,28.72,B,52.7,46.6,30.3,B,13.2,B,6.4,C,2.8,D,C,0.71,0.94,,8.5,7.2,7.5,7.9
1162,31R061,31,I.S. 061 William A Morris,I.S. 061 William A Morris,Susan Tronolone,EMS,Middle School,2.47,C,43.3,19.9,21.8,C,13.9,B,4.9,D,2.7,C,C,0.51,0.99,0.9,6.2,6.4,6.9,7.4
1163,31R063,31,Marsh Avenue School For Expeditionary Learning,Marsh Avenue School for Expeditionary Learning,Jessica Jenkins-Milona,EMS,Middle School,2.88,A,76.7,89.2,39.3,A,20.4,A,13.1,A,3.9,B,B,0.92,1,0.87,8.7,8.2,8.6,8.7
1164,31R065,31,P.S. 65 The Academy Of Innovative Learning,P.S. 65 The Academy of Innovative Learning,Sophie Scamardella,EMS,Elementary School,39.84,A,68.6,84.4,31.1,B,22.8,A,13.5,A,1.2,B,.,0.78,0.9,,8.8,9,8.9,9.2
1165,31R069,31,P.S. 069 Daniel D. Tompkins,P.S. 069 Daniel D. Tompkins,Doreen Murphy,EMS,Elementary School,21.88,C,32,5.9,11.9,F,8.6,D,9.8,A,1.7,C,C,0.96,1,,8.8,8.3,8.6,8.7
1166,31R072,31,I.S. 072 Rocco Laurie,I.S. 072 Rocco Laurie,Peter Macellari,EMS,Middle School,2.68,C,51.2,39,22.9,C,19.2,A,6.7,C,2.4,B,B,0.7,1,0.95,7,7,7.2,7.8
1167,31R075,31,I.S. 075 Frank D. Paulo,I.S. 075 Frank D. Paulo,Mark Cannizzaro,EMS,Middle School,2.95,B,63.5,70.2,31.6,B,20.6,A,9.2,B,2.1,B,B,0.81,0.57,0.94,8,7.2,7.8,8.2
1168,31R080,31,The Michael J. Petrides School,The Michael J. Petrides School,Joanne Buckheit,EMS,Elementary/Middle/High School,25.4,C,49.4,36.3,24.7,C,15,B,6.8,C,2.9,C,C,0.37,0.67,0.96,7.6,6.9,7.5,7.7
1169,31R080,31,The Michael J. Petrides School,The Michael J. Petrides School,Joanne Buckheit,HS,Elementary/Middle/High School,2.34,A,71.3,70.1,33.1,B,16.1,A,9.2,B,3.6,A,A,0.37,0.67,0.96,7.6,6.9,7.5,7.7
1170,31R861,31,Staten Island School Of Civic Leadership,Staten Island School of Civic Leadership,Rose Kerr,EMS,Elementary/Middle School,38.67,A,66.2,81.3,32.8,B,17.9,A,11.1,A,4.4,A,.,0.74,0.9,0.9,8.5,8,8.3,8.8
1171,32K045,32,P.S. 045 Horace E. Greene,P.S. 045 Horace E. Greene,Tracey Lott-Davis,EMS,Elementary School,60.14,B,59.9,63.9,32.7,B,15.3,B,8.8,B,3.1,B,A,0.78,0.93,1,8.2,7.7,8.4,8.7
1172,32K075,32,P.S. 075 Mayda Cortiella,P.S. 075 Mayda Cortiella,Yolanda Williams,EMS,Elementary School,61.93,C,42.4,20.3,24.6,C,10.8,C,3.7,F,3.3,B,C,0.78,0.92,,7.5,6.8,7.2,7.4
1173,32K086,32,P.S. 086 The Irvington,P.S. 086 The Irvington,Mabel Sarduy,EMS,Elementary School,63.12,B,62.4,70.3,30.8,B,16.8,A,12.3,A,2.5,B,C,0.89,0.94,,8.6,8.1,8.5,8.6
1174,32K106,32,P.S. 106 Edward Everett Hale,P.S. 106 Edward Everett Hale,Robert Flores,EMS,Elementary School,61.94,A,65.7,77.7,41.3,A,12.4,B,8.3,B,3.7,C,B,0.71,0.81,,8.1,7.7,8,8.2
1175,32K116,32,P.S. 116 Elizabeth L Farrell,P.S. 116 Elizabeth L Farrell,Seiw Kong,EMS,Elementary School,64.59,A,66.7,79.8,37.9,B,16.4,A,8.3,B,4.1,A,A,0.81,0.79,,8,7.5,7.7,7.7
1176,32K123,32,P.S. 123 Suydam,P.S. 123 Suydam,Veronica Greene,EMS,Elementary School,62.13,B,52.1,44.6,24.6,C,16.5,A,8,B,3,B,C,0.88,1,,8.1,7.4,7.7,7.8
1177,32K145,32,P.S. 145 Andrew Jackson,P.S. 145 Andrew Jackson,Lucia Perez-Medina,EMS,Elementary School,63.42,B,60.7,65.9,35.8,B,15.2,B,7,C,2.7,C,B,0.63,1,,8.2,7.3,7.5,7.6
1178,32K151,32,P.S. 151 Lyndon B. Johnson,P.S. 151 Lyndon B. Johnson,Maria Anaya,EMS,Elementary School,61.87,C,37.3,12,19.4,D,9.8,C,5.7,C,2.4,D,C,0.76,0.85,,8,6.9,7.2,7.5
1179,32K162,32,J.H.S. 162 The Willoughby,J.H.S. 162 The Willoughby,Barbara Demartino,EMS,Middle School,2.26,B,60.9,63.3,37.8,B,14.1,B,5.4,C,3.6,C,C,0.41,0.91,0.91,6.8,6.4,6.6,7
1180,32K274,32,P.S. 274 Kosciusko,P.S. 274 Kosciusko,Maritza Ollivierra-Jones,EMS,Elementary School,64.34,B,61.6,68.5,32.7,B,15,B,11.7,A,2.2,C,A,0.66,0.98,,9,8.3,8.6,8.7
1181,32K291,32,J.H.S. 291 Roland Hayes,J.H.S. 291 Roland Hayes,Jacqueline Rosado,EMS,Middle School,2.3,C,38.6,11.9,22.7,C,7.8,D,5.3,D,2.8,C,C,0.46,0.94,0.81,6.5,6.8,7,7.4
1182,32K296,32,I.S. 296 - The Anna Gonzalez Community School,J.H.S. 296 The Halsey School,Maria Barreto,EMS,Middle School,2.44,,.,.,.,,.,,.,,.,F,C,0.02,0.95,0.56,5.4,5.9,6.1,6.6
1183,32K299,32,P.S. 299 Thomas Warren Field,P.S. 299 Thomas Warren Field,Wilma Kanova Kirk,EMS,Elementary School,66.94,A,68.8,84.6,40.4,A,15.6,B,9.3,B,3.5,D,B,1,0.94,,8.3,8,8.2,8.2
1184,32K347,32,I.S. 347 School Of Humanities,I.S. 347 School of Humanities,John Barbella,EMS,Middle School,2.45,C,46.7,27.4,25.9,C,11.9,C,6.5,C,2.4,C,C,0.4,0.74,0.86,7,6.6,7.1,7.5
1185,32K349,32,"I.S. 349 Math, Science & Tech.","I.S. 349 Math, Science & Tech.",Rogelio Parris,EMS,Middle School,2.58,D,23.2,3,2.8,F,9.8,C,8,B,2.6,C,C,0.48,0.95,0.79,7.4,6.8,7.2,7.7
1186,32K376,32,P.S. 376,P.S. 376,Maria Vera,EMS,Elementary School,64.26,C,42.1,20,17.6,D,13.2,B,9.3,B,2,C,B,0.99,0.93,,8.4,7.4,7.7,7.9
1187,32K377,32,P.S. 377 Alejandrina B. De Gautier,P.S. 377 Alejandrina B. De Gautier,Dominic Zagami,EMS,Elementary/Middle School,60.61,C,39,12.5,21.8,D,10.6,C,3.8,F,2.8,F,B,0.39,0.69,0.94,6.4,6.4,6.6,7.2
1188,32K383,32,J.H.S. 383 Philippa Schuyler,J.H.S. 383 Philippa Schuyler,Barbara Sanders,EMS,Middle School,3.59,C,26,4.1,3.8,F,14.8,B,6.1,C,1.3,B,C,0.42,0.4,0.96,7.4,6.6,7.1,7.5
1189,32K384,32,P.S. /I.S. 384 Frances E. Carter,P.S. /I.S. 384 Frances E. Carter,Brunhilda Perez,EMS,Elementary/Middle School,62.4,A,64.9,76.9,31.1,B,18.2,A,12.7,A,3,B,A,0.88,1,0.98,8.1,7.6,8.1,8.3
1190,32K554,32,All City Leadership Secondary School,All City Leadership Secondary School,Elvis Estevez,EMS,Middle/High School,3.48,C,36.9,10.5,4.8,F,16.4,A,14.7,A,1,A,C,0.46,1,0.8,9.5,8.6,9.1,9.2
1191,32K554,32,All City Leadership Secondary School,All City Leadership Secondary School,Elvis Estevez,HS,Middle/High School,2.68,A,78.5,86.2,40.3,A,15,A,14.8,A,1.3,A,A,0.46,1,0.8,9.5,8.6,9.1,9.2
1192,84K355,84,Williamsburg Collegiate Charter School,Williamsburg Collegiate Charter School,J.T. Leaird/Maya Roth,EMS,Middle School,2.77,A,94.1,98.9,52.2,A,22.7,A,14.3,A,5,A,A,0.73,0.96,0.98,8.8,8.2,8.6,9.2
1193,84K356,84,Achievement First Crown Heights Charter School,Achievement First- Crown Heights Charter School,Camilla Lopez/Wells Blancha,EMS,Elementary/Middle School,49.61,A,75,92.5,42.5,A,19.7,A,9.7,A,3.1,A,C,0.07,0.29,0.96,7.7,7,7.2,8
1194,84K357,84,Kipp Amp Charter School,KIPP AMP Charter School,Ky Adderley/Natalie Webb,EMS,Middle School,2.47,A,75.1,88.1,44.9,A,17.3,A,8.1,B,4.8,B,C,0.32,1,0.94,7.3,7.1,6.9,7.7
1195,84K358,84,Achievement First East New York Charter School,Achievement First East New York School,Hilary Cymrot/David Hardy,EMS,Elementary/Middle School,50.91,B,52.7,43.1,22.1,D,19.5,A,9.8,A,1.3,A,C,0.43,0.69,0.83,7.5,7,7.2,8
1196,84K359,84,The Uft Charter School,The Uft Charter School,Michelle Bodden-White,EMS,Elementary/Middle/High School,51.75,D,32,5,14.9,F,9,D,6.2,C,1.9,C,D,0.36,0.13,0.83,6.9,6.7,6.8,7.3
1197,84K359,84,The Uft Charter School,The Uft Charter School,Michelle Bodden-White,HS,Elementary/Middle/High School,2.45,,,,,,,,,,,,,0.36,0.13,0.83,6.9,6.7,6.8,7.3
1198,84K362,84,Hellenic Classical Charter School,Hellenic Classical Charter School,Christina Tettonis,EMS,Elementary/Middle School,39.89,A,72.9,88.8,36.9,B,20.3,A,12.9,A,2.8,B,C,0.73,1,0.95,8.2,8.2,8.6,8.8
1199,84K386,84,Invictus Preparatory Charter School,Invictus Preparatory Charter School,Cliff Thomas,EMS,Middle School,2.53,,.,.,.,,.,,.,,.,.,.,0.18,0.27,,8.4,8,7.3,8
1200,84K508,84,Achievement First Endeavor Charter School,Achievement First Endeavor Charter School,Tom Kaiser/Paul Adler,EMS,Elementary/Middle School,2.69,A,79.5,92.5,44,A,19.4,A,11.8,A,4.3,A,C,0.64,0.93,0.97,8.1,7.5,7.2,8.3
1201,84K517,84,Leadership Prep Bedford Stuyvesant Charter School,Leadership Prep Bedford Stuyvesant Charter Schoo,Sultanna Noormuhammad/Owen,EMS,Elementary School,49.91,B,53.8,50.3,21.5,C,20,A,11.6,A,0.7,B,B,0.47,0.91,1,8.3,7.9,8.2,8.9
1202,84K536,84,Community Roots Charter School,Community Roots Charter School,Allison Keil/Sara Stone,EMS,Elementary School,28.45,C,47.3,33.3,17.3,D,15.4,B,12.8,A,1.8,C,F,0.73,1,,8.9,9,9.1,9.1
1203,84K538,84,Achievement First Bushwick Charter School,Achievement First Bushwick Charter School,Amy D'angelo/Stacey M. Park,EMS,Elementary/Middle School,53.24,A,91.9,100,54.9,A,21,A,12.2,A,3.8,A,B,0.39,0.47,0.92,8.3,7.6,7.7,8.4
1204,84K593,84,Excellence Boys Charter School Of Bedford Stuyvesa,Excellence Charter School of Bedford Stuyvesant,Jabali Sawicki/?,EMS,Elementary/Middle School,47.71,C,50.4,38.2,16.8,F,21,A,9.9,A,2.7,A,C,0.46,1,1,7.9,7.4,7.3,8.4
1205,84K608,84,Kings Collegiate Charter School,Kings Collegiate Charter School,Scott Schuster/Maya Roth,EMS,Middle School,2.84,B,60.6,62.4,27.7,C,19.1,A,11.3,A,2.5,B,A,0.78,0.96,0.96,7.7,7.6,7.4,8.3
1206,84K626,84,Achievement First Brownsville Charter School,ACHIEVEMENT FIRST BROWNSVILLE CHARTER SCHOOL,Gina Ribeiro,EMS,Elementary School,50.38,A,69.7,86.2,36.2,B,21.8,A,11,A,0.7,B,.,0.49,0.92,,8.5,7.9,7.7,8.4
1207,84K648,84,Bedford Stuyvesant Collegiate Charter School,Bedford Stuyvesant Collegiate Charter School,Mabel Lajes-Guiteras,EMS,Middle School,2.77,A,73.8,86.7,36.4,B,20.3,A,13.9,A,3.2,A,A,0.46,0.96,1,8.6,8.3,8.5,9
1208,84K649,84,La Cima Charter School,La Cima Charter School,Andrea Zayas,EMS,Elementary School,58.18,B,54.3,51.6,31,B,13,B,9,B,1.2,D,.,0.99,1,,8.2,7.6,7.4,7.7
1209,84K651,84,Pave Academy Charter School,PAVE Academy Charter School,Spencer Robertson/Jeremy Ab,EMS,Elementary School,51.36,A,69.6,86.1,34.8,B,21.7,A,10.2,A,2.9,C,.,0.81,0.95,,8.7,7.9,7.8,8.5
1210,84K652,84,Brooklyn Ascend Charter School,Brooklyn Ascend Charter School,Brandon Sorlie,EMS,Elementary School,48.71,A,74.6,91.8,43.1,A,20.1,A,9.6,B,1.8,C,B,0.66,0.8,,8.4,7.7,7.5,8.1
1211,84K701,84,Brooklyn Charter School,Brooklyn Charter School,Omigbade Escayg,EMS,Elementary School,52.38,A,74.9,92.3,41.8,A,21.6,A,10.4,A,1.1,A,D,0.64,0.94,,8.6,8.3,8.1,8.4
1212,84K702,84,Community Partnership Charter School,Community Partnership Charter,Melaine Bryon,EMS,Elementary/Middle School,48.59,B,59,63.8,32.1,B,17,A,8.3,B,1.6,B,B,0.68,1,0.97,7.3,7.4,7.4,7.8
1213,84K703,84,Beginning With Children Charter School,Beginning With Children Charter School,Les King/Dionne Jaggon,EMS,Elementary/Middle School,52.35,B,55.4,55.6,32.7,B,11.4,C,7.7,B,3.6,C,C,0.7,0.74,0.89,7.4,6.8,7,7.4
1214,84K704,84,Explore Charter School,Explore Charter School,Tracy Rebe,EMS,Elementary/Middle School,50.93,A,88.8,98.8,56.4,A,19.1,A,9.5,B,3.8,C,B,0.68,1,0.96,7.6,7.2,7.1,7.8
1215,84K707,84,Brooklyn Prospect Charter School,Brooklyn Prospect Charter School,Lanolia Omowanile,EMS,Middle School,2.96,B,62.1,67.8,27.9,C,19.1,A,11.5,A,3.6,A,.,0.63,0.85,0.95,8.2,7.8,8,8.4
1216,84K710,84,Brownsville Collegiate Charter School,Brownsville Collegiate Charter School,Jessica Simmons,EMS,Middle School,2.63,A,95.2,99.5,54.8,A,21.7,A,13.6,A,5.1,A,.,0.64,0.95,0.95,8.1,7.8,8.1,8.6
1217,84K726,84,Fahari Academy Charter School,Fahari Academy Charter School,Catina Venning,EMS,Middle School,2.63,C,42.7,18.5,19.5,D,12.4,C,8.3,B,2.5,D,.,0.79,0.92,0.79,7.2,6.8,6.7,7.1
1218,84K730,84,Summit Academy Charter School,Summit Academy Charter School,Shahara Jackson,EMS,Middle School,2.31,B,52.8,44.8,28.4,C,14.4,B,5.9,C,4.1,C,.,0.27,0.77,0.52,7.5,6.9,7.1,7.6
1219,84K731,84,Brooklyn Excelsior Charter,Brooklyn Excelsior Charter,Tom Demarco,EMS,Elementary/Middle School,51.97,B,56.6,58.8,27.7,C,20,A,6.5,C,2.4,B,A,0.25,0.81,0.95,6.8,6.5,6.7,7.2
1220,84K740,84,Brooklyn Scholars Charter School,Brooklyn Scholars Charter School,Desiree Kirton,EMS,Elementary School,52.29,C,46.7,31.6,25.8,C,13.3,B,6.8,C,0.8,B,.,0.23,0.16,1,7.5,6.8,7.1,8
1221,84K742,84,Explore Empower Charter School,Explore Empower Charter School,Beth Doyle,EMS,Elementary School,54.39,C,41.9,19.2,14.2,F,16.5,A,10.2,A,1,B,.,0.88,1,,8.4,8.1,7.7,8.1
1222,84K744,84,Coney Island Preparatory Public Charter School,Coney Island Preparatory Public Charter School,Jacob Mnookin,EMS,Middle School,2.52,A,82.6,93.9,44.8,A,20.5,A,13,A,4.3,A,.,0.88,1,0.99,8.3,7.7,8,8.7
1223,84K777,84,Ocean Hill Collegiate Charter School,Ocean Hill Collegiate Charter School,Hannah Solomon,EMS,Middle School,2.69,A,99.1,99.7,58,A,23.2,A,14.7,A,3.2,.,.,0.8,0.92,0.92,8.9,8,8.4,9.1
1224,84K780,84,Brooklyn East Collegiate Charter School,Brooklyn East Collegiate Charter School,Eric Green,EMS,Middle School,2.66,A,83.4,94.5,43.1,A,23.1,A,14.4,A,2.8,.,.,0.89,0.92,0.93,8.7,8.3,8.6,9.1
1225,84K782,84,Bedford Stuyvesant New Beginnings Charter School,Bedford Stuyvesant New Beginnings Charter School,Joshua Morales/Karen Jones,EMS,Elementary School,58.35,B,58.6,61.2,30.7,B,17.1,A,9.9,A,0.9,.,.,0.82,0.96,,8.6,8.4,8.2,8.3
1226,84K791,84,Brooklyn Dreams Charter School,Brooklyn Dreams Charter School,Yvette Wilds,EMS,Elementary School,52.85,B,52.8,47.7,28.1,C,10.6,C,11.8,A,2.3,.,.,0.2,0.13,,8.8,8.2,8.3,8.2
1227,84M279,84,The Opportunity Charter School,The Opportunity Charter School,Marya Baker,EMS,Middle/High School,1.47,C,41.6,17.4,24.4,C,7.6,D,5.8,C,3.8,B,C,0.46,0.63,0.79,6.2,6.3,6.3,6.4
1228,84M279,84,The Opportunity Charter School,The Opportunity Charter School,Marya Baker,HS,Middle/High School,0.66,,,,,,,,,,,,,0.46,0.63,0.79,6.2,6.3,6.3,6.4
1229,84M284,84,Harlem Children'S Zone Promise Academy Charter Sch,Harlem Children's Zone/Promise Academy Charter S,Tonya White/Shakira Petit,EMS,Elementary/Middle/High School,51.22,B,53.4,47.5,28.2,C,14.4,B,9.1,B,1.7,C,B,0.69,0.97,0.9,7.6,7.4,7.4,7.9
1230,84M284,84,Harlem Children'S Zone Promise Academy Charter Sch,Harlem Children's Zone/Promise Academy Charter School,Tonya White/Shakira Petit,HS,Elementary/Middle/High School,2.49,A,92.7,98.6,53.1,A,19.6,A,9.9,B,3.1,,,0.69,0.97,0.9,7.6,7.4,7.4,7.9
1231,84M320,84,Manhattan Charter School,Manhattan Charter School,Genie Depolo,EMS,Elementary School,52.38,B,53.9,50.5,22.4,C,20.9,A,8.6,B,2,A,B,0.89,0.97,,8.6,7.7,7.9,8.1
1232,84M329,84,Harlem Link Charter School,Harlem Link Charter School,Steven Evangelista/Margaret,EMS,Elementary School,55.77,A,67,80.5,39.4,A,18.7,A,6.6,C,2.3,C,D,0.52,0.61,,8,7.5,7.2,7.7
1233,84M330,84,Girls Preparatory Charter School Of New York,Girls Preparatory Charter School of New York,Anne Lackritz/Ian Rowe,EMS,Elementary/Middle School,45.97,B,55.1,54.4,27.1,C,18.3,A,7.8,B,1.9,C,C,0.88,1,1,7.7,7.4,7.3,7.9
1234,84M335,84,Harlem Village Academy Leadership Charter School,Harlem Village Academies Leadership Charter Scho,Lisa Fromelt,EMS,Middle School,2.81,B,61.5,66.3,23.6,C,21,A,14.2,A,2.7,A,A,0.71,1,0.87,8.7,8,8.2,8.7
1235,84M336,84,Kipp Infinity Charter School,KIPP Infinity Charter School,Joseph Negron/Natalie Webb,EMS,Elementary/Middle School,2.47,A,87.7,96.4,48.7,A,21,A,12.6,A,5.4,A,A,0.59,0.71,0.88,8.2,7.9,8,8.5
1236,84M341,84,Harlem Children'S Zone Promise Academy Ii,Harlem Children's Zone/Promise Academy II,Kathleen Fernald/Sheryl Rag,EMS,Elementary/Middle School,51.57,C,46.3,30,19.1,D,19,A,6.9,C,1.3,B,C,0.94,0.96,1,6.9,6.7,7.1,7.7
1237,84M350,84,Democracy Preparatory Charter School,Democracy Preparatory Charter School,Lisa Friscia/William Cooke,EMS,Middle/High School,2.53,A,76.6,89,44.3,A,16.5,A,11.8,A,4,A,A,0.72,1,0.91,7.9,7.5,7.5,8.2
1238,84M350,84,Democracy Preparatory Charter School,Democracy Preparatory Charter School,Lisa Friscia/William Cooke,HS,Middle/High School,2.9,,,,,,,,,,,,,0.72,1,0.91,7.9,7.5,7.5,8.2
1239,84M351,84,Harlem Success Academy 1 Charter School,Harlem Success Academy 1 Charter School,Jackie Albers,EMS,Elementary School,52.25,A,85.9,97.9,48.9,A,24.9,A,9.9,A,2.1,A,A,1,1,1,7.8,7.4,7.6,8.3
1240,84M353,84,New Heights Academy Charter School,New Heights Academy Charter School,Lisa Hackett/Robert Parkes,EMS,Middle/High School,2.66,B,51.8,40.9,26.4,C,13.2,B,9,B,3.2,B,C,0.63,1,0.94,7.3,6.7,7,7.5
1241,84M353,84,New Heights Academy Charter School,New Heights Academy Charter School,Robert Parkes/Leslie Ford,HS,Middle/High School,2.26,A,71,68.9,39,A,14.3,A,9.1,B,4.2,A,A,0.63,1,0.94,7.3,6.7,7,7.5
1242,84M382,84,Dream Charter School,DREAM Charter School,Eve Colavito,EMS,Elementary School,57.11,A,68.5,83.9,39.6,A,14.7,B,10,A,4.2,C,.,0.91,1,,8.5,8.3,8.2,8.4
1243,84M384,84,Harlem Success Academy 2 Charter School,Harlem Success Academy 2 Charter School,Jim Manly,EMS,Elementary School,53.27,A,95.3,99,58.2,A,24.8,A,10.1,A,2,A,.,0.79,1,,8,7.9,7.7,8.2
1244,84M385,84,Harlem Success Academy 3 Charter School,Harlem Success Academy 3 Charter School,Richard Seigler,EMS,Elementary School,53.46,A,88.3,98.5,54.4,A,24.9,A,7.6,B,1.4,A,.,0.9,0.83,,7.6,7,7,7.7
1245,84M386,84,Harlem Success Academy 4 Charter School,Harlem Success Academy 4 Charter School,Danique Loving,EMS,Elementary School,54.28,A,85.5,97.5,47.1,A,25,A,10.9,A,2.5,A,.,0.92,1,,8.2,8.1,7.7,8.5
1246,84M388,84,St. Hope Leadership Academy Charter School,St. HOPE Leadership Academy Charter School,Ventura Rodriguez,EMS,Middle School,2.42,B,64.5,73.2,35.6,B,12.3,C,13.4,A,3.1,C,B,0.97,1,0.98,8.5,8,8.2,8.6
1247,84M430,84,The Equity Project Charter School (Tep),The Equity Project Charter School (TEP),Zeke Vanderhoek,EMS,Middle School,2.45,A,77.8,90.3,43.7,A,17,A,12.6,A,4.5,B,.,0.95,1,0.97,8,7.6,8.1,8.3
1248,84M478,84,Inwood Academy For Leadership Charter School,Inwood Academy for Leadership Charter School,Christina Reyes,EMS,Middle School,2.48,A,80.7,93.1,46.2,A,17.9,A,12.7,A,3.9,.,.,0.88,1,0.98,8.4,7.5,8.3,8.5
1249,84M481,84,Democracy Preparatory Harlem Charter School,Democracy Preparatory Harlem Charter School,Emmanuel George,EMS,Middle School,2.47,A,83.5,94.8,50.6,A,17.7,A,12.1,A,3.1,.,.,0.7,1,0.96,8.1,7.7,7.6,8.5
1250,84M524,84,Innovate Manhattan Charter School,Innovate Manhattan Charter School,Peg Hoey,EMS,Middle School,2.43,,.,.,.,,.,,.,,.,.,.,0.38,0.6,0.85,6.5,6.1,6.3,6.5
1251,84M702,84,Sisulu-Walker Charter School Of Harlem,The Sisulu-Walker Charter School of Harlem,Dawn Cejas,EMS,Elementary School,53.41,C,38.5,14.4,19.4,D,13.2,B,4.1,D,1.8,C,C,0.8,0.69,,7.6,7.1,7.4,7.2
1252,84M704,84,Harbor Science And Arts Charter School,Harbor Sciences and Arts Charter School,Joanne Hunt,EMS,Elementary/Middle School,45.54,B,53.4,47.5,23.5,C,19.1,A,9.2,B,1.6,B,C,0.36,0.88,0.99,8.6,7.9,8.2,8.5
1253,84M705,84,Amber Charter School,Amber Charter School,Vasthi Acosta,EMS,Elementary School,53.62,B,53.2,48.7,26.5,C,16.2,A,9.4,B,1.1,B,C,0.77,1,,8.7,7.9,8.1,8.3
1254,84M708,84,Harlem Prep Charter School,Harlem Day Charter School,Katie Duffy,EMS,Elementary School,60.4,A,79.7,95.9,45.7,A,20.2,A,10.8,A,3,D,C,0.75,1,,8.6,7.7,7.6,8.3
1255,84M709,84,Harlem Village Academy Charter School,Harlem Village Academy Charter School,Laurie Warner/Jason Epting,EMS,Middle School,2.51,A,79,91.7,41.3,A,21.4,A,12.1,A,4.2,A,B,0.93,0.96,0.98,8.2,7.3,7.7,8.3
1256,84M726,84,Kipp S.T.A.R. Charter School,KIPP S.T.A.R. Charter School,Orpheus Williams/Natalie We,EMS,Elementary/Middle School,2.49,B,60.2,61.3,27.3,C,17.4,A,11.8,A,3.7,B,B,0.39,0.13,0.93,7.6,7.3,7.4,8
1257,84M861,84,Future Leaders Institute Charter School,Future Leaders Institute Charter School,Ismael Colon,EMS,Elementary/Middle School,50.51,B,52.7,43.1,36.2,B,8.4,D,5.8,C,2.3,F,D,0.28,0.88,0.97,7.3,7.3,7.2,7.7
1258,84Q170,84,Peninsula Preparatory Academy Charter School,Peninsula Preparatory Academy Charter School,Ericka K. Wala,EMS,Elementary School,48.86,B,53.6,49.5,26.7,C,13.1,B,12.3,A,1.5,C,C,1,0.96,,8.7,8.5,8.6,8.8
1259,84Q304,84,Voice Charter School Of New York,VOICE Charter School of New York,Frank Headley,EMS,Elementary School,43.54,B,53.5,49.3,26.6,C,14.7,B,10.4,A,1.8,B,.,0.67,0.58,,8.5,8.1,8.2,8.4
1260,84Q341,84,Riverton Street Charter School,Riverton Street Charter School,Verone Kennedy,EMS,Elementary School,49.16,A,72.1,89.2,38.1,B,18,A,14.7,A,1.3,.,.,0.84,1,,9.4,9.2,9.1,9.3
1261,84Q704,84,Merrick Academy - Queens Public Charter School,Merrick Academy Charter School,Raquel Pottinger-Bird,EMS,Elementary School,43.27,B,58.3,60.7,31.1,B,16.6,A,9.3,B,1.3,F,C,0.34,0.82,1,7.8,7.4,7.7,8.1
1262,84Q705,84,"Renaissance Charter School, The","Renaissance Charter School, The",Stacey Gauthier,EMS,Elementary/Middle/High School,32.45,B,54.9,51.9,28.3,C,16.9,A,6.5,C,3.2,C,B,0.64,0.87,0.99,7.5,6.6,7.2,7.3
1263,84Q705,84,"Renaissance Charter School, The","Renaissance Charter School, The",Stacey Gauthier,HS,Elementary/Middle/High School,2.59,B,68.8,62.8,35.5,B,14.3,A,9.8,B,2,B,B,0.64,0.87,0.99,7.5,6.6,7.2,7.3
1264,84Q706,84,Our World Neighborhood Charter School,Our World Neighborhood Charter,Brian Ferguson,EMS,Elementary/Middle School,26.28,C,51.2,39.4,24.3,C,16.7,A,7.9,B,2.3,B,C,0.36,0.56,0.99,7.9,7.1,7.5,7.9
1265,84R067,84,John W. Lavelle Preparatory Charter School,John W. Lavelle Preparatory Charter School,Evelyn Finn,EMS,Middle School,2.3,B,61.9,67.1,25.8,C,18.4,A,12.7,A,5,A,.,0.92,1,0.99,8.1,7.9,8.1,8.5
1266,84R073,84,New World Preparatory Charter School,New World Preparatory Charter School,Jamie V. Esperon,EMS,Middle School,2.3,C,43,19.6,12.6,F,17.5,A,9.8,A,3.1,.,.,0.52,0.93,0.93,7.1,6.9,7.4,7.7
1267,84X165,84,Grand Concourse Charter School,Grand Concourse Charter School,Ira Victor,EMS,Elementary School,57.86,A,66.6,79.3,32.8,B,20.4,A,11.4,A,2,B,B,0.89,1,,8.8,8.4,8.4,8.6
1268,84X185,84,Bronx Lighthouse Charter School,The Bronx Lighthouse Charter School,Meghan Kimpton (K-4)/Richar,EMS,Elementary/Middle/High School,52.67,D,35.9,8.1,13.8,F,12.5,C,8.1,B,1.5,D,B,0.45,0.86,0.94,7.3,7,6.8,7.3
1269,84X185,84,Bronx Lighthouse Charter School,The Bronx Lighthouse Charter School,Meghan Kimpton (K-4)/Richard Burke (5-8),HS,Elementary/Middle/High School,2.5,,,,,,,,,,,,,0.45,0.86,0.94,7.3,7,6.8,7.3
1270,84X255,84,Bronx Charter School For Excellence,Bronx Charter School for Excellence,Charlene Reid,EMS,Elementary/Middle School,44.03,A,71.5,86.9,30.7,C,24.8,A,12.4,A,3.5,A,A,0.65,1,0.99,8.4,7.9,8,8.6
1271,84X309,84,South Bronx Charter School For International Cultu,South Bronx Charter School For Int'L Culture & T,Evelyn Hey,EMS,Elementary School,57.69,A,67.4,81.5,35.6,B,20,A,10.1,A,1.7,B,A,0.9,1,,8.7,8.4,8.4,8.7
1272,84X345,84,Hyde Leadership Charter School,Hyde Leadership Charter School,Betsy Olney,EMS,Elementary/Middle/High School,55.24,D,37.4,9.4,11.2,F,13.6,B,9.6,A,3,B,C,0.72,0.96,0.95,7.6,7,7.3,7.6
1273,84X345,84,Hyde Leadership Charter School,Hyde Leadership Charter School,Betsy Olney,HS,Elementary/Middle/High School,2.32,,,,,,,,,,,,,0.72,0.96,0.95,7.6,7,7.3,7.6
1274,84X346,84,South Bronx Classical Charter School,South Bronx Classical Charter School,Lester Long,EMS,Elementary School,52.58,A,97.4,99.5,59.4,A,25,A,11,A,1.9,A,D,1,1,,8.4,7.9,7.6,8.3
1275,84X378,84,Icahn Charter School 2,Icahn Charter School 2,Brenda Carrasquillo,EMS,Elementary School,45.46,A,79.3,95.6,41.9,A,24.8,A,12.3,A,0.2,A,C,0.66,1,0,9.2,8.7,8.3,9.1
1276,84X389,84,Bronx Global Learning Institute For Girls Charter,Bronx Global Learning Institute for Girls Charte,Celia Domenech,EMS,Elementary School,52.9,A,69.4,85.7,40.1,A,19.1,A,9.4,B,0.8,C,.,0.78,1,,8.4,7.7,7.9,8.1
1277,84X394,84,Mott Haven Academy Charter School,Mott Haven Academy Charter School,Jessica Nauiokas,EMS,Elementary School,63.43,D,31,5.3,12.6,F,8.1,D,8.9,B,1.4,D,.,0.78,1,,8.3,7.7,8,7.9
1278,84X398,84,Bronx Community Charter School,Bronx Community Charter School,Martha Andrews/Sasha Wilson,EMS,Elementary School,49.18,D,26.3,3,6.9,F,7.1,D,10.5,A,1.7,C,.,0.83,0.96,,8.5,8.2,8.6,8.4
1279,84X407,84,Bronx Charter School For Children,Bronx Charter School for Children,Doreen C. Land,EMS,Elementary School,58.37,B,58.7,61.3,31,B,15.8,B,9.6,B,2.3,D,C,0.39,0.68,,8.4,7.4,7.2,7.4
1280,84X419,84,Bronx Academy Of Promise Charter School,Bronx Academy of Promise Charter School,Catherine Jackvony,EMS,Elementary School,56.81,A,74.3,91.5,42.9,A,15.5,B,12.4,A,3.5,F,B,0.76,0.97,,9.1,8.7,8.7,8.7
1281,84X422,84,Icahn Charter School 3,Icahn Charter School 3,Midga Agosto,EMS,Elementary School,53.28,A,71.6,88,37,B,21.9,A,10.7,A,2,D,A,0.57,0.91,,7.9,8.1,7.9,8.5
1282,84X482,84,Dr. Richard Izquierdo Health And Science Charter S,Dr. Izquierdo Health and Science Charter School,Frank Steele,EMS,Middle School,2.6,F,18.3,1.4,3.9,F,6.3,D,7.1,C,1,.,.,0.76,0.56,0.95,7.3,6.7,7.1,7.4
1283,84X488,84,The Equality Charter School,The Equality Charter School,Caitlin Franco,EMS,Middle School,2.37,A,88.4,96.7,49.4,A,20.6,A,13.6,A,4.8,C,.,0.81,0.89,1,8.3,8.1,8.2,8.7
1284,84X496,84,Icahn Charter School 4,Icahn Charter School 4,Michelle Allen,EMS,Elementary School,55.64,A,99.3,99.8,57.1,A,25,A,13.4,A,3.7,A,.,0.85,0.93,,9.1,8.8,8.6,9.2
1285,84X703,84,Bronx Preparatory Charter School,Bronx Prep Charter School,Jacqueline King-Robinson,EMS,Middle/High School,2.72,D,31.1,7.2,11.5,F,8.4,D,8.4,B,2.8,C,C,0.27,0.78,0.79,7.4,6.5,7.1,7.2
1286,84X703,84,Bronx Preparatory Charter School,Bronx Prep Charter School,Jacqueline King-Robinson,HS,Middle/High School,2.79,D,43.2,5.1,18.5,F,8.8,D,9.9,B,2.4,C,C,0.27,0.78,0.79,7.4,6.5,7.1,7.2
1287,84X704,84,Kipp Academy Charter School,KIPP Academy Charter School,Natalie Webb/Carolyn Petruz,EMS,Elementary/Middle School,2.84,A,93.9,98.6,55,A,21.6,A,13.1,A,4.2,A,A,0.62,0.55,0.97,8.4,7.8,7.9,8.6
1288,84X705,84,Family Life Academy Charter School,Family Life Academy Charter School,Angel Rodriguez,EMS,Elementary/Middle School,58.98,A,79.6,96.3,42.5,A,19.7,A,13,A,4.4,B,B,1,0.97,1,8.2,7.8,8,8.5
1289,84X706,84,Harriet Tubman Charter School,Harriet Tubman Charter School,Cleveland Person,EMS,Elementary/Middle School,53.52,A,71.5,86.9,47,A,13.9,B,6.8,C,3.8,C,C,0.83,1,0.92,7.6,7.2,7.4,7.9
1290,84X717,84,Icahn Charter School,Icahn Charter School,Daniel Garcia,EMS,Elementary/Middle School,50.48,A,91.4,99.4,53.4,A,23.8,A,12.7,A,1.5,A,B,0.61,1,0.99,8.3,8,8.2,8.8
1291,84X718,84,Bronx Charter School For Better Learning,Bronx Charter School for Better Learning,Shubert Jacobs,EMS,Elementary School,47.8,B,64.2,74.1,33.8,B,17.9,A,10.8,A,1.7,C,C,0.67,0.89,,8.7,8.1,8,8.2
1292,84X730,84,Bronx Charter School For The Arts,Bronx Charter School for Arts,Christina Brown,EMS,Elementary School,58.78,C,45.6,27.5,22.6,C,13.6,B,7,C,2.4,D,B,0.73,0.82,,8.1,7.3,7.6,7.6
1293,01M448,1,University Neighborhood High School,University Neighborhood High School,Elizabeth Collins,HS,High School,1.86,B,67.7,59.4,35.3,B,11.6,B,9,B,4.3,C,C,0.26,1,0.71,7.6,6.9,7.2,7.6
1294,01M509,1,Marta Valle High School,Marta Valle High School,Mimi Fortunato,HS,High School,1.64,C,50.5,14.7,19.6,F,12.2,B,5.5,F,5.4,C,B,0.13,0.92,0.6,6.7,6,6.6,6.6
1295,01M696,1,Bard High School Early College,Bard High School Early College,Michael Lerner,HS,High School,3.76,B,67.4,57.9,29.1,C,15.2,A,11.5,A,2,B,B,0.47,0.83,0.96,8.4,7.6,8,8.7
1296,02M047,2,47 The American Sign Language And English Secondar,47 The American Sign Language and English Secondary School,Watfa A. Shama,HS,High School,1.42,B,58.8,31.9,31.2,C,7.8,F,10.8,A,3.5,C,A,0.48,0.71,0.46,8,6.7,7.4,7.4
1297,02M288,2,Food And Finance High School,Food and Finance High School,Roger Turgeon,HS,High School,2.19,A,71.2,69.8,33.7,B,17.5,A,8.9,B,4.7,A,A,0.07,0.92,0.83,6.9,6.9,7.1,7.5
1298,02M294,2,Essex Street Academy,Essex Street Academy,Erin Carstensen,HS,High School,2.14,B,69.1,63.9,33,B,15.2,A,12,A,4.8,B,A,0.29,0.93,0.72,8.3,7.7,8,8.3
1299,02M296,2,High School Of Hospitality Management,High School of Hospitality Management,Matthew Corallo,HS,High School,1.97,A,75.4,79.9,36.3,B,16,A,9.5,B,7.7,A,A,0.41,0.93,0.75,7.7,7.1,7.4,7.8
1300,02M298,2,Pace High School,Pace High School,Yvette Sy,HS,High School,2.64,A,70.6,67.6,36,B,16,A,9.3,B,3,A,A,0.78,0.96,0.97,7.2,6.8,7,7.3
1301,02M300,2,"Urban Assembly School Of Design And Construction,","Urban Assembly School of Design and Construction, The",Matthew Willoughby,HS,High School,2.04,C,56.2,24.9,24.3,D,13.2,B,8.5,C,4.6,B,B,0.3,0.85,0.81,7.3,6.6,7,7.5
1302,02M303,2,"Facing History School, The","Facing History School, The",Dana Panagot,HS,High School,1.8,A,75.3,79.7,35.9,B,14.4,A,10,B,9.2,B,B,0.73,0.97,0.89,7.5,7.2,7.5,7.8
1303,02M305,2,"Urban Assembly Academy Of Government And Law, The","Urban Assembly Academy of Government and Law, The",David Glasner,HS,High School,2.08,A,70.4,66.8,38.2,B,13.1,B,8.3,C,5,C,B,0.09,1,0.9,7.1,6.4,6.8,7.2
1304,02M308,2,Lower Manhattan Arts Academy,Lower Manhattan Arts Academy,John Wenk,HS,High School,1.96,A,72.6,73.8,37.7,B,13.2,B,10.6,A,5.5,A,A,0.13,0.71,0.66,7.5,7.2,7.5,7.7
1305,02M316,2,"Urban Assembly School Of Business For Young Women,","Urban Assembly School of Business for Young Women, the",Patricia Minaya,HS,High School,2.17,B,62.1,41.4,33.4,B,11.2,C,7.5,C,3.7,B,B,0.6,0.77,0.8,7.2,6.4,6.7,7.2
1306,02M374,2,Gramercy Arts High School,Gramercy Arts High School,Denise Dicarlo,HS,High School,2.41,C,53.7,20.1,28.3,C,12.4,B,6.7,D,2.4,C,B,0.68,0.91,0.96,7.5,6.8,7.4,7.6
1307,02M376,2,Nyc Ischool,NYC iSchool,Alisa Berger,HS,High School,2.96,B,66,52.7,36.2,B,14.6,A,9.8,B,1,,,0.37,0.87,0.87,8.1,7.4,7.6,7.7
1308,02M392,2,Manhattan Business Academy,MANHATTAN BUSINESS ACADEMY,Karen Polsonetti,HS,High School,2.23,,,,,,,,,,,,,0.17,0.96,0.84,7.8,7.1,7.3,7.8
1309,02M393,2,Business Of Sports School,BUSINESS OF SPORTS SCHOOL,Joshua Solomon,HS,High School,2,,,,,,,,,,,,,0.26,0.82,0.53,7,6.7,6.9,7.3
1310,02M399,2,The High School For Language And Diplomacy,THE HIGH SCHOOL FOR LANGUAGE AND DIPLOMACY,Santiago Mayol,HS,High School,2.11,,,,,,,,,,,,,0.15,0.89,0.78,7.5,6.1,6.6,6.9
1311,02M400,2,High School For Environmental Studies,High School for Environmental Studies,Shirley H. Matthews,HS,High School,2.55,B,66.5,55.5,31.1,C,14.2,A,10.1,B,3,B,B,0.1,0.99,0.75,7.8,7,7.4,7.8
1312,02M411,2,Baruch College Campus High School,Baruch College Campus High School,Alicia Perez-Katz,HS,High School,3.36,A,80.8,90.7,44.3,A,16.2,A,11.1,A,0,A,A,0.29,0.27,0.92,8.4,6.7,7.2,8.1
1313,02M412,2,N.Y.C. Lab School For Collaborative Studies,N.Y.C. Lab School for Collaborative Studies,Brooke Jackson,HS,High School,2.99,A,74.1,76.3,34.1,B,17.8,A,11.5,A,2,A,A,0.27,0.88,0.93,8.1,7.7,7.8,8
1314,02M414,2,N.Y.C. Museum School,N.Y.C. Museum School,Darlene Miller,HS,High School,3.05,A,76.3,82,45,A,17.3,A,5.9,F,1.5,A,A,0.5,0.93,1,7.6,5.7,6.2,6.5
1315,02M416,2,Eleanor Roosevelt High School,Eleanor Roosevelt High School,Dimitri Saliani,HS,High School,3.6,A,85.4,94.9,46.3,A,16.9,A,12.4,A,0.2,A,A,0.39,1,0.82,8.5,7.5,7.9,8.4
1316,02M418,2,Millennium High School,Millennium High School,Robert Rhodes,HS,High School,3.27,A,80.8,91,43.6,A,17.1,A,11.2,A,0.8,A,A,0.47,0.93,0.99,8.3,7,7.5,8.1
1317,02M419,2,Landmark High School,Landmark High School,Trevor Naidoo,HS,High School,1.93,C,47.1,9,19.2,F,9.6,C,5.8,F,5.8,D,C,0.45,0.96,0.79,7.2,6.4,7,7.2
1318,02M420,2,High School For Health Professions And Human Servi,High School for Health Professions and Human Services,Robert Gentile,HS,High School,2.68,B,67.5,58.9,35.4,B,13.9,B,8.9,B,2,B,C,0.48,0.95,0.94,7.5,6.8,7.1,7.6
1319,02M425,2,Leadership And Public Service High School,Leadership and Public Service High School,Philip Santos,HS,High School,1.99,C,55.6,24,27.1,C,9.5,C,8.2,C,4.2,C,B,0.06,0.75,0.04,6.8,6.7,7,7.2
1320,02M427,2,Manhattan Academy For Arts & Language,MANHATTAN ACADEMY FOR ARTS & LANGUAGE,Siv Boletsis,HS,High School,1.93,,,,,,,,,,,,,0.61,1,0.89,8,7.5,7.9,8.3
1321,02M429,2,Legacy School For Integrated Studies,Legacy School for Integrated Studies,Joan Mosely,HS,High School,1.36,,,,,,,,,,,F,C,0.21,0.44,0.74,7,6.2,6.3,6.7
1322,02M437,2,Hudson High School Of Learning Technologies,HUDSON HIGH SCHOOL OF LEARNING TECHNOLOGIES,Nancy Amling,HS,High School,2.22,,,,,,,,,,,,,0.47,0.88,0.89,8,7.4,7.7,7.6
1323,02M438,2,International High School At Union Square,INTERNATIONAL HIGH SCHOOL AT UNION SQUARE,Gaylea Prichard-Silvers,HS,High School,2.18,,,,,,,,,,,,,0.28,0.75,0.72,8.1,7.6,7.8,8.2
1324,02M439,2,Manhattan Village Academy,Manhattan Village Academy,Hector Geager,HS,High School,2.87,A,96.6,99.7,52.8,A,18.5,A,11.3,A,5,A,A,0.74,0.82,1,8.3,6.7,7.1,7.8
1325,02M440,2,Bayard Rustin Educational Complex,Bayard Rustin Educational Complex,Lisa Ostrom,HS,High School,1.83,,,,,,,,,,,,,0.2,0.58,0.66,7.2,6.6,6.6,7
1326,02M449,2,Vanguard High School,Vanguard High School,William Klann,HS,High School,2.09,A,79.5,87.9,39.2,A,14,A,11.8,A,7.3,B,C,0.19,0.94,0.89,7.9,7.4,7.7,8.1
1327,02M459,2,Manhattan International High School,Manhattan International High School,Alan Krull,HS,High School,2.44,A,71.2,70.1,37.3,B,10.8,C,10.7,A,6.9,B,A,0.39,0.9,0.9,8.3,7.1,7.4,7.9
1328,02M460,2,Washington Irving High School,Washington Irving High School,Bernardo Ascona,HS,High School,1.75,,,,,,,,,,,F,C,0.24,0.56,0.48,7,6.5,6.8,7.1
1329,02M475,2,Stuyvesant High School,Stuyvesant High School,Stanley Teitel,HS,High School,4.01,A,76.8,83.7,38.9,A,18.4,A,9.6,B,0,A,A,0.23,0.91,0.92,7.9,6.7,7.1,7.7
1330,02M489,2,High School Of Economics And Finance,High School of Economics and Finance,Michael Stanzione,HS,High School,2.59,B,66.4,54.5,33.3,B,12.6,B,8.9,B,3,B,C,0.47,0.89,0.83,8,7.1,7.3,7.8
1331,02M500,2,Unity Center For Urban Technologies,Unity Center for Urban Technologies,Fausto De La Rosa,HS,High School,1.06,A,75.9,80.6,36.5,B,17,A,10.1,B,8.7,A,A,0.75,0.88,0.76,8.3,7.6,7.8,8
1332,02M507,2,Urban Assembly Gateway School For Technology,Urban Assembly Gateway School for Technology,April Mckoy,HS,High School,2.18,,,,,,,,,,,,,0.44,1,0.95,8.5,7.6,8.3,8.6
1333,02M519,2,Talent Unlimited High School,Talent Unlimited High School,Linda Hamil,HS,High School,3.1,A,72.3,73,40.4,A,16.6,A,6.6,D,1.1,B,A,0.3,1,0.88,7.4,6.6,6.9,7.3
1334,02M520,2,Murry Bergtraum High School For Business Careers,Murry Bergtraum High School for Business Careers,Andrea Lewis,HS,High School,2.16,D,41,3.9,20.5,F,8.2,D,3.8,F,3.1,D,D,0.04,0.61,0.46,6.1,5.5,6,6.3
1335,02M529,2,Jacqueline Kennedy Onassis High School,Jacqueline Kennedy Onassis High School,Edward Demeo,HS,High School,2.17,B,60.1,37.8,30.7,C,11.7,B,8.7,B,2.9,C,B,0.16,0.76,0.75,7.6,6.8,7.2,7.5
1336,02M531,2,Repertory Company High School For Theatre Arts,Repertory Company High School for Theatre Arts,Michael Mehmet Jr.,HS,High School,2.79,A,80.3,89.9,44.9,A,15.7,A,9.4,B,4.4,B,A,0.36,1,0.96,7.5,7,6.9,7.3
1337,02M542,2,Manhattan Bridges High School,Manhattan Bridges High School,Mirza Sanchez Medina,HS,High School,2.33,A,89.7,96.6,46.5,A,14.1,A,11,A,11.1,A,A,0.68,0.95,0.88,8,7.1,7.6,8.2
1338,02M543,2,New Design High School,New Design High School,Scott Conti,HS,High School,2.07,A,74.9,78.5,42.5,A,13.9,B,9.7,B,4.1,A,A,0.05,0.75,0.62,8,6.4,7.2,7.6
1339,02M545,2,High School For Dual Language And Asian Studies,High School for Dual Language and Asian Studies,Li Yan,HS,High School,3.13,A,90.2,96.9,46.2,A,17.1,A,9.1,B,8.9,A,A,0.47,0.62,0.8,8.1,6.4,6.6,7.1
1340,02M551,2,The Urban Assembly New York Harbor School,The Urban Assembly New York Harbor School,Nathan Dudley,HS,High School,2.15,A,70.7,67.8,32.6,B,16.3,A,9.4,B,5.4,A,A,0.35,0.86,0.49,7.3,6.6,7,7.4
1341,02M580,2,Richard R. Green High School Of Teaching,Richard R. Green High School of Teaching,David Raubvogel,HS,High School,1.96,B,62.2,41.7,30.2,C,12.2,B,10,B,3.5,C,C,0.42,0.98,0.91,7.7,6.6,7,7.4
1342,02M600,2,The High School Of Fashion Industries,The High School of Fashion Industries,Daryl Blank,HS,High School,2.57,A,82.6,93.2,42.4,A,17.9,A,10.8,A,4,A,A,0.25,0.82,0.93,7.7,7.4,7.6,7.9
1343,02M615,2,Chelsea Career And Technical Education High School,Chelsea Career and Technical Education High School,Brian Rosenbloom,HS,High School,2.17,B,63.1,44.1,34.6,B,8.4,D,9.8,B,5.4,B,C,0.28,1,0.94,7.8,6.9,7.3,7.8
1344,02M620,2,Norman Thomas High School,Norman Thomas High School,Philip Martin Jr,HS,High School,1.73,,,,,,,,,,,,F,0.41,0.91,0.38,6.6,6,6.2,6.5
1345,02M625,2,High School Of Graphic Communication Arts,High School of Graphic Communication Arts,Brendan Lyons,HS,High School,1.93,F,34.8,1.4,21,F,5.5,F,2.2,F,3.1,F,D,0.26,0.46,0.68,6.3,6,6.1,6.6
1346,02M630,2,Art And Design High School,Art and Design High School,Eric Strauss,HS,High School,2.66,B,66.9,56.3,35.8,B,14.4,A,6.5,D,3.7,B,B,0.22,0.35,0.72,7.4,6,6.6,6.9
1347,03M283,3,Manhattan Theatre Lab High School,Manhattan Theatre Lab High School,Evelyn Collins,HS,High School,2.03,,,,,,,,,,,F,C,0.06,0.75,0.37,6.2,5,5.3,5.5
1348,03M299,3,"High School For Arts, Imagination And Inquiry","High School for Arts, Imagination and Inquiry",Stephen Noonan,HS,High School,1.84,B,65.3,49.9,32.7,B,14.6,A,6.8,D,6.6,C,B,0.21,0.96,0.74,7.3,6.6,6.9,7.3
1349,03M307,3,"Urban Assembly School For Media Studies, The","Urban Assembly School for Media Studies, The",Cordelia Veve,HS,High School,1.81,B,63.9,46.1,31.5,C,12.3,B,8.7,B,6.9,A,A,0.13,1,0.76,7.3,7,7.3,7.7
1350,03M402,3,The Urban Assembly School For Green Careers,THE URBAN ASSEMBLY SCHOOL FOR GREEN CAREERS,Alexandra Rathmann-Noonan,HS,High School,1.66,,,,,,,,,,,,,0.33,0.92,0.28,6.9,6.5,6.9,7
1351,03M403,3,The Global Learning Collaborative,THE GLOBAL LEARNING COLLABORATIVE,Jennifer Zinn,HS,High School,1.92,,,,,,,,,,,,,0.2,0.96,0.87,7.7,7.5,7.6,7.8
1352,03M417,3,Frank Mccourt High School,FRANK McCOURT HIGH SCHOOL,Danielle Salzberg,HS,High School,2.65,,,,,,,,,,,,,0.32,0.82,0.97,7.5,6.9,6.9,7.4
1353,03M470,3,Louis D. Brandeis High School,Louis D. Brandeis High School,Arleen Liquori,HS,High School,1.94,,,,,,,,,,,,,0.04,0.35,0.82,6.8,6.4,6.6,7
1354,03M479,3,Beacon High School,Beacon High School,Ruth Lacey,HS,High School,3.49,A,73.5,74.9,42.4,A,13.7,B,10.6,A,0.5,A,A,0.29,0.88,0.82,7.9,7.2,7.7,8
1355,03M485,3,Fiorello H. Laguardia High School Of Music & Art A,Fiorello H. LaGuardia High School of Music & Art and Performing Arts,Kim Bruno,HS,High School,3.62,A,77.2,83.9,41.6,A,18.2,A,8,C,0.2,A,A,0.36,0.53,0.92,7.8,6.4,7,7.4
1356,03M492,3,"High School For Law, Advocacy And Community Justic","High School for Law, Advocacy and Community Justice",Doreen Conwell,HS,High School,2.08,A,72.8,74.1,33.3,B,16,A,9.7,B,6.7,A,A,0.52,1,0.77,7.6,6.8,7.2,7.5
1357,03M494,3,High School Of Arts And Technology,High School of Arts and Technology,Anne Geiger,HS,High School,2.1,C,54.9,22.9,30.5,C,11.2,C,4.9,F,3.3,C,B,0.29,0.88,0.53,6.8,5.9,6.3,6.5
1358,03M541,3,Manhattan / Hunter Science High School,Manhattan / Hunter Science High School,Susan Kreisman,HS,High School,3.27,A,80.1,89.3,43.8,A,13.8,B,12,A,2,B,B,0.22,0.96,0.89,8.4,7.4,7.8,8.2
1359,04M409,4,Coalition School For Social Change,Coalition School for Social Change,"Sullivan, John",HS,High School,1.56,D,43.4,5.4,19.3,F,9.7,C,7,C,3.6,C,C,0.18,0.75,0.67,7,6.9,7.1,7.4
1360,04M435,4,Manhattan Center For Science And Mathematics,Manhattan Center for Science and Mathematics,Jose David Jimenez,HS,High School,3.15,B,60.5,39.3,32.4,B,13.2,B,5.9,F,1.5,A,B,0.21,0.81,0.86,7.5,6.1,6.7,7.1
1361,04M495,4,Park East High School,Park East High School,Kevin Mccarthy,HS,High School,2.39,B,67.5,58.8,35.6,B,14.6,A,9.3,B,4.6,A,A,0.3,0.96,0.89,8,7,7.5,7.8
1362,04M555,4,Central Park East High School,Central Park East High School,Bennett Lieberman,HS,High School,2.55,A,76.2,81.7,41,A,11.2,C,12,A,7.1,A,A,0.3,1,0.93,8.1,7.2,7.4,8.1
1363,04M635,4,Academy Of Environmental Science Secondary High Sc,Academy of Environmental Science Secondary High School,Irma Garceau,HS,High School,1.56,,,,,,,,,,,,F,0.74,1,0.71,7.2,6.8,7.1,7.3
1364,04M680,4,"Heritage School, The","Heritage School, The",Dyanand Sugrim,HS,High School,1.77,C,57.2,28.2,28.8,C,12.5,B,7.5,C,5.3,B,C,0.51,0.88,0.97,6.9,6.5,6.7,7
1365,05M304,5,Mott Hall High School,Mott Hall High School,Altagracia Villalona,HS,High School,2.19,C,52.2,17,22.2,D,11.5,C,10.3,B,2.9,B,B,0.78,0.9,0.99,7.7,7.2,7.2,7.5
1366,05M369,5,Urban Assembly School For The Performing Arts,Urban Assembly School for the Performing Arts,Fia Davis,HS,High School,2.01,C,49.2,13.5,21,F,13.7,B,2.9,F,4.8,D,A,0.54,1,0.84,6.5,5.6,5.8,6.2
1367,05M685,5,Bread & Roses Integrated Arts High School,Bread & Roses Integrated Arts High School,Rodney Lofton,HS,High School,1.46,F,30.7,0.9,12.4,F,6.8,F,5.9,F,2.5,D,D,0.25,0.87,0.62,7,6.5,6.8,6.8
1368,05M692,5,"High School For Mathematics, Science And Engineeri","High School for Mathematics, Science and Engineering at City College",Crystal Bonds,HS,High School,3.73,A,79.6,88.2,42.8,A,17.9,A,10.3,B,0,A,A,0.41,0.97,0.66,8.5,7.4,7.6,8.2
1369,06M462,6,The College Academy,The College Academy,Peter Sloman,HS,High School,1.88,B,63.9,46.2,33.1,B,10.4,C,10,B,5.5,C,A,0.44,0.84,0.8,7.5,6.7,7,7.3
1370,06M463,6,High School For Media And Communications,High School for Media and Communications,Ronni Michelen,HS,High School,1.86,B,58.2,30.1,28.8,C,12,B,6.8,D,5.7,C,B,0.38,0.92,0.63,6.9,6.6,7,7.3
1371,06M467,6,High School For Law And Public Service,High School for Law and Public Service,Nicholas Politis,HS,High School,1.84,B,64.3,47.2,27.2,C,14,A,9.4,B,7.4,A,A,0.4,0.93,0.71,7,7,7.1,7.5
1372,06M468,6,High School For Health Careers And Sciences,High School for Health Careers and Sciences,Harris Marmor,HS,High School,1.97,C,54.2,21.5,26.9,C,9.2,D,8.7,B,5.2,D,B,0.52,1,0.88,7.3,6.7,7.1,7.3
1373,06M540,6,A. Philip Randolph Campus High School,A. Philip Randolph Campus High School,David Fanning,HS,High School,2.8,D,44.9,6.2,25.1,D,7.9,F,4.8,F,1.7,C,C,0.09,0.97,0.71,6.5,6.3,6.2,6.8
1374,06M552,6,Gregorio Luperon High School For Science And Mathe,Gregorio Luperon High School for Science and Mathematics,Juan Villar,HS,High School,2.06,A,78,85.3,33.9,B,15.5,A,13.9,A,7.8,A,A,0.65,0.9,0.94,8.6,7.4,7.8,8.3
1375,07X334,7,International Community High School,International Community High School,Berena Cabarcas,HS,High School,1.61,B,64.3,47.6,34.4,B,7.8,F,10.7,A,6.9,A,B,0.46,1,0.95,8,6.6,7.2,7.4
1376,07X427,7,Community School For Social Justice,Community School for Social Justice,Sue-Ann Rosch,HS,High School,1.74,B,62.8,43.5,31.5,C,10.4,C,10.9,A,5.7,C,A,0.33,0.96,0.95,8,7.5,7.9,8
1377,07X473,7,Mott Haven Village Preparatory High School,Mott Haven Village Preparatory High School,Flavia Puello Perdomo,HS,High School,1.94,B,59.7,35.3,28.7,C,11.5,C,10.9,A,4.6,B,B,0.67,1,0.93,8,7.1,7.6,7.9
1378,07X495,7,University Heights Secondary School,University Heights Secondary School,Hazel Joseph Roseboro,HS,High School,2.79,A,70.2,65.5,40,A,12.3,B,8.3,C,3.6,A,A,0.73,1,0.85,8.1,6.9,7.1,7.4
1379,07X520,7,Foreign Language Academy Of Global Studies,Foreign Language Academy of Global Studies,Leba Collins Augone,HS,High School,1.5,C,57,27.3,24.1,D,11.4,C,8.7,B,4.9,C,C,0.42,0.93,0.89,7.2,6.9,6.9,7.5
1380,07X522,7,Bronx Design And Construction Academy,Bronx Design and Construction Academy,Matthew Williams,HS,High School,1.56,,,,,,,,,,,,,0.41,0.8,0.69,8.4,7.9,8.3,8.5
1381,07X527,7,Bronx Leadership Academy Ii High School,Bronx Leadership Academy II High School,Katherine Callaghan,HS,High School,1.71,C,57.2,27.7,28.1,C,11.1,C,7.7,C,5.7,B,B,0.2,0.68,0.47,7.2,6.6,7,7.4
1382,07X547,7,New Explorers High School,New Explorers High School,Jacob Hobson,HS,High School,1.54,B,58.6,31.3,31.6,C,10.2,C,9.5,B,4.4,B,D,0.17,0.8,0.61,7.5,7,7.4,7.7
1383,07X548,7,Urban Assembly School For Careers In Sports,Urban Assembly School for Careers in Sports,Johanny Garcia,HS,High School,2.1,B,59.6,35.5,28.6,C,14.7,A,8.6,C,3.6,A,A,0.24,0.91,0.87,7.4,7,7.4,7.7
1384,07X600,7,Alfred E. Smith Career And Technical Education Hig,Alfred E. Smith Career and Technical Education High School,Rene Cassanova,HS,High School,1.51,B,61.6,40.7,35.2,B,10.2,C,4.7,F,6.3,C,C,0.15,0.74,0.7,6.5,6.3,6.6,6.9
1385,07X655,7,Samuel Gompers Career And Technical Education High,Samuel Gompers Career and Technical Education High School,Joyce Mills Kittrell,HS,High School,1.14,,,,,,,,,,,F,C,0.11,0.42,0.55,6.3,6,6.3,6.5
1386,07X670,7,Health Opportunities High School,Health Opportunities High School,Julie Mchedlishvili,HS,High School,1.84,C,53.9,20.6,21,F,13.6,B,8.1,C,4.5,B,B,0.83,0.97,0.72,7.1,6.9,7,7.3
1387,08X282,8,Women'S Academy Of Excellence,Women's Academy of Excellence,Arnette Crocker,HS,High School,2.04,C,54.6,22.3,23,D,15.7,A,2.9,F,4.8,B,C,0.21,0.56,0.89,6.7,5.7,5.6,6.2
1388,08X293,8,Renaissance High School For Musical Theater & Tech,Renaissance High School for Musical Theater & Technology,Maria N Herrera,HS,High School,1.95,B,67.1,57.3,36.5,B,12.7,B,9.6,B,3.7,B,A,0.31,0.67,0.9,7.6,7.1,7.4,7.9
1389,08X295,8,Gateway School For Environmental Research And Tech,Gateway School for Environmental Research and Technology,Clifford Siegel,HS,High School,1.41,,,,,,,,,,,D,B,0.14,0.63,0.62,6.4,5.7,6,6.4
1390,08X305,8,Pablo Neruda Academy For Architecture And World St,Pablo Neruda Academy for Architecture and World Studies,Sabrina Cook,HS,High School,1.32,B,67.8,60,33.7,B,11.3,C,10.1,B,8.5,B,B,0.39,0.97,0.83,7.6,7.2,7.5,7.7
1391,08X312,8,Millennium Art Academy,Millennium Art Academy,Maxine Nodel,HS,High School,1.79,B,66.1,52.8,36,B,10.3,C,10.4,B,4.9,A,A,0.16,0.38,0.81,7.4,7,7.4,7.8
1392,08X332,8,Holcombe L. Rucker School Of Community Research,Holcombe L. Rucker School of Community Research,Sharif Rucker,HS,High School,1.66,D,45.9,7.6,19.1,F,10.3,C,6.6,D,4.2,D,C,0.71,0.7,0.56,7.1,6,6.5,6.9
1393,08X405,8,Herbert H. Lehman High School,Herbert H. Lehman High School,R Lobianco,HS,High School,1.83,D,40.5,3.7,19.2,F,6.3,F,5.9,F,3,F,F,0.05,0.84,0.56,6.6,6.8,7,7.4
1394,08X432,8,Bronx Bridges High School,BRONX BRIDGES HIGH SCHOOL,Pablo Villavicencio,HS,High School,1.9,,,,,,,,,,,,,0.58,0.73,0.9,7.7,6.8,7.4,7.6
1395,08X452,8,Bronx Guild,Bronx Guild,Sam Decker,HS,High School,1.6,A,71.9,72,34.8,B,12.6,B,8.9,B,8.7,B,C,0.44,1,0.71,7.7,6.9,7.1,7.7
1396,08X519,8,Felisa Rincon De Gautier Institute For Law And Pub,"Felisa Rincon de Gautier Institute for Law and Public Policy, The",Ms. Grismaldy Laboy-Wilson,HS,High School,1.68,C,51.8,16.4,24.9,D,11,C,7.7,C,4.8,B,C,0.25,0.64,0.62,6.8,6.4,6.4,6.9
1397,08X530,8,Banana Kelly High School,Banana Kelly High School,Antonio Arocho,HS,High School,1.45,C,49.3,13.6,29.1,C,8.2,D,2.7,F,4.2,C,D,0.42,0.94,0.64,6.4,5.6,6,6.1
1398,08X540,8,School For Community Research And Learning,School for Community Research and Learning,Jacqueline Boswell,HS,High School,1.18,,,,,,,,,,,,D,0.02,0.5,0,5.8,6.4,6.6,6.8
1399,08X650,8,Jane Addams High School For Academic Careers,Jane Addams High School for Academic Careers,"Dibartolomeo, Joel",HS,High School,1.63,,,,,,,,,,,F,C,0.11,0.47,0.63,7,6.5,6.7,7.1
1400,09X227,9,Bronx Expeditionary Learning High School,Bronx Collegiate Academy,D White,HS,High School,1.49,A,73.1,74.4,40.2,A,11.6,B,11.3,A,5.6,B,C,0.41,1,0.74,7.9,7.7,8,8.2
1401,09X239,9,Urban Assembly Academy For History And Citizenship,"Urban Assembly Academy for History and Citizenship for Young Men, The",Avis Terrell,HS,High School,1.06,,,,,,,,,,,,F,0.21,0.92,0.46,7.2,6.8,7.3,7.5
1402,09X250,9,Eximius College Preparatory Academy: A College Boa,Eximius College Preparatory Academy: A College Board School,Jonathan Daly,HS,High School,1.98,B,69.9,65.9,31,C,16.8,A,9.4,B,6.8,B,B,0.34,0.73,0.82,7.2,7,7,7.5
1403,09X252,9,Mott Hall Bronx High School,Mott Hall Bronx High School,Kathryn Malloy,HS,High School,2.12,B,67,57.5,31.8,C,16.6,A,9,B,4,B,A,0.19,0.89,0.79,7.5,6.9,7.1,7.5
1404,09X260,9,Bronx Center For Science And Mathematics,Bronx Center for Science and Mathematics,Edward Tom,HS,High School,2.64,A,80.9,91,40.5,A,15.9,A,11.1,A,4.3,A,B,0.55,0.81,0.98,8.1,6.9,7.5,8.2
1405,09X263,9,Validus Preparatory Academy: An Expeditionary Lear,Validus Preparatory Academy: An Expeditionary Learning School,Javier Fortiche Ocampo,HS,High School,1.99,B,58,29.9,27.7,C,12.3,B,9.1,B,4.6,C,A,0.34,0.88,0.75,7.6,7,7.4,7.8
1406,09X276,9,Leadership Institute,Leadership Institute,Marta Colon,HS,High School,1.5,D,46,7.6,22.6,D,9.5,C,6.5,D,2.8,C,D,0.49,0.78,0.86,7.1,6.4,6.9,7.1
1407,09X297,9,Morris Academy For Collaborative Studies,Morris Academy for Collaborative Studies,Charles Osewalt,HS,High School,1.58,B,69.4,64.1,36.1,B,14,A,8.6,C,6.9,B,A,0.35,0.89,0.78,7.3,7,7.1,7.6
1408,09X329,9,Dreamyard Preparatory School,DreamYard Preparatory School,Alicia Wargo,HS,High School,1.6,B,58.4,30.7,29.2,C,10.8,C,8.8,B,4.2,D,D,0.2,0.86,0.72,7.4,6.7,7.4,7.7
1409,09X365,9,Academy For Language And Technology,Academy for Language and Technology,Arisleyda Urena,HS,High School,2.31,A,77.8,84.5,47.9,A,13.4,B,10.3,B,3.6,A,,0.85,0.96,0.93,8,7.1,7.5,8
1410,09X403,9,Bronx International High School,Bronx International High School,Joaquin Vega,HS,High School,1.83,A,74.2,76.6,42.1,A,11.8,B,9.4,B,6.6,A,A,0.49,0.89,0.94,7.5,7,7.4,8
1411,09X404,9,School For Excellence,School for Excellence,Carmen Bardeguez Brown,HS,High School,1.34,A,71.7,70.6,41.6,A,12.2,B,7.7,C,6.4,B,B,0.82,0.77,0.83,7.7,6.9,7.1,7.4
1412,09X412,9,Bronx High School Of Business,Bronx High School of Business,Enrique Lizardi,HS,High School,1.37,C,55.1,23.5,31.4,C,7.8,F,7.2,C,3.9,C,C,0.27,0.82,0.83,6.6,6.4,6.6,6.9
1413,09X414,9,Jonathan Levin High School For Media And Communica,Jonathan Levin High School for Media and Communications,Nasib Hoxha,HS,High School,1.35,D,40.3,3.4,21.7,F,5.6,F,7.8,C,1.9,C,C,0.12,0.87,0.78,6.6,6.6,6.7,7.1
1414,09X525,9,Bronx Leadership Academy High School,Bronx Leadership Academy High School,"Kenneth Gaskins,jr.",HS,High School,1.73,B,62.6,42.5,27.3,C,13.7,B,10.1,B,4.5,B,B,0.16,0.63,0.8,7.3,6.9,7.5,7.7
1415,09X543,9,High School For Violin And Dance,High School for Violin and Dance,Franklin Sim,HS,High School,1.73,B,64.4,47.9,24.4,D,17.2,A,6.3,D,8.6,A,A,0.42,1,0.63,6.9,6.6,6.9,7.3
1416,10X213,10,Bronx Engineering And Technology Academy,Bronx Engineering and Technology Academy,Karalyne Sperling,HS,High School,1.73,B,66.6,55.7,28.4,C,14.9,A,7.4,C,8.6,C,A,0.26,0.68,0.88,6.9,6.5,7,7.4
1417,10X237,10,"The Marie Curie School For Medicine, Nursing, And","The Marie Curie School for Medicine, Nursing, and Health Professions",Rodney Fisher,HS,High School,2.17,C,55.8,24.3,27,C,14.1,A,6.7,D,2.7,B,A,0.3,0.39,0.87,7.1,6.5,6.3,7.1
1418,10X268,10,Kingsbridge International High School,Kingsbridge International High School,Ronald Newlon,HS,High School,1.84,B,60,37,34.7,B,6.1,F,10.8,A,4.6,B,B,0.58,0.96,0.85,7.7,7.1,7.6,8
1419,10X284,10,Bronx School Of Law And Finance,Bronx School of Law and Finance,Evan Schwartz,HS,High School,1.97,B,59.6,34.5,32.2,B,12,B,7.1,C,4,B,B,0.22,0.7,0.82,7.2,6.7,6.9,7.1
1420,10X374,10,Knowledge And Power Preparatory Academy Internatio,Knowledge and Power Preparatory Academy International High School (Kappa),Panorea Panagiosoulis,HS,High School,2.36,B,63.2,44.4,32.6,B,11.7,B,9.3,B,3.4,A,,0.72,0.96,0.91,8,7,7.4,8
1421,10X397,10,English Language Learners And International Suppor,English Language Learners and International Support Preparatory Academy (ELLIS),Norma Vega,HS,High School,1.39,C,49.8,14.1,19.8,F,5.1,F,10.1,B,10.1,,,0.22,0.48,0.52,7.6,7.2,7.6,8.1
1422,10X433,10,High School For Teaching And The Professions,High School for Teaching and the Professions,Gary Prince,HS,High School,1.65,B,64.8,48.3,34.6,B,10.9,C,9.5,B,4.6,B,A,0.25,0.88,0.78,7.3,7.1,7.4,7.7
1423,10X434,10,Belmont Preparatory High School,Belmont Preparatory High School,Stephen Joseph Gumbs,HS,High School,1.87,B,64,46.3,33.1,B,12.1,B,7.4,C,5.6,A,A,0.28,0.73,0.52,7.2,6.3,6.7,7.2
1424,10X437,10,Fordham High School For The Arts,Fordham High School for the Arts,Iris Blige,HS,High School,1.74,A,73.9,75.8,33.5,B,15.7,A,12.8,A,6.3,A,A,0.3,0.64,0.69,7.7,7.2,7.6,7.8
1425,10X438,10,Fordham Leadership Academy For Business And Techno,Fordham Leadership Academy for Business and Technology,Mary Ann Tucker,HS,High School,1.6,F,39.6,2.8,16.3,F,8,D,5.9,F,3.7,D,C,0.23,0.72,0.83,6.4,6.2,6.4,6.8
1426,10X439,10,Bronx High School For Law And Community Service,Bronx High School for Law and Community Service,Michael Barakat,HS,High School,1.65,C,51.5,15.8,22.9,D,10,C,7.8,C,5.7,B,D,0.27,1,0.75,7.1,6.6,6.9,7.4
1427,10X440,10,Dewitt Clinton High School,DeWitt Clinton High School,Geraldine Ambrosio,HS,High School,1.94,F,37.2,2,17.4,F,7.1,F,3.9,F,2.8,F,C,0.17,0.88,0.58,6.2,6.3,6.7,7.2
1428,10X442,10,"Celia Cruz Bronx High School Of Music, The","Celia Cruz Bronx High School of Music, The","William Rodriguez, Ed.D.",HS,High School,2.66,B,65.1,49.3,32.4,B,13.3,B,7.8,C,4.9,C,B,0.35,0.97,0.81,7.1,6.1,6.6,6.8
1429,10X445,10,Bronx High School Of Science,Bronx High School of Science,Valerie Reidy,HS,High School,3.89,A,81,91.6,43.5,A,18.4,A,9.1,B,0,A,A,0.41,0.75,0.97,7.5,6.8,7,7.6
1430,10X475,10,John F. Kennedy High School,John F. Kennedy High School,Lisa Luft,HS,High School,1.49,,,,,,,,,,,,D,0.16,0.81,0.7,6.1,5.9,6.3,6.3
1431,10X477,10,Marble Hill High School For International Studies,Marble Hill High School for International Studies,Kirsten Larson,HS,High School,2.56,A,90.9,97.8,47.8,A,17.8,A,11,A,6.9,A,A,0.57,0.97,0.89,7.9,6.9,7.3,7.9
1432,10X524,10,Crotona International High School,Crotona International High School,Jesseca Long,HS,High School,1.95,,,,,,,,,,,,,0.56,0.88,0.99,8,7.6,7.7,8.2
1433,10X546,10,Bronx Theatre High School,Bronx Theatre High School,Charles Gallo,HS,High School,2.05,B,68.6,62.3,34,B,13,B,12.6,A,4.7,C,C,0.89,0.97,0.91,8,7.6,8,8.4
1434,10X549,10,Discovery High School,Discovery High School,Rolando Rivera,HS,High School,1.67,A,76.6,82.8,41.2,A,12,B,10.9,A,5.2,A,A,0.05,0.7,0.58,7.7,7.1,7.1,7.8
1435,10X660,10,Grace Dodge Career And Technical Education High Sc,Grace Dodge Career and Technical Education High School,John Tornifolio,HS,High School,1.44,,,,,,,,,,,F,D,0.14,0.9,0.73,6,5.9,6.2,6.4
1436,10X696,10,High School Of American Studies At Lehman College,High School of American Studies at Lehman College,Mr. Alessandro Weiss,HS,High School,3.75,A,88.9,96.3,47.8,A,18,A,13.1,A,0.1,A,A,0.31,0.81,0.95,8.7,7.6,8.1,8.7
1437,11X253,11,Bronx High School For Writing And Communication Ar,Bronx High School for Writing and Communication Arts,Terri Lynn Grey,HS,High School,1.73,C,52.8,18.4,25.6,D,9.9,C,8.2,C,4,C,C,0.24,0.85,0.59,6.7,6.3,6.7,7
1438,11X265,11,Bronx Lab School,Bronx Lab School,Christophe Lagares,HS,High School,2.11,B,59.3,33.5,33.6,B,9.7,C,9.5,B,2.8,C,B,0.43,0.97,0.91,7.3,7,7.3,7.5
1439,11X275,11,High School Of Computers And Technology,High School of Computers and Technology,Bruce Abramowitz,HS,High School,1.92,A,90.6,97.5,44.7,A,17.8,A,11.1,A,9.2,A,A,0.43,0.82,0.87,7.8,7.3,7.6,8
1440,11X288,11,Collegiate Institute For Math And Science,Collegiate Institute for Math and Science,Shadia Alvarez,HS,High School,2.55,B,69.7,65.4,34.8,B,14.1,A,10.5,A,1.9,A,A,0.55,0.96,0.95,7.6,7.4,7.6,8.2
1441,11X290,11,Bronx Academy Of Health Careers,Bronx Academy of Health Careers,Marvia Lindsay,HS,High School,1.79,A,74.6,77.4,37.5,B,13.4,B,10.5,A,6.2,A,A,0.26,1,0.79,7,7,7.1,7.6
1442,11X299,11,Astor Collegiate Academy,Astor Collegiate Academy,Sandra Burgos,HS,High School,1.87,B,58.3,31,29.5,C,12.1,B,7.7,C,4.4,C,B,0.22,1,0.89,6.9,6.8,7,7.4
1443,11X415,11,Christopher Columbus High School,Christopher Columbus High School,Lisa Fuentes,HS,High School,1.24,,,,,,,,,,,,D,0.2,0.8,0.66,7.3,6.9,7.3,7.4
1444,11X418,11,Bronx High School For The Visual Arts,Bronx High School for the Visual Arts,G Jones,HS,High School,1.8,C,52.8,18.4,19.9,F,12.6,B,9.4,B,3.4,C,B,0.28,0.71,0.66,7.5,6.6,6.9,7.1
1445,11X455,11,Harry S Truman High School,Harry S Truman High School,Sana Nasser,HS,High School,1.33,A,71,69.3,32.5,B,15.1,A,8.6,C,7.5,B,B,0.05,0.53,0.42,6.9,6.3,6.8,7.2
1446,11X508,11,Bronxdale High School,Bronxdale High School,John Chase Jr,HS,High School,2.04,,,,,,,,,,,,,0.25,0.67,0.66,6.6,6.7,6.6,6.9
1447,11X509,11,High School For Language And Innovation,High School for Language and Innovation,Julie Nariman,HS,High School,2.08,,,,,,,,,,,,,0.96,1,1,8.7,7.8,8,8.2
1448,11X513,11,New World High School,New World High School,Fausto Salazar,HS,High School,2.16,A,85.1,94.7,42.6,A,14.6,A,11.6,A,9,B,A,0.29,0.58,0.93,7.8,6.9,7.3,8
1449,11X514,11,The Bronxwood Preparatory Academy,The Bronxwood Preparatory Academy,Janet Gallardo,HS,High School,1.57,C,55,23.2,30.5,C,7.2,F,10.2,B,3.8,C,B,0.25,0.88,0.7,7.4,6.9,7.1,7.5
1450,11X541,11,Global Enterprise High School,Global Enterprise High School,Sandra Maldonado,HS,High School,1.66,,,,,,,,,,,,C,0.18,0.57,0.66,6.4,6.1,6.7,7
1451,11X542,11,Pelham Preparatory Academy,Pelham Preparatory Academy,Carlos Santiago,HS,High School,2.32,B,68.9,63.4,30.7,C,16.5,A,10.4,B,4.1,B,A,0.68,0.96,0.91,7.7,7.4,7.6,8.1
1452,11X544,11,High School For Contemporary Arts,High School for Contemporary Arts,Francisco Sanchez,HS,High School,1.68,B,69.7,64.7,34.3,B,15.4,A,9.3,B,5.8,A,A,0.8,0.58,0.6,7.4,6.7,7.3,7.4
1453,11X545,11,Bronx Aerospace High School,Bronx Aerospace High School,Barbara Kirkweg,HS,High School,1.55,A,78,85.9,36.8,B,16.9,A,7.5,C,8.6,,,0.31,0.86,0.82,6.5,6.3,6.5,6.9
1454,12X248,12,"Metropolitan High School, The","Metropolitan High School, The",Carla Theodorou,HS,High School,1.62,A,87.5,96.1,44.9,A,15.5,A,12.6,A,8.9,A,A,0.16,0.92,0.56,8.1,7.6,7.9,8.2
1455,12X251,12,Explorations Academy,Explorations Academy,Susana Hernandez,HS,High School,1.47,A,70.6,67.3,33.8,B,13.8,B,8.7,B,8.2,B,A,0.27,0.78,0.79,7.3,7,7.2,7.6
1456,12X262,12,Performance Conservatory High School,Performance Conservatory High School,Eulynis Matthias Fridie,HS,High School,1.19,,,,,,,,,,,,F,0.14,0.78,0.69,6.7,5.9,6.1,6.4
1457,12X278,12,Peace And Diversity Academy,Peace and Diversity Academy,Andrew Turay,HS,High School,1.51,D,44.2,5.7,20.7,F,7,F,10.2,B,2.3,C,C,0.91,0.84,0.95,8.3,7.3,8.4,8.2
1458,12X388,12,Pan American International High School At Monroe,Pan American International High School at Monroe,Bridgit Claire Bye,HS,High School,1.72,A,79,87,46.5,A,9.9,C,10.4,B,7.7,,,0.49,0.86,0.89,7.7,7.1,7.5,7.7
1459,12X478,12,The Cinema School,THE CINEMA SCHOOL,Rex Bobbish,HS,High School,2.79,,,,,,,,,,,,,0.22,0.93,0.93,8.8,8.1,8.5,8.9
1460,12X479,12,Bronx Career And College Preparatory High School,BRONX CAREER AND COLLEGE PREPARATORY HIGH SCHOOL,Kizhaya Roberts,HS,High School,1.37,,,,,,,,,,,,,0.48,1,0.83,6.7,6.2,6.5,6.8
1461,12X511,12,Bronx Envision Academy,Bronx Envision Academy,Emily Shu,HS,High School,1.74,,,,,,,,,,,,,0.49,1,0.94,7.6,7.7,7.7,8.2
1462,12X521,12,The Metropolitan Soundview High School,The Metropolitan Soundview High School,Michael Lanaghan,HS,High School,1.81,,,,,,,,,,,,,0.34,0.89,0.79,8,7.6,7.8,8.3
1463,12X550,12,High School Of World Cultures,High School of World Cultures,Ramon Namnun,HS,High School,1.99,B,59.2,32.8,24.5,D,13.1,B,9.6,B,7.9,B,A,1,1,0.92,7.9,6.5,7,7.1
1464,12X682,12,Fannie Lou Hamer Freedom High School,Fannie Lou Hamer Freedom High School,Nancy Mann,HS,High School,1.55,B,64.4,47.7,27.9,C,14.4,A,11.1,A,6.8,A,A,0.46,0.91,0.73,8.1,7.5,7.7,7.9
1465,12X684,12,Wings Academy,Wings Academy,Wayne Cox,HS,High School,1.71,C,52.7,17.8,25.4,D,9.8,C,8,C,4.5,C,B,0.59,0.77,0.82,7,6.5,7.1,7.4
1466,12X690,12,Monroe Academy For Business/Law,Monroe Academy for Business/Law,Charles Ogundimu,HS,High School,1.54,,,,,,,,,,,,C,0.36,1,0.81,6.6,5.9,5.9,6.6
1467,12X692,12,Monroe Academy For Visual Arts & Design,Monroe Academy for Visual Arts & Design,Richard J. Massel,HS,High School,1.53,C,57.1,27.9,33.2,B,8.8,D,6.6,D,5.6,B,A,0.09,0.84,0.79,7.3,6.6,7,7.4
1468,13K350,13,Urban Assembly High School Of Music And Art,Urban Assembly High School of Music and Art,Paul Thompson,HS,High School,1.7,B,58.6,31.1,28.5,C,12.8,B,7.8,C,4.6,D,B,0.13,0.69,0.5,7.2,6.7,6.9,7.3
1469,13K412,13,"Brooklyn Community High School Of Communication, A","Brooklyn Community High School of Communication, Arts and Media",James O'brien,HS,High School,1.93,B,58.1,29.1,31.9,B,9.6,C,7.4,C,5,C,C,0.14,0.94,0.84,7.2,7,7.2,7.4
1470,13K419,13,"Science Skills Center High School For Science, Tec","Science Skills Center High School for Science, Technology and the Creative Arts",Judy Henry,HS,High School,2.11,B,66.4,54,35.3,B,12.2,B,8,C,3.3,A,A,0.33,0.94,0.8,7,7,7,7.4
1471,13K430,13,Brooklyn Technical High School,Brooklyn Technical High School,Randy Asher,HS,High School,3.82,B,68.1,60.9,38.3,B,14.9,A,5.2,F,0.1,B,B,0.06,0.4,0.85,7.2,5.7,6.3,6.9
1472,13K439,13,Brooklyn International High School,Brooklyn International High School,Pamela Taranto,HS,High School,2.33,A,93.3,98.9,50.2,A,15.4,A,14.2,A,8.5,A,A,0.85,1,0.93,8.8,8.1,8.5,8.7
1473,13K483,13,The Urban Assembly School For Law And Justice,The Urban Assembly School for Law and Justice,Shannon Curran,HS,High School,2.43,A,76.4,82.3,39,A,16.4,A,10.6,A,3.3,B,A,0.38,0.79,0.89,7.7,7.3,7.4,7.9
1474,13K499,13,Acorn Community High School,ACORN Community High School,Andrea Piper,HS,High School,1.83,B,64.2,46.6,31.8,C,14.6,A,8.3,C,5.3,B,A,0.12,0.77,0.65,7.4,7.3,7.6,7.8
1475,13K509,13,Freedom Academy High School,Freedom Academy High School,Alyson Forde,HS,High School,1.69,F,37.9,2.3,13.6,F,10.7,C,4.1,F,3.1,F,B,0.24,0.87,0.73,6.5,6.4,6.5,6.8
1476,13K595,13,Bedford Academy High School,Bedford Academy High School,Adofo Muhammad,HS,High School,3.01,A,81.9,92.4,45.6,A,16.1,A,11.2,A,2.6,A,A,0.53,0.96,0.91,8.2,7.9,8,8.5
1477,13K605,13,George Westinghouse Career And Technical Education,George Westinghouse Career and Technical Education High School,Janine Kieran,HS,High School,1.99,C,49.9,14.1,26.9,C,8.9,D,5.6,F,4,D,D,0.41,0.95,0.75,6.3,6.2,6.4,6.6
1478,13K670,13,Benjamin Banneker Academy,Benjamin Banneker Academy,Deonca Renee,HS,High School,3.19,B,59.6,35.5,33,B,13.7,B,6.3,D,0.4,B,B,0.17,0.63,0.71,7.4,6.4,7.1,7.5
1479,13K674,13,"City Polytechnic High School Of Engineering, Archi","CITY POLYTECHNIC HIGH SCHOOL OF ENGINEERING, ARCHITECTURE, AND TECHNOLOGY",Chris Aguirre,HS,High School,2.24,,,,,,,,,,,,,0.25,0.96,0.83,7.3,7.2,7.4,8
1480,14K322,14,Foundations Academy,Foundations Academy,Jimmy Molina,HS,High School,0.9,F,38.3,2.5,15.9,F,6.8,F,5.6,F,5.3,,,0.23,0.77,0.65,6.7,6.1,6.2,6.7
1481,14K449,14,"Brooklyn Latin School, The","Brooklyn Latin School, The",Jason Griffiths,HS,High School,3.63,B,69.8,65,34.9,B,14.5,A,11.8,A,0,B,B,0.29,0.83,0.98,8.5,7.6,7.8,8.6
1482,14K454,14,Green School: An Academy For Environmental Careers,Green School: An Academy for Environmental Careers,Cara Tait,HS,High School,1.82,B,61.6,40.7,28.7,C,12.2,B,6.5,D,8.3,B,C,0.23,1,0.58,6.9,6.9,6.9,7.3
1483,14K474,14,Progress High School For Professional Careers,PROGRESS High School for Professional Careers,William Jusino,HS,High School,2.05,B,62.5,42.1,31.5,C,13.1,B,9.2,B,4.5,C,B,0.24,0.75,0.41,7.6,7,7.5,7.8
1484,14K477,14,School For Legal Studies,School for Legal Studies,Monica Ortiz,HS,High School,2.12,C,47.3,9.3,18.1,F,9.6,C,7.4,C,4.8,D,D,0.22,0.76,0.52,7.5,6.7,7.2,7.5
1485,14K478,14,"The High School For Enterprise, Business And Techn","The High School for Enterprise, Business and Technology",Holger Carrillo,HS,High School,2.28,B,68.2,61.1,32.3,B,16.2,A,8.3,C,5,A,A,0.26,0.88,0.79,7.3,6.7,7,7.4
1486,14K488,14,Brooklyn Preparatory High School,Brooklyn Preparatory High School,Noah Lansner,HS,High School,2.13,A,70.7,67,35.3,B,16,A,8.9,B,5.2,B,A,0.27,1,0.8,7.4,6.7,7,7.5
1487,14K558,14,Williamsburg High School For Architecture And Desi,Williamsburg High School for Architecture and Design,Gill Cornell,HS,High School,2.14,A,93.4,99.2,49.4,A,17.5,A,12.8,A,7.3,A,A,0.69,1,0.95,8.1,7.5,7.8,8.2
1488,14K561,14,Williamsburg Preparatory School,Williamsburg Preparatory School,Michael Shadrick,HS,High School,2.35,A,82.7,93.5,41.8,A,17.8,A,10.9,A,5.6,A,A,0.3,0.93,0.82,8,7.6,7.8,8.3
1489,14K610,14,Automotive High School,Automotive High School,Caterina Lafergola,HS,High School,1.38,C,53.7,20.1,21.3,F,14.1,A,3.3,F,8.6,C,C,0.06,0.59,0.53,5.7,5.9,6.1,6.5
1490,14K632,14,Frances Perkins Academy,Frances Perkins Academy,"Santana, Jocelyn",HS,High School,1.44,A,81,91.6,43.6,A,13.5,B,9.9,B,10,,,0.13,0.89,0.66,7.1,6.8,7.3,7.4
1491,14K685,14,El Puente Academy For Peace And Justice,El Puente Academy for Peace and Justice,Wanda Vazquez,HS,High School,1.63,A,81.8,92.1,44.8,A,15.4,A,11.4,A,6.8,A,A,0.63,1,0.85,8.3,7.4,8,8.2
1492,15K519,15,Cobble Hill School Of American Studies,Cobble Hill School of American Studies,Annamaria Mule,HS,High School,1.7,B,60.2,38.6,30.8,C,11.9,B,7.4,C,5.1,B,B,0.33,0.98,0.62,7,6.7,7,7.3
1493,15K530,15,Metropolitan Corporate Academy High School,Metropolitan Corporate Academy High School,Lennel George,HS,High School,1.49,,,,,,,,,,,,C,0.22,1,0.56,7,6.8,7,7.2
1494,15K656,15,Brooklyn High School Of The Arts,Brooklyn High School of the Arts,Margaret Lacey Berman,HS,High School,2.65,C,54.3,21.8,30.4,C,11.7,B,5.2,F,2.3,B,C,0.17,0.88,0.87,6.9,5.9,6.2,6.7
1495,15K667,15,Sunset Park High School,SUNSET PARK HIGH SCHOOL,Corinne Vinal,HS,High School,1.97,,,,,,,,,,,,,0.34,0.96,0.81,7.6,7.2,7.6,7.9
1496,15K684,15,Millennium Brooklyn Hs,Millennium Brooklyn HS,Lisa Gioe,HS,High School,3.17,,,,,,,,,,,,,0.45,1,0.99,8.4,8.1,8.2,8.4
1497,16K455,16,Boys And Girls High School,Boys and Girls High School,Bernard Gassaway,HS,High School,1.44,F,33.4,1.1,15.9,F,5.9,F,6.2,D,3,F,C,0.15,0.46,0.18,6.8,7.1,7.2,7.2
1498,16K498,16,Brooklyn High School For Law And Technology,Brooklyn High School for Law and Technology,Michael Prayor,HS,High School,1.69,A,72.1,72.4,34.5,B,13.9,B,11.5,A,7.5,B,A,0.17,0.65,0.72,7.6,7,7.3,7.7
1499,16K594,16,Gotham Professional Arts Academy,Gotham Professional Arts Academy,Alexander White,HS,High School,1.87,B,66.3,54.7,33.7,B,11.4,C,9.9,B,6.5,F,,0.12,1,0.85,7.3,7.3,7.8,8.1
1500,16K688,16,The Brooklyn Academy Of Global Finance,The Brooklyn Academy of Global Finance,Kavita Gupta,HS,High School,1.62,,,,,,,,,,,,,0.15,1,0.62,4.7,4.7,4.8,5.3
1501,17K122,17,Pathways In Technology Early College High School (,Pathways in Technology Early College High School (P-Tech),Rashid Davis,HS,High School,2.39,,,,,,,,,,,,,0.45,1,0.82,8,7.3,7.6,8.2
1502,17K408,17,Academy Of Hospitality And Tourism,Academy of Hospitality and Tourism,Adam Breier,HS,High School,1.72,C,57,26.6,24.4,D,11.9,B,5.8,F,7.7,B,D,0.59,0.78,0.77,6.1,6.6,6.8,7.3
1503,17K524,17,International High School At Prospect Heights,International High School at Prospect Heights,Nedda De Castro,HS,High School,2.04,A,76.3,81.6,43.7,A,6.8,F,13,A,8.7,A,B,0.37,0.88,0.84,8.2,7.3,7.8,8
1504,17K528,17,The High School For Global Citizenship,The High School for Global Citizenship,Michelle Rochon,HS,High School,1.79,C,48,11.3,19.4,F,13.6,B,7.6,C,3.3,C,C,0.25,1,0.63,6.7,6.6,6.5,6.9
1505,17K537,17,High School For Youth And Community Development At,High School for Youth and Community Development at Erasmus,Mary Prendergast,HS,High School,1.73,A,71.2,70.1,37.3,B,12.4,B,9.1,B,6.3,C,C,0.57,0.91,0.86,6.7,6.7,7.1,7.5
1506,17K539,17,High School For Service & Learning At Erasmus,High School for Service & Learning at Erasmus,Peter Fabianski,HS,High School,1.71,A,75.1,80,38.1,B,15.2,A,9.5,B,6.2,A,A,0.41,0.92,0.88,6.9,6.9,7.1,7.6
1507,17K544,17,International Arts Business School,International Arts Business School,Ms. Sheila Hanley,HS,High School,1.79,,,,,,,,,,,F,C,0.12,0.97,0.62,6.3,6.4,6.4,6.9
1508,17K546,17,High School For Public Service: Heroes Of Tomorrow,High School for Public Service: Heroes of Tomorrow,Ben Shuldiner,HS,High School,2.87,A,72.6,73.8,37.1,B,16.6,A,11.1,A,1.8,A,A,0.28,1,0.89,8.3,7.4,7.9,8.3
1509,17K547,17,Brooklyn Academy Of Science And The Environment,Brooklyn Academy of Science and the Environment,Veronica Peterson,HS,High School,2.28,C,52.9,18.6,27.2,C,10.5,C,6.4,D,3.7,B,A,0.24,0.86,0.76,6.6,6.4,6.4,7
1510,17K548,17,Brooklyn School For Music & Theatre,Brooklyn School for Music & Theatre,Pamela Randazzo-Dorcely,HS,High School,2.23,B,60.2,38.4,32.7,B,13.1,B,7.7,C,2.9,B,A,0.45,0.73,0.89,6.9,6.5,7,7.3
1511,17K600,17,Clara Barton High School,Clara Barton High School,Dr. Richard A. Forman,HS,High School,2.31,C,51.5,15.8,25.9,C,10.7,C,6.3,D,2.1,C,C,0.26,0.77,0.82,6.9,6.1,6.6,7
1512,17K625,17,Paul Robeson High School,Paul Robeson High School,Ronald Williams Wells,HS,High School,1.17,,,,,,,,,,,,C,0.11,0.75,0.47,6.7,5.9,6.3,6.5
1513,17K751,17,Academy For Health Careers,ACADEMY FOR HEALTH CAREERS,Deonne Martin,HS,High School,1.96,,,,,,,,,,,,,0.28,1,0.86,7.3,6.8,6.9,7.5
1514,18K563,18,It Takes A Village Academy,It Takes a Village Academy,Marina Vinitskaya,HS,High School,1.87,A,98.7,100,46.1,A,18.7,A,12.6,A,12.9,A,,0.46,1,0.86,7.5,7.3,7.8,8.2
1515,18K566,18,Brooklyn Generation School,Brooklyn Generation School,Lydia Colon Bomani,HS,High School,1.69,C,55.6,24,32.1,B,8.7,D,6.9,D,5.9,C,,0.16,0.88,0.52,6.9,6.7,6.7,7.2
1516,18K567,18,Brooklyn Theatre Arts High School,Brooklyn Theatre Arts High School,Amy Murphy,HS,High School,1.75,C,47.9,10.5,26,C,10.1,C,3.3,F,5.1,A,,0.12,0.87,0.82,5.7,5.4,5.8,6.1
1517,18K569,18,Kurt Hahn Expeditionary Learning School,Kurt Hahn Expeditionary Learning School,Matt Brown,HS,High School,1.79,A,72.4,73.2,33,B,15.2,A,10.1,B,6,C,,0.38,0.92,0.79,7.2,7.2,7.5,8
1518,18K576,18,Victory Collegiate High School,Victory Collegiate High School,Marcel D. Deans,HS,High School,1.93,A,76.8,83.6,36.6,B,18.9,A,11.4,A,4.9,A,,0.31,0.96,0.7,7.7,7.2,7.5,8
1519,18K589,18,Arts & Media Preparatory Academy,Arts & Media Preparatory Academy,Robert Hall,HS,High School,1.93,C,48.9,13,22.9,D,12,B,6.6,D,4.6,B,,0.3,0.86,0.64,7.3,6.5,6.7,7.1
1520,18K617,18,High School For Innovation In Advertising And Medi,High School for Innovation in Advertising and Media,Adaleza Michelena,HS,High School,1.82,C,51.6,16.1,26.7,C,10.1,C,7.8,C,2.3,,,0.38,0.76,0.76,7.3,6.8,7.2,7.5
1521,18K629,18,Cultural Academy For The Arts And Sciences,Cultural Academy for the Arts and Sciences,Diane Varano,HS,High School,1.79,B,67,57.5,32.8,B,13.4,B,10.4,B,4.2,,,0.14,0.88,0.85,7.6,7.1,7.4,7.7
1522,18K633,18,High School For Medical Professions,High School for Medical Professions,Joseph Scarmato,HS,High School,2.45,A,74.5,77.2,42.5,A,18.1,A,7.7,C,3.2,,,0.64,0.96,0.96,6.9,7,6.6,7.4
1523,18K637,18,Academy For Conservation And The Environment,Academy for Conservation and the Environment,Eugene Mazzola,HS,High School,1.69,C,48.7,12.7,27.7,C,8,D,7.3,C,4,,,0.41,1,0.86,6.8,6.8,6.8,7.1
1524,18K642,18,Urban Action Academy,Urban Action Academy,Abe Correa,HS,High School,1.84,C,47.1,9,26.1,C,7.7,F,7.1,C,4.2,,,0.21,0.78,0.63,7.1,6.9,7,7.1
1525,19K420,19,Franklin K. Lane High School,Franklin K. Lane High School,Marlon Bynum,HS,High School,1.31,,,,,,,,,,,,,0.54,0.77,0.76,7.1,6.9,7.3,7.6
1526,19K502,19,Fdny High School For Fire And Life Safety,FDNY High School for Fire and Life Safety,James Anderson,HS,High School,1.7,B,66.4,54.8,37.7,B,11.6,B,8.8,B,6,,,0.42,0.9,0.87,7,7.2,7.3,7.7
1527,19K504,19,High School For Civil Rights,High School for Civil Rights,Michael S. Steele,HS,High School,1.63,C,51.9,16.7,22.6,D,12.6,B,8.1,C,5.3,B,B,0.18,0.96,0.64,7.3,7.2,7.6,7.9
1528,19K507,19,Performing Arts And Technology High School,Performing Arts and Technology High School,Reginald Richardson,HS,High School,1.74,B,59.9,36.3,32.8,B,12,B,6.7,D,4.2,B,B,0.18,0.71,0.68,7,6.9,7.2,7.6
1529,19K510,19,World Academy For Total Community Health High Scho,World Academy for Total Community Health High School,Kim Wanliss,HS,High School,1.8,B,59.4,33.5,36.9,B,11.3,C,3.7,F,2.3,C,B,0.29,0.3,0.6,6,5.9,6.2,6.5
1530,19K583,19,Multicultural High School,Multicultural High School,Alexandra Hernandez,HS,High School,1.88,D,43,4.5,27.2,C,1,F,9.8,B,3.5,C,,0.12,1,0.87,7.4,7.3,7.4,7.6
1531,19K615,19,Transit Tech Career And Technical Education High S,Transit Tech Career and Technical Education High School,Neil Harris,HS,High School,2.09,C,56.8,25.7,26.3,C,13.7,B,6.8,D,4,B,B,0.11,0.83,0.6,6.3,6.1,6.5,6.9
1532,19K618,19,Academy Of Innovative Technology,Academy of Innovative Technology,Cynthia Fowlkes,HS,High School,1.76,B,66.8,56.3,30.3,C,11.4,C,9,B,8.5,,,0.28,0.76,0.6,7.2,7,7.4,7.7
1533,19K639,19,Brooklyn Lab School,Brooklyn Lab School,Renel Piton,HS,High School,1.61,D,43.1,4.8,23.6,D,7.3,F,5.1,F,3.3,,,0.25,0.94,0.78,6.4,6.6,6.6,7.1
1534,19K659,19,Cypress Hills Collegiate Preparatory School,Cypress Hills Collegiate Preparatory School,Alex Maysonet,HS,High School,1.92,D,45.2,6.8,22.4,D,7.7,F,7.3,C,3.7,D,F,0.42,1,0.73,7.4,7,7.5,7.7
1535,19K660,19,W. H. Maxwell Career And Technical Education High,W. H. Maxwell Career and Technical Education High School,Jocelyn Badette,HS,High School,1.21,B,65.7,51.7,36.4,B,12.2,B,8.2,C,5.2,A,B,0.66,0.78,0.72,7,7,7.2,7.5
1536,19K683,19,"The School For Classics: An Academy Of Thinkers, W","THE SCHOOL FOR CLASSICS: AN ACADEMY OF THINKERS, WRITERS AND PERFORMERS",Janice Ross,HS,High School,1.77,A,81.5,91.8,44,A,18.3,A,11.4,A,3.7,,,0.51,0.96,0.91,7.9,7.5,7.7,8
1537,20K445,20,New Utrecht High School,New Utrecht High School,Maureen Goldfarb,HS,High School,2.14,B,68.7,62.4,32.8,B,12.6,B,6.8,D,7.5,B,B,0.52,0.73,0.78,7.3,6.5,7,7.4
1538,20K485,20,High School Of Telecommunication Arts And Technolo,High School of Telecommunication Arts and Technology,Philip Weinberg,HS,High School,2.36,A,78.9,86.7,38.3,B,16,A,10.5,A,4.8,A,A,0.16,0.87,0.81,7.9,7.2,7.3,7.9
1539,20K490,20,Fort Hamilton High School,Fort Hamilton High School,Jo Ann Chester,HS,High School,2.43,B,60.4,39,30.6,C,10.3,C,8.7,B,3.8,B,B,0.58,0.72,0.83,7.5,6.9,7.3,7.7
1540,20K505,20,Franklin Delano Roosevelt High School,Franklin Delano Roosevelt High School,Steven Demarco,HS,High School,2.23,B,65.4,50.3,32,B,9.4,C,9,B,8.3,B,B,0.46,0.98,0.81,7.6,7,7.3,7.6
1541,21K337,21,International High School At Lafayette,International High School at Lafayette,Jon Harriman,HS,High School,2.26,B,63.9,46.1,36.1,B,4.2,F,12,A,7.5,B,C,0.63,0.91,0.94,8.4,7.3,7.7,8
1542,21K344,21,Rachel Carson High School For Coastal Studies,Rachel Carson High School for Coastal Studies,Edward Wilensky,HS,High School,2.23,B,68.4,61.3,34.6,B,11.9,B,7.8,C,6.1,B,B,0.41,0.84,0.94,7.3,6.8,7.1,7.3
1543,21K348,21,High School Of Sports Management,High School of Sports Management,Robin Pitts,HS,High School,2.07,C,52.3,17.2,21.3,F,12.6,B,7.8,C,4.9,B,B,0.22,0.86,0.76,6.5,6.6,6.9,7.4
1544,21K410,21,Abraham Lincoln High School,Abraham Lincoln High School,Ari Hoogenboom,HS,High School,2.32,C,56.5,25.1,27.8,C,9.8,C,8.9,B,3.8,C,C,0.12,0.91,0.76,7.6,7,7.5,7.8
1545,21K525,21,Edward R. Murrow High School,Edward R. Murrow High School,Anthony R. Lodico,HS,High School,2.59,B,65.8,52.3,31.3,C,13.5,B,9.2,B,3.2,B,A,0.24,0.94,0.9,7.5,7,7.3,7.6
1546,21K540,21,John Dewey High School,John Dewey High School,Barry Fried,HS,High School,2.45,B,63.7,45.2,34,B,9.6,C,7.3,C,6,C,C,0.32,0.97,0.73,7.3,6.6,7.1,7.4
1547,21K559,21,Life Academy High School For Film And Music,Life Academy High School for Film and Music,Lisa Ferraiola,HS,High School,1.91,B,62.5,41.8,28.4,C,16.2,A,10,B,5.5,B,,0.37,1,0.83,7.4,7.5,7.6,8
1548,21K572,21,Expeditionary Learning School For Community Leader,Expeditionary Learning School for Community Leaders,David Ohara,HS,High School,2.14,B,63.6,45.4,36.8,B,6.6,F,11.9,A,4,D,,0.33,0.78,0.86,8.3,7.4,7.9,8.2
1549,21K620,21,William E. Grady Career And Technical Education Hi,William E. Grady Career and Technical Education High School,Geraldine Maione,HS,High School,1.62,B,65.6,51.1,29.6,C,11.9,B,11.5,A,6.5,B,D,0.53,1,0.68,7.9,7.8,8.1,8.6
1550,22K405,22,Midwood High School,Midwood High School,David Cohen,HS,High School,3.09,B,58.7,31.6,28.2,C,12.7,B,8.7,B,1.9,C,B,0.17,0.89,0.77,7.7,7,7.4,7.8
1551,22K425,22,James Madison High School,James Madison High School,Joseph A. Gogliormella,HS,High School,2.49,B,64.6,48,29.8,C,10.8,C,11.7,A,5,B,B,0.26,0.54,0.84,8,7.6,7.9,8.2
1552,22K495,22,Sheepshead Bay High School,Sheepshead Bay High School,John Omahoney,HS,High School,1.95,D,40.5,3.4,18.6,F,7.9,F,5.5,F,3.9,D,C,0.11,0.35,0.71,6.8,6.5,6.9,7.2
1553,22K535,22,Leon M. Goldstein High School For The Sciences,Leon M. Goldstein High School for the Sciences,Joseph Zaza,HS,High School,3.41,A,78.5,86.2,41.2,A,16.5,A,10.6,A,1,A,B,0.27,0.94,0.89,8.3,7,7.6,7.9
1554,23K514,23,Frederick Douglass Academy Vii High School,Frederick Douglass Academy VII High School,Jessica Endlich,HS,High School,1.84,C,53.1,18.9,23.1,D,12,B,8.2,C,4,A,B,0.45,1,0.84,6.9,6.8,7,7.4
1555,24Q264,24,Academy Of Finance And Enterprise,Academy of Finance and Enterprise,Gilberto Vega,HS,High School,2.74,A,87.5,96.1,44.8,A,17.3,A,9.9,B,7.3,A,A,0.76,0.96,0.92,7.8,6.8,7,7.6
1556,24Q267,24,High School Of Applied Communication,High School of Applied Communication,Daniel Korb,HS,High School,2.21,A,78,85.3,39.9,A,15.2,A,10.4,B,5.6,A,A,0.16,1,0.91,7.8,7.2,7.5,7.8
1557,24Q293,24,Civic Leadership Academy,Civic Leadership Academy,Phuong Nguyen,HS,High School,2.11,A,87.1,95.5,46.3,A,15.5,A,11.5,A,5.6,,,0.48,0.87,0.94,8.3,7,7.4,7.8
1558,24Q296,24,Pan American International High School,Pan American International High School,Marcella Barros,HS,High School,2.07,D,46.4,7.9,26.2,C,2.4,F,10.3,B,5.2,D,,0.48,0.86,0.91,7.4,6.7,7.2,7.3
1559,24Q299,24,Bard High School Early College Ii,Bard High School Early College Queens,Valeri Thomson,HS,High School,3.74,A,74.8,78.6,38.9,A,16,A,10.4,B,0,A,A,0.49,0.74,0.87,8.2,6.6,7.6,8.2
1560,24Q455,24,Newtown High School,Newtown High School,John Ficalora,HS,High School,2.07,B,60.1,37.9,27.7,C,9.8,C,9.9,B,6.8,C,C,0.19,0.65,0.7,7.4,7.1,7.4,7.8
1561,24Q485,24,Grover Cleveland High School,Grover Cleveland High School,Denise Vittor,HS,High School,2.13,B,60,37.8,33,B,7.7,F,10.5,A,3.9,C,B,0.17,0.51,0.2,8.2,7.5,8,8.1
1562,18K922,18,South Shore Educational Complex Yabc,South Shore Educational Complex Yabc,Dawn Harris,YABC,YABC,,B,67,,37,B,9,D,11.2,A,3.7,C,C,0.32,0.41,0.44,8.5,7.9,8.2,8.4
1563,24Q520,24,Middle College High School At Laguardia Community,Middle College High School at LaGuardia Community College,Linda Siegmund,HS,High School,2.33,B,58.3,29.7,23,D,12.9,B,9.8,B,5.9,C,B,0.26,0.97,0.78,7.9,6.8,7.3,7.5
1564,24Q530,24,International High School At Laguardia Community C,International High School at LaGuardia Community College,John Starkey,HS,High School,2.4,A,90.7,97.5,49.5,A,12.2,B,13.3,A,8.7,A,A,0.74,0.94,0.95,8.7,7.5,8.1,8.3
1565,24Q550,24,High School For Arts And Business,High School for Arts and Business,Ana R. Zambrano-Burakov,HS,High School,2.4,A,78.2,85.9,41.5,A,14.5,A,11.2,A,5.6,A,A,0.26,0.9,0.89,8.2,7.3,7.8,8.2
1566,24Q585,24,Maspeth High School,Maspeth High School,Khurshid Abdul-Mutakabbir,HS,High School,2.75,,,,,,,,,,,,,0.43,0.93,0.95,7.7,6.6,6.9,7.6
1567,24Q600,24,Queens Vocational And Technical High School,Queens Vocational and Technical High School,Melissa Burg,HS,High School,2.46,B,67,57.1,31.7,C,13.6,B,10.3,B,5.1,B,A,0.17,0.78,0.89,7.8,7.2,7.7,8
1568,24Q610,24,Aviation Career & Technical Education High School,Aviation Career & Technical Education High School,Deno Charalambous,HS,High School,2.97,A,76.4,82.2,39.5,A,14.9,A,12.1,A,2.9,A,A,0.19,0.95,0.89,8.2,7.4,7.8,8.2
1569,25Q263,25,Flushing International High School,Flushing International High School,Lara Evangelista,HS,High School,2.38,B,65.5,50.6,35,B,6.8,F,12.4,A,7.2,B,B,0.79,1,0.94,8.3,7.5,7.8,8.1
1570,25Q425,25,John Bowne High School,John Bowne High School,Howard Kwait,HS,High School,2.36,C,53.4,19.4,27.9,C,8.7,D,5.9,F,5.9,B,B,0.19,0.65,0.79,7.1,6.7,7,7.3
1571,25Q460,25,Flushing High School,Flushing High School,"Carl D. Hudson, Jr.",HS,High School,2.26,D,45.3,7.1,20.7,F,7.9,F,6.8,D,5.4,D,C,0.17,0.87,0.28,6.9,6.6,7.1,7.3
1572,25Q525,25,Townsend Harris High School,Townsend Harris High School,Kenneth Bonamo,HS,High School,4,A,83.3,93.8,44.2,A,18.3,A,10.7,A,0,A,A,0.3,0.96,0.97,8.3,6.8,7.1,7.8
1573,25Q670,25,Robert F. Kennedy Community High School,Robert F. Kennedy Community High School,Beshir Abdellatif,HS,High School,2.38,B,67.9,60.2,35.4,B,11.8,B,11.6,A,2.1,C,D,0.23,1,0.84,8.1,7.7,8,8.2
1574,26Q415,26,Benjamin N. Cardozo High School,Benjamin N. Cardozo High School,Gerald Martori,HS,High School,2.82,B,62.6,42.9,31,C,12.9,B,7.8,C,2.9,B,B,0.16,0.73,0.81,7.1,6.5,7,7.4
1575,26Q430,26,Francis Lewis High School,Francis Lewis High School,Musa Ali Shama,HS,High School,2.74,A,76.7,83.1,37.3,B,14.7,A,11.9,A,4.2,A,B,0.24,0.58,0.42,8,7.5,8,8.3
1576,26Q435,26,Martin Van Buren High School,Martin Van Buren High School,Marilyn Shevell,HS,High School,2.06,C,47.6,10.1,26.1,C,8.9,D,4,F,3.2,D,C,0.05,0.86,0.59,6.1,6.1,6.4,6.7
1577,26Q495,26,Bayside High School,Bayside High School,Michael Athy,HS,High School,2.83,A,74.9,78.5,37.5,B,14.9,A,9.7,B,4.2,A,B,0.14,0.94,0.2,8.1,7.3,7.8,7.9
1578,26Q566,26,"Queens High School Of Teaching, Liberal Arts And T","Queens High School of Teaching, Liberal Arts and the Sciences",Jae Hyun Cho,HS,High School,2.47,B,65.3,49.9,31.7,C,14.8,A,8.4,C,3.5,B,B,0.25,0.97,0.85,7.2,6.8,7,7.1
1579,27Q260,27,Frederick Douglass Academy Vi High School,Frederick Douglass Academy VI High School,Linda Alfred,HS,High School,2.1,C,47.1,9,16.9,F,11.6,B,4.9,F,6,C,C,0.43,0.81,0.79,6.4,6.1,6.7,6.9
1580,27Q302,27,"Queens High School For Information, Research, And","Queens High School for Information, Research, and Technology",Edward Shepard,HS,High School,1.87,C,54,21.2,26.3,C,15.6,A,3.6,F,3.7,,,0.48,0.85,0.69,6.4,5.7,6,6.6
1581,27Q308,27,Robert H. Goddard High School Of Communication Art,Robert H. Goddard High School of Communication Arts and Technology,Joseph Birgeles,HS,High School,2.38,A,71.9,72.4,37.2,B,15.4,A,10.3,B,4,,,0.64,0.94,0.91,7.7,7.4,7.5,8.1
1582,27Q324,27,Rockaway Park High School For Environmental Sustai,ROCKAWAY PARK HIGH SCHOOL FOR ENVIRONMENTAL SUSTAINABILITY,Matthew Katz,HS,High School,1.85,,,,,,,,,,,,,0.44,1,0.88,7,7.2,7.4,7.7
1583,27Q351,27,Rockaway Collegiate High School,Rockaway Collegiate High School,Robert Young Jr,HS,High School,1.72,,,,,,,,,,,,,0.43,1,0.83,8,7.7,8,8.2
1584,27Q400,27,August Martin High School,August Martin High School,Anthony Cromer,HS,High School,1.67,D,41.7,4,19,F,5.4,F,10.2,B,3.1,D,C,0.17,0.02,0.13,8.1,7.5,7.8,8
1585,27Q410,27,Beach Channel High School,Beach Channel High School,David Morris,HS,High School,1.55,,,,,,,,,,,,F,0.06,0.08,0.47,5.6,5.4,5.8,6.6
1586,27Q475,27,Richmond Hill High School,Richmond Hill High School,Ms. Frances Desanctis,HS,High School,2.1,C,48.2,11.3,27.1,C,7.5,F,5.5,F,3.4,D,C,0.15,0.57,0.6,6.4,6.4,6.7,7
1587,27Q480,27,John Adams High School,John Adams High School,Grace Zwillenberg,HS,High School,2.04,C,47.5,9.6,24.6,D,7,F,6.9,D,4,C,B,0.14,0.91,0.72,7,6.9,7.2,7.5
1588,27Q650,27,"High School For Construction Trades, Engineering A","High School for Construction Trades, Engineering and Architecture",Lakeisha Gordon,HS,High School,3.09,B,65.7,51.7,38.4,B,13.7,B,7.6,C,0.7,A,A,0.3,0.73,0.89,7.5,6.6,7.1,7.5
1589,28Q325,28,Hillside Arts & Letters Academy,HILLSIDE ARTS & LETTERS ACADEMY,Matthew C. Ritter,HS,High School,2.3,,,,,,,,,,,,,0.45,1,0.88,7.6,7.4,7.6,8.2
1590,28Q328,28,High School For Community Leadership,HIGH SCHOOL FOR COMMUNITY LEADERSHIP,Carlos Borrero,HS,High School,2.16,,,,,,,,,,,,,0.25,0.71,0.72,7.7,7.3,7.7,8.1
1591,28Q350,28,Jamaica Gateway To The Sciences,Jamaica Gateway to the Sciences,Caren Birchwood Taylo,HS,High School,2.83,A,71.5,70.7,36.2,B,16.9,A,9.9,B,0.3,,,0.21,0.8,0.93,7.9,6.9,7,7.6
1592,28Q440,28,Forest Hills High School,Forest Hills High School,Saul Gootnick,HS,High School,2.68,A,70.8,68.2,36.8,B,13.7,B,9.2,B,3.9,A,A,0.11,0.81,0.23,7.4,7.1,7.6,7.9
1593,28Q470,28,Jamaica High School,Jamaica High School,Walter Acham,HS,High School,1.7,,,,,,,,,,,,D,0.22,0.58,0.72,7.1,6.2,6.3,6.8
1594,28Q505,28,Hillcrest High School,Hillcrest High School,Stephen Duch,HS,High School,2.32,B,67.4,57.9,34.7,B,9.9,C,11,A,5.7,A,C,0.43,0.84,0.51,8,7.9,8.1,8.4
1595,19K431,19,Thomas Jefferson Yabc,Thomas Jefferson Yabc,Juan Batista,YABC,YABC,,A,86.3,,42.8,A,16.3,A,14.5,A,4.7,A,B,0.12,0.92,0.7,8.9,8.8,9,8.9
1596,28Q620,28,Thomas A. Edison Career And Technical Education Hi,Thomas A. Edison Career and Technical Education High School,Anthony D. Barbetta,HS,High School,2.73,A,71.9,72,35.9,B,15.1,A,10.4,B,2.3,A,A,0.55,0.98,0.92,7.6,7.1,7.5,7.8
1597,28Q686,28,Queens Metropolitan High School,QUEENS METROPOLITAN HIGH SCHOOL,Marci Levy Maguire,HS,High School,2.47,,,,,,,,,,,,,0.19,0.67,0.85,6.3,5.5,5.9,6
1598,28Q687,28,Queens High School For The Sciences At York Colleg,Queens High School for the Sciences at York College,David Marmor,HS,High School,3.83,A,78.8,86.8,42.7,A,16.9,A,9.3,B,0,A,A,0.28,0.92,0.99,7.7,6.8,7,7.6
1599,28Q690,28,High School For Law Enforcement And Public Safety,High School for Law Enforcement and Public Safety,Diahann E. Malcolm,HS,High School,2.1,B,62.6,42.9,31.5,C,13.2,B,10.4,B,2.2,B,B,0.23,0.96,0.85,7.2,6.7,7.1,7.4
1600,29Q248,29,Queens Preparatory Academy,Queens Preparatory Academy,Tashon Haywood,HS,High School,2.2,B,58.8,31.8,32.1,B,10.3,C,7.4,C,4.5,A,A,0.25,0.96,0.85,6.9,6.8,6.8,7.2
1601,29Q265,29,Excelsior Preparatory High School,Excelsior Preparatory High School,Lilly Lucas,HS,High School,2.1,A,75.3,80,36.8,B,14.6,A,8.9,B,7.4,B,A,0.26,0.92,0.76,7,6.9,7.1,7.5
1602,29Q272,29,George Washington Carver High School For The Scien,George Washington Carver High School for the Sciences,Dr. Janice M. Sutton,HS,High School,2.49,C,56.6,25.4,29.6,C,13.5,B,7,C,2,B,A,0.2,0.96,0.92,6.9,6.6,6.8,7.3
1603,29Q326,29,Cambria Heights Academy,CAMBRIA HEIGHTS ACADEMY,Melissa Menake,HS,High School,2.18,,,,,,,,,,,,,0.87,1,0.97,8.5,7.9,8.1,8.5
1604,29Q492,29,"Mathematics, Science Research And Technology Magne","Mathematics, Science Research and Technology Magnet High School",Jose Cruz,HS,High School,2.3,C,57.1,26.8,29.7,C,12.1,B,6.7,D,2.6,C,C,0.76,1,0.87,7.1,6.5,6.9,7.1
1605,29Q494,29,"Law, Government And Community Service High School","Law, Government and Community Service High School",Donna Delfyett White,HS,High School,1.86,D,45.1,6.5,19.2,F,8.7,D,8.1,C,4.1,D,D,0.26,1,0.68,6.9,6.6,7,7.2
1606,29Q496,29,"Business, Computer Applications & Entrepreneurship","Business, Computer Applications & Entrepreneurship High School",Herman Guy,HS,High School,1.56,D,44.5,5.9,17.8,F,8.8,D,8.9,B,2.7,C,D,0.26,1,0.78,7,6.9,6.9,7.4
1607,29Q498,29,Humanities & Arts Magnet High School,Humanities & Arts Magnet High School,Rosemarie Omard,HS,High School,2.11,B,60.9,39.8,30,C,14.5,A,8.8,B,3.5,B,C,0.45,1,0.81,6.9,6.7,6.9,7.4
1608,30Q301,30,Academy For Careers In Television And Film,Academy for Careers in Television and Film,Mark Dunetz,HS,High School,2.37,A,96.6,99.7,47.3,A,19.8,A,13.5,A,6,,,0.66,1,0.97,8.3,8.1,8.3,8.6
1609,30Q445,30,William Cullen Bryant High School,William Cullen Bryant High School,Namita Dwarka,HS,High School,2.27,C,54.8,22.8,28.1,C,9,D,7.2,C,4.5,C,C,0.43,0.93,0.86,7.1,6,6.6,6.8
1610,30Q450,30,Long Island City High School,Long Island City High School,Maria Mamo Vacacela,HS,High School,2.24,C,48.1,11.3,28.2,C,7.3,F,4.2,F,3,C,C,0.09,0.71,0.64,6.5,6.2,6.8,7.1
1611,30Q501,30,Frank Sinatra School Of The Arts High School,Frank Sinatra School of the Arts High School,Donna Finn,HS,High School,3.41,A,71.8,71.8,38.4,B,16.3,A,8.8,B,0.2,B,A,0.34,0.96,0.89,8,7.1,7.4,7.6
1612,30Q502,30,Information Technology High School,Information Technology High School,Nancy Casella,HS,High School,2.25,C,57.3,28,25.6,D,13,B,7.9,C,4.3,B,A,0.29,0.95,0.91,7.2,6.3,6.6,6.9
1613,30Q555,30,Newcomers High School,Newcomers High School,Orlando Sarmiento,HS,High School,2.25,A,79.5,87.6,38.1,B,14.4,A,10.9,A,9.2,A,A,0.51,0.89,0.93,8,6.7,7.1,7.5
1614,30Q575,30,Academy Of American Studies,Academy of American Studies,William Bassell,HS,High School,2.93,A,70.7,68.2,36.4,B,13.3,B,10.1,B,2.2,B,A,0.4,0.9,0.97,7.7,7,7.3,7.8
1615,31R047,31,Csi High School For International Studies,CSI High School for International Studies,Joseph Canale,HS,High School,2.62,A,80.3,89.6,42.5,A,17.5,A,11.4,A,2.4,A,A,0.7,0.97,0.98,7.8,7.2,7.2,7.7
1616,31R064,31,Gaynor Mccown Expeditionary Learning School,Gaynor McCown Expeditionary Learning School,Traci Frey,HS,High School,2.15,A,74,76.1,39.3,A,16.4,A,9.9,B,4.5,,,0.53,0.83,0.96,7.1,6.7,6.8,7.1
1617,31R440,31,New Dorp High School,New Dorp High School,Ms. Deirdre Deangelis,HS,High School,2.1,B,67.7,59.3,31.4,C,13.5,B,10.1,B,4.6,A,A,0.5,0.97,0.79,6.9,7.1,7.3,7.6
1618,31R445,31,Port Richmond High School,Port Richmond High School,Timothy M. Gannon,HS,High School,1.84,B,59,32.2,27.6,C,9.8,C,9.2,B,4.6,C,B,0.22,0.76,0.77,7.1,6.9,7.2,7.5
1619,31R450,31,Curtis High School,Curtis High School,Aurelia Curtis,HS,High School,2.05,B,67.7,59.6,31.7,C,13.6,B,8.3,C,5.6,B,B,0.61,0.94,0.81,6.7,6.7,7.3,7.6
1620,31R455,31,Tottenville High School,Tottenville High School,John P. Tuminaro,HS,High School,2.65,B,65.3,49.7,31.5,C,13.9,B,10,B,2.2,B,B,0.25,0.89,0.84,7.5,7.2,7.7,7.8
1621,31R460,31,Susan E. Wagner High School,Susan E. Wagner High School,Mr. Gary M. Giordano,HS,High School,2.25,A,77.9,85.1,39.9,A,14.2,A,10.2,B,4.2,A,A,0.57,0.97,0.85,7.2,7.2,7.5,7.7
1622,31R600,31,Ralph R. Mckee Career And Technical Education High,Ralph R. McKee Career and Technical Education High School,Sharon Alicia Henry,HS,High School,1.67,B,68.7,62.8,32.8,B,13,B,8,C,6.6,B,A,0.32,0.96,0.86,7.1,6.7,7,7.4
1623,31R605,31,Staten Island Technical High School,Staten Island Technical High School,Vincent Maniscalco,HS,High School,3.88,A,87.1,95.5,45.6,A,18.2,A,13.7,A,0,A,A,0.92,0.98,0.99,8.6,7.9,8.3,8.7
1624,32K168,32,The Brooklyn School For Math And Research,The Brooklyn School for Math and Research,Perry Rainey,HS,High School,2.41,,,,,,,,,,,,,0.75,1,0.95,8,7.4,7.8,8.2
1625,32K403,32,Academy For Environmental Leadership,Academy for Environmental Leadership,Nilda Gomez-Katz,HS,High School,1.62,A,80.2,89.3,45.4,A,13.5,B,8,C,7.7,A,A,0.47,0.92,0.92,7.3,6.7,7.2,7.6
1626,32K545,32,Ebc High School For Public Service–Bushwick,EBC High School for Public Service - Bushwick,Shawn Brown,HS,High School,2.09,B,69.3,64.2,40.2,A,9.5,C,10.3,B,3.8,F,C,0.53,0.86,0.8,7.9,7.3,7.5,7.9
1627,32K549,32,Bushwick School For Social Justice,Bushwick School for Social Justice,Mark Rush,HS,High School,1.71,B,58.3,30.7,26.1,C,12.6,B,10.3,B,5.1,A,A,0.43,0.83,0.73,7.4,7.5,7.6,8
1628,32K552,32,Academy Of Urban Planning,Academy of Urban Planning,Rodney Orji,HS,High School,1.4,C,50.4,14.4,23.6,D,11.6,B,4.9,F,6.5,B,B,0.28,0.51,0.53,6.7,6,6.4,6.8
1629,32K556,32,Bushwick Leaders High School For Academic Excellen,Bushwick Leaders High School for Academic Excellence,Catherine Reilly,HS,High School,1.7,C,48.4,11.9,28.2,C,4.6,F,7.8,C,4.6,C,B,0.33,0.69,0.74,7,6.6,7,7.3
1630,84K473,84,Williamsburg Charter High School,Williamsburg Charter High School,Marsha Spampinato,HS,High School,2.22,B,66.5,55.4,33.8,B,13.4,B,9.9,B,4.4,C,D,0.33,0.98,0.89,7.7,6.5,7.2,7.5
1631,84K693,84,Believe Northside Charter High School,Believe Northside Charter High School,Reshma Baig,HS,High School,2.14,,,,,,,,,,,,,0.24,1,0.97,7.9,7.6,7.8,8.2
1632,84K694,84,Believe Southside Charter High School,Believe Southside Charter High School,Shannon Browne,HS,High School,1.74,,,,,,,,,,,,,0.06,0.26,0.39,6.3,6.5,6.2,7
1633,84K888,84,Achievement First Charter High School,Achievement First HS,,HS,High School,2.86,,,,,,,,,,,,,0.27,0.56,0.89,8.5,7.6,7.6,8.6
1634,84K999,84,Uncommon Charter High School,Uncommon Charter HS,,HS,High School,3.38,,,,,,,,,,,,,0.55,1,0.99,8.9,8.1,8.2,9
1635,84M433,84,The Renaissance Charter High School For Innovation,The Renaissance Charter High School for Innovation,Nicholas Tishuk,HS,High School,1.2,,,,,,,,,,,,,0.42,0.95,0.82,7.1,6.8,7,7.2
1636,84M522,84,Broome Street Academy Charter High School,Broome Street Academy Charter High School,Jeremy Kaplan,HS,High School,0.61,,,,,,,,,,,,,0.16,0.8,0.49,6.9,6.8,7.2,7
1637,84M888,84,Harlem Village Academy High School,Harlem Village Academy HS,,HS,High School,3.21,C,53.9,20.9,25.9,C,8.9,D,11.7,A,0,,,0.78,0.53,0.92,8.2,7.3,7.6,8.4
1638,84M999,84,KIPP College Prep NYC,KIPP NYC College Prep,,HS,High School,2.8,,,,,,,,,,,,,0.58,0.79,0.94,7.8,7.2,7.5,8.1
1639,84X347,84,International Leadership Charter School,International Leadership Charter School,Elaine Ruiz Lopez,HS,High School,2.54,A,92.7,98.6,52.4,A,15.1,A,10.1,B,8.1,A,C,0.26,0.81,0.84,7.7,6.7,6.8,7.5
1640,84X393,84,Green Dot New York Charter School,Green Dot NY Charter School,Ashish Kapadia,HS,High School,2.41,A,91.2,98,47.9,A,19.3,A,11.6,A,7.7,,,0.56,0.97,0.95,7.9,7.3,7.5,8
1641,84X395,84,"Nyc Charter High School For Architecture, Engineer","NYC CHARTER HIGH SCHOOL FOR ARCHITECTURE, ENGINEERING AND CONSTRUCTION INDUSTRIES",Eugene Foley,HS,High School,2.16,B,59.5,34.4,36.3,B,10.1,C,8.1,C,3.8,,,0.56,0.94,0.96,7.3,6.1,6.4,6.9
1642,84X539,84,The New Visions Charter High School For Advanced M,The New Visions Charter High School for Advanced Math and Science,Julia Chun,HS,High School,2.28,,,,,,,,,,,,,0.57,0.42,0.78,7.2,7.4,7.2,7.7
1643,84X553,84,The New Visions Charter High School For The Humani,The New Visions Charter High School for the Humanities,Seth Ari Lewis Levin,HS,High School,1.98,,,,,,,,,,,,,0.63,1,0.76,7.1,7.1,7.2,7.6
1644,01M458,1,Forsyth Satellite Academy,Forsyth Satellite Academy,Ingrid Roberts Haynes,HST,Transfer High School,1.41,C,53.1,,25,D,4.9,F,11.2,A,6.5,,,0.17,1,0.71,8.2,8,8,8.4
1645,01M515,1,Lower East Side Preparatory High School,Lower East Side Preparatory High School,Martha Polin,HST,Transfer High School,1.64,A,76.8,,33.8,B,17.9,A,4.9,F,10.1,A,A,0.76,1,0.95,7.9,6.6,7.1,7.3
1646,01M650,1,Cascades High School,Cascades High School,Paul Rotondo,HST,Transfer High School,1.82,A,73.1,,36.5,B,15.2,A,9.7,B,5.7,A,A,0.29,0.85,0.68,7.9,7.4,8,8.4
1647,02M313,2,"James Baldwin School, The: A School For Expedition","James Baldwin School, The: A School for Expeditionary Learning",Samantha Pugh,HST,Transfer High School,1.95,C,54.8,,23.9,D,12.9,B,7.1,C,5.9,C,D,0.16,1,0.54,7.9,6.8,7.7,7.8
1648,02M394,2,Emma Lazarus High School,EMMA LAZARUS HIGH SCHOOL,Melody Kellogg,HST,Transfer High School,2.03,,,,,,,,,,,,,0.95,0.88,0.94,9.4,8.2,8.7,9.1
1649,02M432,2,Murray Hill Academy,MURRAY HILL ACADEMY,Anita Manninen Felix,HST,Transfer High School,1.68,,,,,,,,,,,,,0.71,1,0.95,8,7.6,7.8,8.1
1650,02M544,2,Independence High School,Independence High School,Ron Smolkin,HST,Transfer High School,1.37,C,49.2,,22.8,D,8.2,D,6.9,C,6.1,C,C,0.19,0.68,0.34,8.1,6.8,7.6,7.5
1651,02M550,2,Liberty High School Academy For Newcomers,Liberty High School Academy for Newcomers,Melodee Khristan,HST,Transfer High School,1.57,A,75.9,,37.4,A,14.3,A,4.2,F,11.5,A,A,0.76,0.87,0.93,7.9,6.2,6.9,7.4
1652,02M560,2,High School M560 - City As School,High School M560 - City As School,Alan Cheng,HST,Transfer High School,1.93,C,52.7,,15.4,F,12.8,B,9,B,8,C,B,0.04,0.73,0.29,8.3,7.1,7.8,8
1653,02M565,2,Urban Academy Laboratory High School,Urban Academy Laboratory High School,Herb Mack,HST,Transfer High School,2.54,A,73.7,,32.6,B,12.9,B,14.7,A,4.5,B,A,0.11,0.88,0.48,9,8.3,8.8,9.3
1654,02M570,2,Satellite Academy High School,Satellite Academy High School,Steven Zbaida,HST,Transfer High School,1.17,A,91.9,,49.1,A,15.2,A,13.2,A,9.7,A,F,0.33,0.93,0.7,8.7,8,8.5,8.7
1655,02M575,2,Manhattan Comprehensive Night And Day High School,Manhattan Comprehensive Night and Day High School,Michael Toise,HST,Transfer High School,1.53,A,79.3,,34.4,B,13.6,A,10.4,A,12.3,B,A,0.35,0.81,0.73,8.6,7.4,8,8.2
1656,02M586,2,Harvey Milk High School,Harvey Milk High School,Daphne Perrini,HST,Transfer High School,1.33,B,57.9,,33.8,B,7.7,D,5.3,F,5.4,C,A,0.37,1,0.81,7.4,7.2,7,7.4
1657,02M605,2,Humanities Preparatory Academy,Humanities Preparatory Academy,Julie Conason,HST,Transfer High School,2.67,B,65.3,,32.7,B,17.7,A,4.9,F,1.2,B,B,0.25,1,0.89,7.7,6.4,7.2,7.5
1658,03M404,3,Innovation Diploma Plus,INNOVATION DIPLOMA PLUS,Casey Jones,HST,Transfer High School,1.39,C,46.5,,19.9,F,9.1,D,6.7,D,8.9,,,0.44,0.6,0.56,7.7,7.1,7.3,7.7
1659,03M505,3,Edward A. Reynolds West Side High School,Edward A. Reynolds West Side High School,Jean Mctavish,HST,Transfer High School,0.96,C,53.1,,19.9,F,11.6,B,6.5,D,7.4,C,B,0.14,0.93,0.29,7.9,6.7,7.5,7.7
1660,05M285,5,Harlem Renaissance High School,Harlem Renaissance High School,Nadav Zeimer,HST,Transfer High School,1.08,A,68.2,,37.7,A,10.1,C,7.3,C,8.6,B,C,0.24,1,0.74,7.8,7.1,7.6,7.8
1661,06M423,6,High School For Excellence And Innovation,High School for Excellence and Innovation,Tyona Washington,HST,Transfer High School,0.33,,,,,,,,,,,,,0.64,1,0.79,7.9,7.3,7.7,7.8
1662,07X321,7,Crotona Academy High School,Crotona Academy High School,Anthony W. Harris,HST,Transfer High School,1.68,B,62,,32.3,B,8.5,D,14.2,A,4.3,C,D,0.5,0.75,0.86,8.6,8.4,8.8,9
1663,07X379,7,Jill Chaifetz Transfer High School,Jill Chaifetz Transfer High School,Anne Fennelly,HST,Transfer High School,1.2,C,52.1,,21.6,D,10,C,10.7,A,6.1,C,B,0.22,1,0.73,8.4,7.6,8,8.4
1664,07X381,7,Bronx Haven High School,Bronx Haven High School,Lucinda Mendez,HST,Transfer High School,1.2,C,46.3,,21.5,D,8.1,D,7.1,C,5.8,C,B,0.32,1,0.76,7.8,6.8,7.7,7.9
1665,08X377,8,Bronx Community High School,Bronx Community High School,Flora Greenaway,HST,Transfer High School,1.42,C,53.4,,25.7,C,6,F,12,A,6.6,B,C,0.43,0.88,0.75,8.1,8.1,8.3,8.6
1666,08X537,8,Bronx Arena High School,Bronx Arena High School,Ty Cesene,HST,Transfer High School,1.27,,,,,,,,,,,,,0.19,0.88,0.65,8.2,7.4,8,8.3
1667,08X560,8,Bronx Academy High School,Bronx Academy High School,Gary Eisinger,HST,Transfer High School,1.44,,,,,,,,,,,,F,0.07,1,0.72,8.6,7.9,8.4,8.7
1668,10X319,10,Providing Urban Learners Success In Education High,Providing Urban Learners Success In Education High School,Carol Wiggins,HST,Transfer High School,1.05,B,61.9,,35,B,8.2,D,9.4,B,4.2,,,0.01,0.79,0.68,8.3,7,7.8,8.2
1669,12X446,12,Arturo A. Schomburg Satellite Academy Bronx,Arturo A. Schomburg Satellite Academy Bronx,Marsha Vernon,HST,Transfer High School,1.19,B,57.4,,28.6,C,9,D,8.3,C,7.4,,,0.79,1,0.76,8.1,7.4,7.6,7.9
1670,12X480,12,Bronx Regional High School,Bronx Regional High School,Colin Thomas,HST,Transfer High School,1.56,F,27.3,,10.4,F,3.9,F,4.4,F,5.1,C,B,0.13,0.67,0.46,7.6,6.6,7,7.4
1671,13K553,13,Brooklyn Academy High School,Brooklyn Academy High School,Elaine Lindsey,HST,Transfer High School,1.3,A,77,,36.4,B,13.3,B,7.9,C,10.2,A,A,0.34,0.69,0.97,8.5,6.8,7.4,7.7
1672,13K575,13,Bedford Stuyvesant Preparatory High School,Bedford Stuyvesant Preparatory High School,Darryl Rascoe,HST,Transfer High School,1.79,C,51.3,,27.4,C,6.5,F,7.7,C,2.5,C,B,0.26,0.92,0.52,8.2,7.1,7.6,7.7
1673,13K616,13,Brooklyn High School For Leadership And Community,Brooklyn High School for Leadership and Community Service,Georgia Kouriampalis,HST,Transfer High School,1.22,B,58.7,,29.1,C,6.8,F,9.6,B,7,B,C,0.21,1,0.65,7.8,7.4,8.1,8.4
1674,15K423,15,Brooklyn Frontiers High School,Brooklyn Frontiers High School,Alona Cohen,HST,High School,0.29,,,,,,,,,,,,,0.27,1,0.89,8,7.3,7.6,8.2
1675,15K520,15,Pacific High School,Pacific High School,Laurie Harriton,HST,Transfer High School,1.1,,,,,,,,,,,,C,0.07,0.8,0.63,8.2,6.5,8.1,8
1676,15K529,15,West Brooklyn Community High School,West Brooklyn Community High School,Gloria Rosario,HST,Transfer High School,1.37,A,80.1,,38.6,A,14.6,A,13.2,A,9.7,A,A,0.83,1,0.84,8.7,8.1,8.4,8.6
1677,15K698,15,South Brooklyn Community High School,South Brooklyn Community High School,Jean Foley,HST,Transfer High School,1.53,C,53.8,,25.4,C,9.6,C,9,B,5.9,B,C,0.1,0.91,0.64,8.3,7.3,7.7,8
1678,17K489,17,W.E.B. Dubois Academic High School,W.E.B. Dubois Academic High School,Catherine Hartnett,HST,Transfer High School,1.22,C,46.5,,25.3,C,6.8,F,3.4,F,4.7,D,C,0.25,0.83,0.76,7.2,6.6,6.9,7.3
1679,17K568,17,Brownsville Academy High School,Brownsville Academy High School,Lashawn Robinson,HST,Transfer High School,1.43,A,85.9,,47,A,10.8,C,13.3,A,7.8,A,B,0.47,0.87,0.62,8.6,8.3,8.4,8.7
1680,18K578,18,Brooklyn Bridge Academy,Brooklyn Bridge Academy,Max Jean Paul,HST,Transfer High School,1.15,B,66.3,,37.9,A,11.3,B,7.6,C,5.4,C,C,0.87,0.88,0.77,7.8,7.2,7.5,7.9
1681,18K635,18,Olympus Academy,Olympus Academy,Seth Schoenfeld,HST,Transfer High School,1.22,C,54.2,,23.1,D,12.8,B,7.5,C,6.5,C,,0.02,1,0.57,7.8,6.1,7.3,7.9
1682,18K673,18,East Brooklyn Community High School,EAST BROOKLYN COMMUNITY HIGH SCHOOL,Patrick Mcgillicuddy,HST,Transfer High School,1.24,B,60.9,,30.3,C,11.1,C,9.8,B,6.1,B,,0.29,0.94,0.73,8,7.4,8,8.3
1683,21K728,21,Liberation Diploma Plus,Liberation Diploma Plus,April Leong,HST,Transfer High School,1.48,B,67.7,,30.2,C,18.1,A,6.3,D,9,A,A,0.69,0.91,0.94,7.7,7.1,7.5,7.5
1684,23K643,23,Brooklyn Democracy Academy,Brooklyn Democracy Academy,Thomas Mckenna,HST,Transfer High School,0.96,B,66.9,,33.8,B,15.1,A,6.3,D,8.1,A,A,0.02,0.87,0.26,6.9,6.2,7.3,7.3
1685,23K646,23,Aspirations Diploma Plus High School,Aspirations Diploma Plus High School,Shermila Bharat,HST,Transfer High School,1.22,D,40.7,,21.1,D,5,F,7.6,C,4.8,D,F,0.23,0.94,0.45,7.8,7.1,7.6,8
1686,23K647,23,Metropolitan Diploma Plus High School,Metropolitan Diploma Plus High School,Meri Yallowitz,HST,Transfer High School,1.35,A,87.3,,38.4,A,14.7,A,12.3,A,11.9,A,C,0.35,1,0.83,8.5,7.7,8.4,8.6
1687,24Q744,24,Voyages Preparatory,VOYAGES Preparatory,Joan Klingsberg,HST,Transfer High School,1.31,A,88,,42,A,14,A,15,A,10,B,B,0.86,1,0.95,9.2,8.5,9,9.2
1688,25Q540,25,Queens Academy High School,Queens Academy High School,Beverly Short,HST,Transfer High School,1.51,B,67,,33.3,B,12,B,4.4,F,9.4,C,C,0.26,0.78,0.62,7.5,6.6,7.1,7.4
1689,25Q792,25,North Queens Community High School,North Queens Community High School,Winston Mccarthy,HST,Transfer High School,1.15,B,67,,28.6,C,16.8,A,7.9,C,9.6,B,B,0.49,1,0.73,7.6,7.4,7.6,8
1690,28Q338,28,Queens Satellite High School For Opportunity,Queens Satellite High School for Opportunity,Mark Melkonian,HST,Transfer High School,1.26,D,39.1,,24.4,D,5.3,F,2,F,4.5,,,0.03,1,0.5,7.1,6.3,6.7,7
1691,31R470,31,Concord High School,Concord High School,Ron Gorsky,HST,Transfer High School,1.1,A,74.1,,40.1,A,10.4,C,11,A,5.9,A,A,0.42,0.92,0.65,8.7,7.4,8,8.4
1692,32K564,32,Bushwick Community High School,Bushwick Community High School,Tira Randall,HST,Transfer High School,1.03,C,51.7,,29.7,C,2.5,F,11.2,A,4.4,C,B,0.4,0.96,0.64,8.7,7.4,8.2,8.2
1693,02M473,2,Washington Irving Yabc,Washington Irving Yabc,Roger Bradley,YABC,YABC,,B,58.4,,27.4,C,8.9,D,9.2,B,3.7,B,B,0.01,0.69,0.41,8.2,7.2,8,8.3
1694,06M457,6,George Washington Yabc,George Washington Yabc,Samuel Akel,YABC,YABC,,A,86.3,,46.1,A,16.7,A,10.9,B,5.2,A,A,0.07,0.61,0.46,8.3,7.9,8.2,8.4
1695,07X456,7,Alfred E. Smith Campus Yabc,Alfred E. Smith Campus YABC,David Martin,YABC,YABC,,B,68.3,,35.5,B,13.5,B,9.3,B,5,A,A,0.3,0.5,0.43,8.2,7.5,7.9,8.2
1696,08X408,8,Herbert H. Lehman Yabc,Herbert H. Lehman Yabc,Martin Smallhorne,YABC,YABC,,B,71.1,,33.4,B,13.9,B,11.6,A,3.8,A,A,0.43,1,0.67,8.6,7.9,8.4,8.4
1697,08X507,8,Stevenson Yabc,Stevenson Yabc,Gladys De La Cruz,YABC,YABC,,C,46.9,,22.9,D,2.3,F,13.5,A,4.1,D,F,0.39,0.8,0.82,8.9,8,8.6,8.9
1698,10X503,10,Walton Yabc,Walton Yabc,Keesha Lindsay,YABC,YABC,,B,64.1,,39.8,B,6.2,F,10.7,B,3.2,C,B,0.14,0.88,0.8,8.5,7.8,8.1,8.3
1699,10X504,10,Kennedy Yabc,Kennedy Yabc,Frank Parrino,YABC,YABC,,C,50.6,,32.3,B,4.7,F,5.8,D,3.6,D,B,0.05,0.52,0.9,7.6,7,7.3,7.7
1700,10X667,10,Grace Dodge Yabc,Grace Dodge Yabc,Patricia Squire,YABC,YABC,,B,54.1,,33.3,B,1.3,F,10.4,B,3.5,D,D,0.1,0.88,0.7,8.3,7.6,8.2,8.4
1701,11X417,11,C Columbus Hs Yabc,C Columbus Hs Yabc,Ruth Colton,YABC,YABC,,B,53.6,,22.7,D,9.4,C,11.3,A,5.2,B,B,0.74,0.95,0.78,8.3,7.9,8.4,8.5
1702,12X428,12,Learning To Work Yabc At Monroe Academy,Learning To Work Yabc At Monroe Academy,Carmel Belizaire,YABC,YABC,,B,59.5,,26.5,C,9.7,C,12.1,A,6.4,B,C,0.21,0.9,0.41,8.7,8,8.4,8.5
1703,13K657,13,Downtown Brooklyn Yabc,Downtown Brooklyn Yabc,Michael Noto,YABC,YABC,,B,55.9,,26.2,C,8.5,D,10.9,B,3,D,A,0.07,0.89,0.66,8.3,7.7,8.3,8.5
1704,14K923,14,Automotive High School Yabc,Automotive High School Yabc,David Decamp,YABC,YABC,,B,67.3,,39.3,B,9.9,C,9.8,B,3.8,B,B,0.08,1,0.93,8.3,7.4,8.1,8.3
1705,17K467,17,Erasmus Yabc,Erasmus Yabc,Angela Pugh Roberson,YABC,YABC,,B,62.5,,32.8,B,8.9,D,9.5,B,2.9,C,B,0.78,0.95,0.91,8.3,7.4,8,8.2
1706,19K501,19,Franklin K. Lane Campus Yabc,Franklin K. Lane Campus YABC,Rosalie Marks,YABC,YABC,,A,76.3,,40.1,B,14.8,B,6.3,D,6.8,A,A,0.82,0.95,0.88,7.9,7.1,7.3,7.6
1707,20K658,20,Franklin Delano Roosevelt Yabc,Franklin Delano Roosevelt YABC,Vincent Asaro,YABC,YABC,,B,56,,20.7,D,9.4,C,9.2,B,6.6,B,A,0.13,0.33,0.39,8.3,7.4,7.8,8.2
1708,21K411,21,Abraham Lincoln Yabc,Abraham Lincoln Yabc,Neal Reich,YABC,YABC,,B,68.5,,32.9,B,9.9,C,11.2,A,4.5,B,B,0.17,1,0.28,8.6,7.9,8.2,8.3
1709,24Q457,24,Hs Arts & Business Yabc,HS Arts & Business Yabc,Jimmy Liu,YABC,YABC,,A,78.6,,37.8,B,13.7,B,11.9,A,5.8,B,D,0.27,0.61,0.54,8.7,7.7,8.4,8.6
1710,25Q467,25,Flushing Yabc,Flushing Yabc,Siu Hei Szeto,YABC,YABC,,A,83.8,,40.7,B,17.8,A,8.5,B,6.8,A,A,0.03,0.93,0.64,7.7,7.4,7.9,8.3
1711,27Q487,27,John Adams Yabc,John Adams Yabc,Edita Volovodovskaya,YABC,YABC,,A,82.4,,40.3,B,14.7,B,14.7,A,5.4,A,A,0.35,1,0.79,9,8.5,8.8,9.1
1712,31R607,31,Staten Island Yabc,Staten Island Yabc,Joann Calabro,YABC,YABC,,B,70.6,,32.5,B,15,A,9.1,B,4.5,B,C,0.11,1,0.95,8.2,7.4,8,8.1
